ISO-10303-21;
HEADER;
FILE_DESCRIPTION (( 'STEP AP214' ),
    '1' );
FILE_NAME ('User Library-1x4 TH Pitch 2_54mm.STEP',
    '2026-04-23T05:16:54',
    ( '' ),
    ( '' ),
    'SwSTEP 2.0',
    'SolidWorks 2022',
    '' );
FILE_SCHEMA (( 'AUTOMOTIVE_DESIGN' ));
ENDSEC;

DATA;
#1 = EDGE_LOOP ( 'NONE', ( #1196, #3323, #2413, #438 ) ) ;
#2 = CARTESIAN_POINT ( 'NONE',  ( 2.889999999999997460, 1.199999999999999956, -1.269999999999999796 ) ) ;
#3 =( GEOMETRIC_REPRESENTATION_CONTEXT ( 3 ) GLOBAL_UNCERTAINTY_ASSIGNED_CONTEXT ( ( #3820 ) ) GLOBAL_UNIT_ASSIGNED_CONTEXT ( ( #3735, #4159, #3581 ) ) REPRESENTATION_CONTEXT ( 'NONE', 'WORKASPACE' ) );
#4 = PLANE ( 'NONE',  #4674 ) ;
#5 = FACE_OUTER_BOUND ( 'NONE', #4878, .T. ) ;
#6 = PRESENTATION_STYLE_ASSIGNMENT (( #452 ) ) ;
#7 = MECHANICAL_DESIGN_GEOMETRIC_PRESENTATION_REPRESENTATION (  '', ( #3009 ), #394 ) ;
#8 = SURFACE_SIDE_STYLE ('',( #1039 ) ) ;
#9 = CARTESIAN_POINT ( 'NONE',  ( 0.4900000000000017120, 1.399999999999999689, -1.069999999999999840 ) ) ;
#10 =( BOUNDED_CURVE ( )  B_SPLINE_CURVE ( 3, ( #226, #2055, #584, #937 ),
 .UNSPECIFIED., .F., .T. ) 
 B_SPLINE_CURVE_WITH_KNOTS ( ( 4, 4 ),
 ( 4.979981375522489984, 6.283185307179586232 ),
 .UNSPECIFIED. ) 
 CURVE ( )  GEOMETRIC_REPRESENTATION_ITEM ( )  RATIONAL_B_SPLINE_CURVE ( ( 1.000000000000000000, 0.8634088596862034004, 0.8634088596862034004, 1.000000000000000000 ) ) 
 REPRESENTATION_ITEM ( '' )  );
#11 = VECTOR ( 'NONE', #2871, 1000.000000000000000 ) ;
#12 = DIRECTION ( 'NONE',  ( 0.0000000000000000000, -1.000000000000000000, 0.0000000000000000000 ) ) ;
#13 = CARTESIAN_POINT ( 'NONE',  ( 5.080000000000000071, 1.399999999999999689, 1.070000000000000284 ) ) ;
#14 = VERTEX_POINT ( 'NONE', #4782 ) ;
#15 = CARTESIAN_POINT ( 'NONE',  ( 0.1349999999999993983, 5.421010862427522170E-17, -0.3350000000000001310 ) ) ;
#16 = STYLED_ITEM ( 'NONE', ( #3265 ), #2518 ) ;
#17 = ORIENTED_EDGE ( 'NONE', *, *, #66, .F. ) ;
#18 = DIRECTION ( 'NONE',  ( 0.7071067811865512365, -0.7071067811865439090, 0.0000000000000000000 ) ) ;
#19 = LINE ( 'NONE', #2293, #376 ) ;
#20 = ADVANCED_FACE ( 'NONE', ( #880 ), #1355, .T. ) ;
#21 = MECHANICAL_DESIGN_GEOMETRIC_PRESENTATION_REPRESENTATION (  '', ( #3669 ), #969 ) ;
#22 = FACE_OUTER_BOUND ( 'NONE', #96, .T. ) ;
#23 = EDGE_LOOP ( 'NONE', ( #1500, #3880, #2156, #1595, #1408, #1316 ) ) ;
#24 = FILL_AREA_STYLE ('',( #3050 ) ) ;
#25 = ITEM_DEFINED_TRANSFORMATION ( 'NONE', 'NONE', #3786,  #3700 ) ;
#26 = STYLED_ITEM ( 'NONE', ( #3465 ), #3088 ) ;
#27 = CARTESIAN_POINT ( 'NONE',  ( 2.539999999999999147, 0.9099999999999995870, -1.270000000000000240 ) ) ;
#28 = EDGE_CURVE ( 'NONE', #166, #4113, #4438, .T. ) ;
#29 = CARTESIAN_POINT ( 'NONE',  ( 2.049999999999999822, -1.399999999999999911, 0.7700000000000000178 ) ) ;
#30 = CARTESIAN_POINT ( 'NONE',  ( 0.0000000000000000000, 0.0000000000000000000, -0.1349999999999995925 ) ) ;
#31 = SURFACE_STYLE_FILL_AREA ( #2677 ) ;
#32 = ORIENTED_EDGE ( 'NONE', *, *, #3394, .T. ) ;
#33 = VERTEX_POINT ( 'NONE', #2595 ) ;
#34 = EDGE_CURVE ( 'NONE', #3840, #583, #1047, .T. ) ;
#35 = CARTESIAN_POINT ( 'NONE',  ( 0.1350000000000003142, 12.69999999999999929, -3.276879700422614743E-17 ) ) ;
#36 = DIRECTION ( 'NONE',  ( 1.000000000000000000, 0.0000000000000000000, -0.0000000000000000000 ) ) ;
#37 = DIRECTION ( 'NONE',  ( 0.5773502691896251759, -0.5773502691896235106, -0.5773502691896286176 ) ) ;
#38 = COLOUR_RGB ( '',0.1019607843137254888, 0.1019607843137254888, 0.1019607843137254888 ) ;
#39 = FACE_OUTER_BOUND ( 'NONE', #3560, .T. ) ;
#40 = UNCERTAINTY_MEASURE_WITH_UNIT (LENGTH_MEASURE( 1.000000000000000082E-05 ), #2509, 'distance_accuracy_value', 'NONE');
#41 = DIRECTION ( 'NONE',  ( 0.0000000000000000000, -0.0000000000000000000, 1.000000000000000000 ) ) ;
#42 =( LENGTH_UNIT ( ) NAMED_UNIT ( * ) SI_UNIT ( .MILLI., .METRE. ) );
#43 = AXIS2_PLACEMENT_3D ( 'NONE', #2093, #977, #642 ) ;
#44 = ORIENTED_EDGE ( 'NONE', *, *, #4135, .F. ) ;
#45 =( NAMED_UNIT ( * ) SI_UNIT ( $, .STERADIAN. ) SOLID_ANGLE_UNIT ( ) );
#46 = ORIENTED_EDGE ( 'NONE', *, *, #2695, .T. ) ;
#47 = AXIS2_PLACEMENT_3D ( 'NONE', #4444, #4046, #1016 ) ;
#48 = DIRECTION ( 'NONE',  ( 1.000000000000000000, 0.0000000000000000000, -0.0000000000000000000 ) ) ;
#49 = PRESENTATION_STYLE_ASSIGNMENT (( #3076 ) ) ;
#50 = FILL_AREA_STYLE ('',( #2990 ) ) ;
#51 = VECTOR ( 'NONE', #855, 1000.000000000000000 ) ;
#52 = EDGE_LOOP ( 'NONE', ( #1558, #4556, #4179, #2059, #4386 ) ) ;
#53 = DIRECTION ( 'NONE',  ( 0.7071067811865459074, 0.0000000000000000000, 0.7071067811865491270 ) ) ;
#54 = PRESENTATION_LAYER_ASSIGNMENT (  '', '', ( #1789 ) ) ;
#55 = VECTOR ( 'NONE', #823, 1000.000000000000000 ) ;
#56 = DIRECTION ( 'NONE',  ( -0.0000000000000000000, 0.0000000000000000000, -1.000000000000000000 ) ) ;
#57 = SURFACE_STYLE_FILL_AREA ( #4690 ) ;
#58 = SURFACE_STYLE_FILL_AREA ( #4268 ) ;
#59 = EDGE_CURVE ( 'NONE', #2558, #3942, #2219, .T. ) ;
#60 = ORIENTED_EDGE ( 'NONE', *, *, #1786, .T. ) ;
#61 = CARTESIAN_POINT ( 'NONE',  ( 2.197117942725554940, 1.252882057274444572, -1.262882057274445025 ) ) ;
#62 = SURFACE_SIDE_STYLE ('',( #3032 ) ) ;
#63 = DIRECTION ( 'NONE',  ( 0.7071067811865463515, -0.7071067811865487940, 0.0000000000000000000 ) ) ;
#64 = DIRECTION ( 'NONE',  ( -0.5773502691896252870, -0.5773502691896237327, -0.5773502691896280625 ) ) ;
#65 = SURFACE_STYLE_USAGE ( .BOTH. , #2035 ) ;
#66 = EDGE_CURVE ( 'NONE', #4259, #3102, #1206, .T. ) ;
#67 =( LENGTH_UNIT ( ) NAMED_UNIT ( * ) SI_UNIT ( .MILLI., .METRE. ) );
#68 = PRESENTATION_STYLE_ASSIGNMENT (( #2285 ) ) ;
#69 = ORIENTED_EDGE ( 'NONE', *, *, #1127, .T. ) ;
#70 = DIRECTION ( 'NONE',  ( 0.0000000000000000000, 0.0000000000000000000, 1.000000000000000000 ) ) ;
#71 = CARTESIAN_POINT ( 'NONE',  ( 5.080000000000000071, -1.400000000000000133, 0.7700000000000000178 ) ) ;
#72 = VERTEX_POINT ( 'NONE', #1848 ) ;
#73 = PLANE ( 'NONE',  #2369 ) ;
#74 =( LENGTH_UNIT ( ) NAMED_UNIT ( * ) SI_UNIT ( .MILLI., .METRE. ) );
#75 = LINE ( 'NONE', #2402, #3989 ) ;
#76 = STYLED_ITEM ( 'NONE', ( #49 ), #122 ) ;
#77 = ORIENTED_EDGE ( 'NONE', *, *, #2823, .F. ) ;
#78 = CARTESIAN_POINT ( 'NONE',  ( 0.9550000000000000711, 1.399999999999999689, -0.3150000000000001688 ) ) ;
#79 = PRODUCT_CONTEXT ( 'NONE', #660, 'mechanical' ) ;
#80 = MECHANICAL_DESIGN_GEOMETRIC_PRESENTATION_REPRESENTATION (  '', ( #4374 ), #461 ) ;
#81 = CARTESIAN_POINT ( 'NONE',  ( -3.030000000000000693, -1.400000000000000133, 1.269999999999999574 ) ) ;
#82 = SURFACE_SIDE_STYLE ('',( #531 ) ) ;
#83 =( GEOMETRIC_REPRESENTATION_CONTEXT ( 3 ) GLOBAL_UNCERTAINTY_ASSIGNED_CONTEXT ( ( #2820 ) ) GLOBAL_UNIT_ASSIGNED_CONTEXT ( ( #3875, #1607, #4279 ) ) REPRESENTATION_CONTEXT ( 'NONE', 'WORKASPACE' ) );
#84 = APPLICATION_CONTEXT ( 'automotive_design' ) ;
#85 = EDGE_LOOP ( 'NONE', ( #3176, #1608, #2592, #448 ) ) ;
#86 = CARTESIAN_POINT ( 'NONE',  ( 4.372893218813453942, -1.617106781186547160, -1.270000000000000240 ) ) ;
#87 = LINE ( 'NONE', #1935, #3681 ) ;
#88 = DIRECTION ( 'NONE',  ( 1.000000000000000000, 0.0000000000000000000, -0.0000000000000000000 ) ) ;
#89 = DIRECTION ( 'NONE',  ( 0.4472135954999568175, -0.7745966692414847365, 0.4472135954999565954 ) ) ;
#90 = UNCERTAINTY_MEASURE_WITH_UNIT (LENGTH_MEASURE( 1.000000000000000082E-05 ), #3301, 'distance_accuracy_value', 'NONE');
#91 = DIRECTION ( 'NONE',  ( 0.7071067811865499042, -0.7071067811865451302, 0.0000000000000000000 ) ) ;
#92 = COLOUR_RGB ( '',0.1019607843137254888, 0.1019607843137254888, 0.1019607843137254888 ) ;
#93 = SURFACE_SIDE_STYLE ('',( #3822 ) ) ;
#94 = ORIENTED_EDGE ( 'NONE', *, *, #1551, .T. ) ;
#95 = DIRECTION ( 'NONE',  ( -1.000000000000000000, -0.0000000000000000000, -0.0000000000000000000 ) ) ;
#96 = EDGE_LOOP ( 'NONE', ( #1329, #2044, #3629, #3336, #956 ) ) ;
#97 = DIRECTION ( 'NONE',  ( -1.000000000000000000, 0.0000000000000000000, 0.0000000000000000000 ) ) ;
#98 = AXIS2_PLACEMENT_3D ( 'NONE', #2192, #2264, #2170 ) ;
#99 = ORIENTED_EDGE ( 'NONE', *, *, #4078, .T. ) ;
#100 = LINE ( 'NONE', #2163, #1362 ) ;
#101 = CARTESIAN_POINT ( 'NONE',  ( 3.790000000000000480, -3.499999999999999556, 0.02000000000000005246 ) ) ;
#102 = CARTESIAN_POINT ( 'NONE',  ( 8.809142651444740783E-17, -0.9100000000000000311, -0.9200000000000001510 ) ) ;
#103 = CARTESIAN_POINT ( 'NONE',  ( 4.590000000000001634, -1.400000000000000133, -0.7700000000000000178 ) ) ;
#104 = COLOUR_RGB ( '',0.1019607843137254888, 0.1019607843137254888, 0.1019607843137254888 ) ;
#105 = DIRECTION ( 'NONE',  ( 0.7071067811865489050, 0.7071067811865462405, 0.0000000000000000000 ) ) ;
#106 = ORIENTED_EDGE ( 'NONE', *, *, #4669, .T. ) ;
#107 = FACE_OUTER_BOUND ( 'NONE', #4754, .T. ) ;
#108 = ORIENTED_EDGE ( 'NONE', *, *, #2571, .T. ) ;
#109 = SURFACE_STYLE_FILL_AREA ( #1622 ) ;
#110 = VECTOR ( 'NONE', #1129, 1000.000000000000000 ) ;
#111 =( LENGTH_UNIT ( ) NAMED_UNIT ( * ) SI_UNIT ( .MILLI., .METRE. ) );
#112 =( NAMED_UNIT ( * ) SI_UNIT ( $, .STERADIAN. ) SOLID_ANGLE_UNIT ( ) );
#113 = LINE ( 'NONE', #4324, #544 ) ;
#114 = VECTOR ( 'NONE', #2634, 1000.000000000000000 ) ;
#115 = LINE ( 'NONE', #2841, #1171 ) ;
#116 = ORIENTED_EDGE ( 'NONE', *, *, #4321, .F. ) ;
#117 = ADVANCED_FACE ( 'NONE', ( #3673 ), #1074, .T. ) ;
#118 = VERTEX_POINT ( 'NONE', #2172 ) ;
#119 = PRESENTATION_STYLE_ASSIGNMENT (( #4709 ) ) ;
#120 = ORIENTED_EDGE ( 'NONE', *, *, #1888, .T. ) ;
#121 = APPLICATION_PROTOCOL_DEFINITION ( 'draft international standard', 'automotive_design', 1998, #923 ) ;
#122 = ADVANCED_FACE ( 'NONE', ( #2573 ), #4509, .T. ) ;
#123 = CARTESIAN_POINT ( 'NONE',  ( 0.4900000000000018230, 1.399999999999999689, 1.163653726294449520 ) ) ;
#125 = LINE ( 'NONE', #103, #4127 ) ;
#124 =( GEOMETRIC_REPRESENTATION_CONTEXT ( 3 ) GLOBAL_UNCERTAINTY_ASSIGNED_CONTEXT ( ( #3310 ) ) GLOBAL_UNIT_ASSIGNED_CONTEXT ( ( #2079, #3965, #1737 ) ) REPRESENTATION_CONTEXT ( 'NONE', 'WORKASPACE' ) );
#126 = FILL_AREA_STYLE_COLOUR ( '', #3866 ) ;
#127 =( NAMED_UNIT ( * ) SI_UNIT ( $, .STERADIAN. ) SOLID_ANGLE_UNIT ( ) );
#128 = VERTEX_POINT ( 'NONE', #435 ) ;
#129 = SURFACE_STYLE_USAGE ( .BOTH. , #417 ) ;
#130 = PRESENTATION_LAYER_ASSIGNMENT (  '', '', ( #2165 ) ) ;
#131 = FACE_OUTER_BOUND ( 'NONE', #2471, .T. ) ;
#132 = FACE_OUTER_BOUND ( 'NONE', #225, .T. ) ;
#133 = DIRECTION ( 'NONE',  ( 1.000000000000000000, 0.0000000000000000000, -0.0000000000000000000 ) ) ;
#134 = CARTESIAN_POINT ( 'NONE',  ( -0.1350000000000003419, 12.69999999999999929, -0.1350000000000004530 ) ) ;
#135 = PRESENTATION_STYLE_ASSIGNMENT (( #870 ) ) ;
#136 = VERTEX_POINT ( 'NONE', #2643 ) ;
#137 = LINE ( 'NONE', #1274, #3127 ) ;
#138 = PLANE ( 'NONE',  #1334 ) ;
#139 = EDGE_CURVE ( 'NONE', #3316, #4607, #19, .T. ) ;
#140 = CARTESIAN_POINT ( 'NONE',  ( -1.584999999999999964, -1.146000000000000352, -0.3150000000000001132 ) ) ;
#141 = ORIENTED_EDGE ( 'NONE', *, *, #4410, .T. ) ;
#142 = DIRECTION ( 'NONE',  ( 0.0000000000000000000, 1.000000000000000000, 0.0000000000000000000 ) ) ;
#143 = CARTESIAN_POINT ( 'NONE',  ( 0.3428820572744438744, 1.252882057274442351, 1.262882057274445913 ) ) ;
#144 = ORIENTED_EDGE ( 'NONE', *, *, #3417, .T. ) ;
#145 = LINE ( 'NONE', #1567, #1015 ) ;
#146 = ADVANCED_FACE ( 'NONE', ( #1532 ), #73, .F. ) ;
#147 =( NAMED_UNIT ( * ) PLANE_ANGLE_UNIT ( ) SI_UNIT ( $, .RADIAN. ) );
#148 = DIRECTION ( 'NONE',  ( 0.5773502691896262862, 0.5773502691896257311, 0.5773502691896253980 ) ) ;
#149 = DIRECTION ( 'NONE',  ( 0.0000000000000000000, -1.000000000000000000, -0.0000000000000000000 ) ) ;
#150 = SURFACE_STYLE_USAGE ( .BOTH. , #1360 ) ;
#151 = EDGE_LOOP ( 'NONE', ( #2106, #4431, #3909, #4060, #1027 ) ) ;
#152 = VECTOR ( 'NONE', #881, 1000.000000000000000 ) ;
#153 = COLOUR_RGB ( '',0.9686274509803921573, 0.8784313725490195957, 0.5999999999999999778 ) ;
#154 = SURFACE_SIDE_STYLE ('',( #177 ) ) ;
#155 = CARTESIAN_POINT ( 'NONE',  ( -3.030000000000000693, 1.399999999999999689, 1.070000000000000284 ) ) ;
#156 = STYLED_ITEM ( 'NONE', ( #4342 ), #1611 ) ;
#157 = MECHANICAL_DESIGN_GEOMETRIC_PRESENTATION_REPRESENTATION (  '', ( #3815 ), #2288 ) ;
#158 = DIRECTION ( 'NONE',  ( -0.5773502691896263972, -0.5773502691896261751, 0.5773502691896247319 ) ) ;
#159 = CARTESIAN_POINT ( 'NONE',  ( 1.832893218813452130, -1.617106781186547160, -1.270000000000000240 ) ) ;
#160 = VECTOR ( 'NONE', #735, 1000.000000000000000 ) ;
#161 = PRESENTATION_LAYER_ASSIGNMENT (  '', '', ( #3174 ) ) ;
#162 = LINE ( 'NONE', #501, #666 ) ;
#163 = ORIENTED_EDGE ( 'NONE', *, *, #260, .T. ) ;
#164 = PLANE ( 'NONE',  #699 ) ;
#165 = STYLED_ITEM ( 'NONE', ( #628 ), #1994 ) ;
#166 = VERTEX_POINT ( 'NONE', #3503 ) ;
#167 = EDGE_CURVE ( 'NONE', #2274, #190, #1323, .T. ) ;
#168 = ORIENTED_EDGE ( 'NONE', *, *, #2081, .F. ) ;
#169 = VECTOR ( 'NONE', #980, 1000.000000000000000 ) ;
#170 = FILL_AREA_STYLE_COLOUR ( '', #305 ) ;
#171 = CARTESIAN_POINT ( 'NONE',  ( 5.080000000000000071, -1.400000000000000133, 1.269999999999999574 ) ) ;
#172 = EDGE_LOOP ( 'NONE', ( #1143, #4408, #2458, #2862 ) ) ;
#173 = DIRECTION ( 'NONE',  ( 0.0000000000000000000, -1.000000000000000000, -0.0000000000000000000 ) ) ;
#174 = ORIENTED_EDGE ( 'NONE', *, *, #412, .T. ) ;
#175 = EDGE_CURVE ( 'NONE', #2617, #4663, #2343, .T. ) ;
#176 =( NAMED_UNIT ( * ) SI_UNIT ( $, .STERADIAN. ) SOLID_ANGLE_UNIT ( ) );
#177 = SURFACE_STYLE_FILL_AREA ( #3062 ) ;
#178 = ORIENTED_EDGE ( 'NONE', *, *, #3637, .T. ) ;
#179 = DIRECTION ( 'NONE',  ( -0.7071067811865489050, 0.7071067811865462405, -0.0000000000000000000 ) ) ;
#180 = LINE ( 'NONE', #1744, #3846 ) ;
#181 = EDGE_CURVE ( 'NONE', #725, #358, #746, .T. ) ;
#182 =( GEOMETRIC_REPRESENTATION_CONTEXT ( 3 ) GLOBAL_UNCERTAINTY_ASSIGNED_CONTEXT ( ( #4477 ) ) GLOBAL_UNIT_ASSIGNED_CONTEXT ( ( #1910, #4575, #4551 ) ) REPRESENTATION_CONTEXT ( 'NONE', 'WORKASPACE' ) );
#183 =( NAMED_UNIT ( * ) PLANE_ANGLE_UNIT ( ) SI_UNIT ( $, .RADIAN. ) );
#184 =( NAMED_UNIT ( * ) SI_UNIT ( $, .STERADIAN. ) SOLID_ANGLE_UNIT ( ) );
#185 = STYLED_ITEM ( 'NONE', ( #2999 ), #3382 ) ;
#186 = PRESENTATION_STYLE_ASSIGNMENT (( #4074 ) ) ;
#187 = CARTESIAN_POINT ( 'NONE',  ( -3.030000000000001581, -1.400000000000000355, -0.7700000000000000178 ) ) ;
#188 = FILL_AREA_STYLE_COLOUR ( '', #4214 ) ;
#189 =( GEOMETRIC_REPRESENTATION_CONTEXT ( 3 ) GLOBAL_UNCERTAINTY_ASSIGNED_CONTEXT ( ( #3308 ) ) GLOBAL_UNIT_ASSIGNED_CONTEXT ( ( #216, #1727, #1796 ) ) REPRESENTATION_CONTEXT ( 'NONE', 'WORKASPACE' ) );
#190 = VERTEX_POINT ( 'NONE', #4151 ) ;
#191 = DIRECTION ( 'NONE',  ( 0.0000000000000000000, -1.000000000000000000, -1.548860246407863583E-16 ) ) ;
#192 = ORIENTED_EDGE ( 'NONE', *, *, #442, .T. ) ;
#193 = CARTESIAN_POINT ( 'NONE',  ( -0.9549999999999998490, 1.399999999999999689, -0.3150000000000001132 ) ) ;
#194 = CARTESIAN_POINT ( 'NONE',  ( -0.3349999999999999645, 12.69999999999999929, 0.3349999999999999090 ) ) ;
#195 = VECTOR ( 'NONE', #4634, 1000.000000000000000 ) ;
#196 = PRODUCT_RELATED_PRODUCT_CATEGORY ( 'part', '', ( #3420 ) ) ;
#197 = LINE ( 'NONE', #171, #4904 ) ;
#198 = ORIENTED_EDGE ( 'NONE', *, *, #2417, .F. ) ;
#199 = FILL_AREA_STYLE ('',( #3221 ) ) ;
#200 = ORIENTED_EDGE ( 'NONE', *, *, #1750, .F. ) ;
#201 = VECTOR ( 'NONE', #4723, 1000.000000000000114 ) ;
#202 =( LENGTH_UNIT ( ) NAMED_UNIT ( * ) SI_UNIT ( .MILLI., .METRE. ) );
#203 = CARTESIAN_POINT ( 'NONE',  ( 2.303999999999999826, -1.146000000000000130, -0.7700000000000000178 ) ) ;
#204 = VERTEX_POINT ( 'NONE', #1869 ) ;
#205 = ADVANCED_FACE ( 'NONE', ( #3389 ), #3016, .T. ) ;
#206 = COLOUR_RGB ( '',0.1019607843137254888, 0.1019607843137254888, 0.1019607843137254888 ) ;
#207 = STYLED_ITEM ( 'NONE', ( #1945 ), #3996 ) ;
#208 = SURFACE_STYLE_USAGE ( .BOTH. , #273 ) ;
#209 = DIRECTION ( 'NONE',  ( 0.0000000000000000000, 1.548860246407863583E-16, -1.000000000000000000 ) ) ;
#210 = COLOUR_RGB ( '',0.7921568627450980005, 0.8196078431372548767, 0.9333333333333333481 ) ;
#211 = DIRECTION ( 'NONE',  ( -0.0000000000000000000, 1.000000000000000000, 0.0000000000000000000 ) ) ;
#212 = EDGE_CURVE ( 'NONE', #4309, #1348, #3571, .T. ) ;
#213 = DIRECTION ( 'NONE',  ( 0.7071067811865489050, 0.7071067811865462405, 0.0000000000000000000 ) ) ;
#214 = PLANE ( 'NONE',  #43 ) ;
#215 = PRESENTATION_STYLE_ASSIGNMENT (( #2843 ) ) ;
#216 =( LENGTH_UNIT ( ) NAMED_UNIT ( * ) SI_UNIT ( .MILLI., .METRE. ) );
#217 = ADVANCED_FACE ( 'NONE', ( #1633 ), #1676, .F. ) ;
#218 =( NAMED_UNIT ( * ) PLANE_ANGLE_UNIT ( ) SI_UNIT ( $, .RADIAN. ) );
#219 = VERTEX_POINT ( 'NONE', #1295 ) ;
#220 = DIRECTION ( 'NONE',  ( 0.5773502691896255090, 0.5773502691896230665, -0.5773502691896287287 ) ) ;
#221 = ORIENTED_EDGE ( 'NONE', *, *, #2540, .T. ) ;
#222 = FACE_OUTER_BOUND ( 'NONE', #1354, .T. ) ;
#223 = ORIENTED_EDGE ( 'NONE', *, *, #34, .F. ) ;
#224 = SURFACE_STYLE_FILL_AREA ( #2105 ) ;
#225 = EDGE_LOOP ( 'NONE', ( #4932, #1514, #2749, #4311, #3128, #1297 ) ) ;
#226 = CARTESIAN_POINT ( 'NONE',  ( 4.737117942725555864, 1.252882057274444572, 1.262882057274445025 ) ) ;
#227 = DIRECTION ( 'NONE',  ( 0.0000000000000000000, 0.0000000000000000000, 1.000000000000000000 ) ) ;
#228 = PRESENTATION_STYLE_ASSIGNMENT (( #3946 ) ) ;
#229 = ORIENTED_EDGE ( 'NONE', *, *, #732, .F. ) ;
#230 = CARTESIAN_POINT ( 'NONE',  ( -4.589999999999998970, -1.399999999999999911, 1.270000000000000240 ) ) ;
#231 = EDGE_CURVE ( 'NONE', #725, #4520, #1705, .T. ) ;
#232 = VECTOR ( 'NONE', #3978, 1000.000000000000000 ) ;
#233 = SURFACE_SIDE_STYLE ('',( #3714 ) ) ;
#234 = DIRECTION ( 'NONE',  ( -0.0000000000000000000, -0.0000000000000000000, -1.000000000000000000 ) ) ;
#235 = ADVANCED_FACE ( 'NONE', ( #4356, #4381 ), #138, .F. ) ;
#236 = MECHANICAL_DESIGN_GEOMETRIC_PRESENTATION_REPRESENTATION (  '', ( #1418 ), #623 ) ;
#237 = VERTEX_POINT ( 'NONE', #1042 ) ;
#238 = COLOUR_RGB ( '',0.9686274509803921573, 0.8784313725490195957, 0.5999999999999999778 ) ;
#239 = FACE_BOUND ( 'NONE', #4014, .T. ) ;
#240 = EDGE_CURVE ( 'NONE', #1715, #1394, #2545, .T. ) ;
#241 = SURFACE_STYLE_USAGE ( .BOTH. , #3288 ) ;
#242 =( LENGTH_UNIT ( ) NAMED_UNIT ( * ) SI_UNIT ( .MILLI., .METRE. ) );
#243 = SURFACE_SIDE_STYLE ('',( #4832 ) ) ;
#244 = PLANE ( 'NONE',  #283 ) ;
#245 = ORIENTED_EDGE ( 'NONE', *, *, #769, .F. ) ;
#246 = CARTESIAN_POINT ( 'NONE',  ( -0.3500000000000002554, 1.199999999999999734, -1.269999999999999796 ) ) ;
#247 = LINE ( 'NONE', #1010, #3212 ) ;
#248 = EDGE_LOOP ( 'NONE', ( #2886, #3374, #3361, #1301 ) ) ;
#249 = PRESENTATION_STYLE_ASSIGNMENT (( #2883 ) ) ;
#250 = AXIS2_PLACEMENT_3D ( 'NONE', #3985, #2521, #2430 ) ;
#251 = PRESENTATION_STYLE_ASSIGNMENT (( #1742 ) ) ;
#252 = VERTEX_POINT ( 'NONE', #3283 ) ;
#253 = MECHANICAL_DESIGN_GEOMETRIC_PRESENTATION_REPRESENTATION (  '', ( #709 ), #4149 ) ;
#254 =( GEOMETRIC_REPRESENTATION_CONTEXT ( 3 ) GLOBAL_UNCERTAINTY_ASSIGNED_CONTEXT ( ( #369 ) ) GLOBAL_UNIT_ASSIGNED_CONTEXT ( ( #2925, #4463, #3392 ) ) REPRESENTATION_CONTEXT ( 'NONE', 'WORKASPACE' ) );
#255 = DIRECTION ( 'NONE',  ( -0.0000000000000000000, -1.000000000000000000, -0.0000000000000000000 ) ) ;
#256 = CARTESIAN_POINT ( 'NONE',  ( 2.106797325730099590, 1.343202674269899699, 1.238119048685103918 ) ) ;
#257 = SURFACE_STYLE_FILL_AREA ( #1702 ) ;
#258 = PRODUCT_DEFINITION ( 'UNKNOWN', '', #4032, #4580 ) ;
#259 = MECHANICAL_DESIGN_GEOMETRIC_PRESENTATION_REPRESENTATION (  '', ( #1914 ), #4725 ) ;
#260 = EDGE_CURVE ( 'NONE', #2296, #1434, #1774, .T. ) ;
#261 = ORIENTED_EDGE ( 'NONE', *, *, #2782, .T. ) ;
#262 = CARTESIAN_POINT ( 'NONE',  ( -0.4899999999999997691, 1.399999999999999689, 1.070000000000000284 ) ) ;
#263 = DIRECTION ( 'NONE',  ( 0.7071067811865482389, 0.0000000000000000000, -0.7071067811865469066 ) ) ;
#264 = EDGE_CURVE ( 'NONE', #14, #631, #4790, .T. ) ;
#265 = ORIENTED_EDGE ( 'NONE', *, *, #4533, .F. ) ;
#266 = SURFACE_STYLE_USAGE ( .BOTH. , #3678 ) ;
#267 = EDGE_LOOP ( 'NONE', ( #4684, #4531, #4092, #3195 ) ) ;
#268 = FILL_AREA_STYLE ('',( #4394 ) ) ;
#270 = DIRECTION ( 'NONE',  ( 0.7071067811865491270, 0.0000000000000000000, 0.7071067811865459074 ) ) ;
#269 = COLOUR_RGB ( '',0.1019607843137254888, 0.1019607843137254888, 0.1019607843137254888 ) ;
#271 = DIRECTION ( 'NONE',  ( 0.7071067811865482389, 0.0000000000000000000, 0.7071067811865469066 ) ) ;
#272 = EDGE_LOOP ( 'NONE', ( #2826, #3823, #1764, #4740 ) ) ;
#273 = SURFACE_SIDE_STYLE ('',( #4821 ) ) ;
#274 = DIRECTION ( 'NONE',  ( 0.0000000000000000000, -1.000000000000000000, -1.548860246407863583E-16 ) ) ;
#275 = DIRECTION ( 'NONE',  ( 1.000000000000000000, 0.0000000000000000000, 0.0000000000000000000 ) ) ;
#276 = CARTESIAN_POINT ( 'NONE',  ( -2.049999999999998046, 1.399999999999999689, -1.069999999999999840 ) ) ;
#277 = LINE ( 'NONE', #302, #1891 ) ;
#278 = AXIS2_PLACEMENT_3D ( 'NONE', #535, #4789, #2881 ) ;
#279 = COLOUR_RGB ( '',0.1019607843137254888, 0.1019607843137254888, 0.1019607843137254888 ) ;
#280 = CARTESIAN_POINT ( 'NONE',  ( 5.080000000000000071, 1.399999999999999689, -0.3150000000000001688 ) ) ;
#281 =( NAMED_UNIT ( * ) SI_UNIT ( $, .STERADIAN. ) SOLID_ANGLE_UNIT ( ) );
#282 = UNCERTAINTY_MEASURE_WITH_UNIT (LENGTH_MEASURE( 1.000000000000000082E-05 ), #67, 'distance_accuracy_value', 'NONE');
#283 = AXIS2_PLACEMENT_3D ( 'NONE', #2901, #2923, #2693 ) ;
#284 = DIRECTION ( 'NONE',  ( -0.0000000000000000000, 1.000000000000000000, 0.0000000000000000000 ) ) ;
#285 = ORIENTED_EDGE ( 'NONE', *, *, #741, .T. ) ;
#286 = ORIENTED_EDGE ( 'NONE', *, *, #4865, .T. ) ;
#287 = CARTESIAN_POINT ( 'NONE',  ( 0.0000000000000000000, -1.146000000000000352, 0.7700000000000000178 ) ) ;
#288 = EDGE_CURVE ( 'NONE', #4641, #1348, #1373, .T. ) ;
#289 = PLANE ( 'NONE',  #3584 ) ;
#290 = ORIENTED_EDGE ( 'NONE', *, *, #4606, .T. ) ;
#291 = PRESENTATION_STYLE_ASSIGNMENT (( #1509 ) ) ;
#292 = SURFACE_SIDE_STYLE ('',( #3296 ) ) ;
#293 = ORIENTED_EDGE ( 'NONE', *, *, #377, .F. ) ;
#294 =( NAMED_UNIT ( * ) PLANE_ANGLE_UNIT ( ) SI_UNIT ( $, .RADIAN. ) );
#295 = EDGE_CURVE ( 'NONE', #2429, #237, #3089, .T. ) ;
#296 =( NAMED_UNIT ( * ) PLANE_ANGLE_UNIT ( ) SI_UNIT ( $, .RADIAN. ) );
#297 = ORIENTED_EDGE ( 'NONE', *, *, #4295, .F. ) ;
#298 = FACE_OUTER_BOUND ( 'NONE', #3136, .T. ) ;
#299 = CARTESIAN_POINT ( 'NONE',  ( -2.887613130875109846, 1.235625935704192324, -1.267613130875109073 ) ) ;
#300 =( NAMED_UNIT ( * ) SI_UNIT ( $, .STERADIAN. ) SOLID_ANGLE_UNIT ( ) );
#301 = CARTESIAN_POINT ( 'NONE',  ( -0.1350000000000003697, 12.69999999999999929, 0.0000000000000000000 ) ) ;
#302 = CARTESIAN_POINT ( 'NONE',  ( -2.540000000000000480, 0.9099999999999994760, -0.9199999999999999289 ) ) ;
#303 =( LENGTH_UNIT ( ) NAMED_UNIT ( * ) SI_UNIT ( .MILLI., .METRE. ) );
#304 = SURFACE_STYLE_USAGE ( .BOTH. , #575 ) ;
#305 = COLOUR_RGB ( '',0.1019607843137254888, 0.1019607843137254888, 0.1019607843137254888 ) ;
#306 = SURFACE_STYLE_USAGE ( .BOTH. , #2495 ) ;
#307 = VERTEX_POINT ( 'NONE', #4428 ) ;
#308 = ORIENTED_EDGE ( 'NONE', *, *, #351, .F. ) ;
#309 = MECHANICAL_DESIGN_GEOMETRIC_PRESENTATION_REPRESENTATION (  '', ( #2454 ), #4382 ) ;
#310 = AXIS2_PLACEMENT_3D ( 'NONE', #515, #3201, #843 ) ;
#311 = CARTESIAN_POINT ( 'NONE',  ( 2.539999999999999591, 0.9099999999999993650, 0.9200000000000003730 ) ) ;
#312 = STYLED_ITEM ( 'NONE', ( #3373 ), #1895 ) ;
#313 = ORIENTED_EDGE ( 'NONE', *, *, #1754, .T. ) ;
#314 = CARTESIAN_POINT ( 'NONE',  ( 1.585000000000000409, -1.146000000000000352, -0.3150000000000001132 ) ) ;
#315 = LINE ( 'NONE', #1852, #4474 ) ;
#316 = COLOUR_RGB ( '',0.1019607843137254888, 0.1019607843137254888, 0.1019607843137254888 ) ;
#317 = PLANE ( 'NONE',  #852 ) ;
#318 = CARTESIAN_POINT ( 'NONE',  ( -0.4900000000000008793, -1.400000000000000577, -1.270000000000000240 ) ) ;
#319 = VERTEX_POINT ( 'NONE', #2915 ) ;
#320 = EDGE_CURVE ( 'NONE', #3498, #4124, #684, .T. ) ;
#321 = SURFACE_STYLE_FILL_AREA ( #2231 ) ;
#322 = LINE ( 'NONE', #2538, #4812 ) ;
#323 = SURFACE_STYLE_USAGE ( .BOTH. , #2609 ) ;
#324 = VECTOR ( 'NONE', #911, 1000.000000000000000 ) ;
#325 = FILL_AREA_STYLE ('',( #2160 ) ) ;
#326 = FACE_OUTER_BOUND ( 'NONE', #248, .T. ) ;
#327 = EDGE_CURVE ( 'NONE', #1866, #3484, #1818, .T. ) ;
#328 = SURFACE_STYLE_USAGE ( .BOTH. , #4143 ) ;
#329 = UNCERTAINTY_MEASURE_WITH_UNIT (LENGTH_MEASURE( 1.000000000000000082E-05 ), #2406, 'distance_accuracy_value', 'NONE');
#330 = COLOUR_RGB ( '',0.1019607843137254888, 0.1019607843137254888, 0.1019607843137254888 ) ;
#331 = DIRECTION ( 'NONE',  ( 1.000000000000000000, -0.0000000000000000000, 0.0000000000000000000 ) ) ;
#332 = PRESENTATION_LAYER_ASSIGNMENT (  '', '', ( #4802 ) ) ;
#333 = ORIENTED_EDGE ( 'NONE', *, *, #4418, .F. ) ;
#334 = ORIENTED_EDGE ( 'NONE', *, *, #3149, .F. ) ;
#335 = CARTESIAN_POINT ( 'NONE',  ( -2.303999999999999826, -1.146000000000000352, -0.7700000000000000178 ) ) ;
#336 = VECTOR ( 'NONE', #4318, 1000.000000000000114 ) ;
#337 = DIRECTION ( 'NONE',  ( -0.0000000000000000000, -1.000000000000000000, 0.0000000000000000000 ) ) ;
#338 = VECTOR ( 'NONE', #4377, 1000.000000000000000 ) ;
#339 = ORIENTED_EDGE ( 'NONE', *, *, #1352, .T. ) ;
#340 =( NAMED_UNIT ( * ) PLANE_ANGLE_UNIT ( ) SI_UNIT ( $, .RADIAN. ) );
#341 =( NAMED_UNIT ( * ) SI_UNIT ( $, .STERADIAN. ) SOLID_ANGLE_UNIT ( ) );
#342 = SURFACE_STYLE_USAGE ( .BOTH. , #2301 ) ;
#343 = DIRECTION ( 'NONE',  ( 0.5773502691896262862, -0.5773502691896260641, 0.5773502691896249539 ) ) ;
#344 = ORIENTED_EDGE ( 'NONE', *, *, #4017, .T. ) ;
#345 = FILL_AREA_STYLE ('',( #1809 ) ) ;
#346 = EDGE_CURVE ( 'NONE', #580, #319, #2117, .T. ) ;
#347 = CARTESIAN_POINT ( 'NONE',  ( -5.080000000000000071, -0.9099999999999999201, -0.9200000000000003730 ) ) ;
#348 = VECTOR ( 'NONE', #1770, 1000.000000000000000 ) ;
#349 = MECHANICAL_DESIGN_GEOMETRIC_PRESENTATION_REPRESENTATION (  '', ( #1132 ), #737 ) ;
#350 = CARTESIAN_POINT ( 'NONE',  ( 2.776000000000001133, -1.146000000000000352, -0.7699999999999999067 ) ) ;
#351 = EDGE_CURVE ( 'NONE', #3316, #1094, #2869, .T. ) ;
#352 = CARTESIAN_POINT ( 'NONE',  ( 4.372893218813453942, -1.400000000000001021, 1.627106781186546725 ) ) ;
#353 = ORIENTED_EDGE ( 'NONE', *, *, #212, .T. ) ;
#354 = ORIENTED_EDGE ( 'NONE', *, *, #1786, .F. ) ;
#355 = PRESENTATION_LAYER_ASSIGNMENT (  '', '', ( #207 ) ) ;
#356 = SURFACE_STYLE_FILL_AREA ( #1777 ) ;
#357 = CARTESIAN_POINT ( 'NONE',  ( 2.973202674269899592, 1.343202674269899255, 1.238119048685105916 ) ) ;
#358 = VERTEX_POINT ( 'NONE', #1001 ) ;
#359 = PRESENTATION_STYLE_ASSIGNMENT (( #2553 ) ) ;
#360 =( NAMED_UNIT ( * ) SI_UNIT ( $, .STERADIAN. ) SOLID_ANGLE_UNIT ( ) );
#361 = LINE ( 'NONE', #2255, #3892 ) ;
#362 = LINE ( 'NONE', #30, #2615 ) ;
#363 = CYLINDRICAL_SURFACE ( 'NONE', #2897, 0.1999999999999998723 ) ;
#364 = ORIENTED_EDGE ( 'NONE', *, *, #1479, .F. ) ;
#365 = CARTESIAN_POINT ( 'NONE',  ( -2.190000000000001723, 1.399999999999999689, -1.269999999999999796 ) ) ;
#366 = CARTESIAN_POINT ( 'NONE',  ( -4.843999999999998529, -1.146000000000000352, -0.7700000000000000178 ) ) ;
#367 = CYLINDRICAL_SURFACE ( 'NONE', #3650, 0.1999999999999998723 ) ;
#368 = SURFACE_STYLE_FILL_AREA ( #3381 ) ;
#369 = UNCERTAINTY_MEASURE_WITH_UNIT (LENGTH_MEASURE( 1.000000000000000082E-05 ), #2925, 'distance_accuracy_value', 'NONE');
#370 = ADVANCED_FACE ( 'NONE', ( #4405, #3642 ), #2166, .F. ) ;
#371 = CARTESIAN_POINT ( 'NONE',  ( -0.9549999999999998490, -1.400000000000001021, 0.3149999999999998912 ) ) ;
#372 = ORIENTED_EDGE ( 'NONE', *, *, #1956, .F. ) ;
#373 = CARTESIAN_POINT ( 'NONE',  ( -2.106797325730099590, 1.343202674269898367, 1.238119048685106360 ) ) ;
#374 = VECTOR ( 'NONE', #3741, 1000.000000000000000 ) ;
#375 = ORIENTED_EDGE ( 'NONE', *, *, #406, .F. ) ;
#376 = VECTOR ( 'NONE', #3126, 1000.000000000000000 ) ;
#377 = EDGE_CURVE ( 'NONE', #1694, #3537, #1554, .T. ) ;
#378 = DIRECTION ( 'NONE',  ( 1.000000000000000000, 0.0000000000000000000, -0.0000000000000000000 ) ) ;
#379 = COLOUR_RGB ( '',0.1019607843137254888, 0.1019607843137254888, 0.1019607843137254888 ) ;
#380 = ORIENTED_EDGE ( 'NONE', *, *, #59, .F. ) ;
#381 = DIRECTION ( 'NONE',  ( -0.0000000000000000000, -0.0000000000000000000, -1.000000000000000000 ) ) ;
#382 = EDGE_CURVE ( 'NONE', #3112, #358, #455, .T. ) ;
#383 = MECHANICAL_DESIGN_GEOMETRIC_PRESENTATION_REPRESENTATION (  '', ( #4771 ), #1656 ) ;
#384 = VECTOR ( 'NONE', #4348, 1000.000000000000000 ) ;
#385 = VECTOR ( 'NONE', #3564, 1000.000000000000114 ) ;
#386 = CARTESIAN_POINT ( 'NONE',  ( 2.049999999999998934, -1.400000000000000133, 0.7700000000000001288 ) ) ;
#387 = LINE ( 'NONE', #3913, #3456 ) ;
#388 = DIRECTION ( 'NONE',  ( -0.0000000000000000000, -1.000000000000000000, 0.0000000000000000000 ) ) ;
#389 = ORIENTED_EDGE ( 'NONE', *, *, #3269, .T. ) ;
#390 = PRESENTATION_LAYER_ASSIGNMENT (  '', '', ( #4388 ) ) ;
#391 = FACE_OUTER_BOUND ( 'NONE', #4148, .T. ) ;
#392 = DIRECTION ( 'NONE',  ( 0.0000000000000000000, -1.000000000000000000, 0.0000000000000000000 ) ) ;
#393 = PLANE ( 'NONE',  #4217 ) ;
#394 =( GEOMETRIC_REPRESENTATION_CONTEXT ( 3 ) GLOBAL_UNCERTAINTY_ASSIGNED_CONTEXT ( ( #3874 ) ) GLOBAL_UNIT_ASSIGNED_CONTEXT ( ( #555, #2101, #3674 ) ) REPRESENTATION_CONTEXT ( 'NONE', 'WORKASPACE' ) );
#395 = CARTESIAN_POINT ( 'NONE',  ( -2.197117942725556716, 1.252882057274441685, -1.262882057274445913 ) ) ;
#396 = LINE ( 'NONE', #3743, #3431 ) ;
#397 = STYLED_ITEM ( 'NONE', ( #3708 ), #2291 ) ;
#398 = CARTESIAN_POINT ( 'NONE',  ( -2.540000000000000036, -0.9099999999999999201, -1.270000000000000240 ) ) ;
#399 = CARTESIAN_POINT ( 'NONE',  ( -2.049999999999997158, -1.400000000000000577, -0.7699999999999999067 ) ) ;
#400 = ORIENTED_EDGE ( 'NONE', *, *, #1022, .F. ) ;
#401 = DIRECTION ( 'NONE',  ( -0.0000000000000000000, -1.000000000000000000, -0.0000000000000000000 ) ) ;
#402 = VECTOR ( 'NONE', #1758, 1000.000000000000000 ) ;
#403 = ORIENTED_EDGE ( 'NONE', *, *, #3269, .F. ) ;
#404 = CARTESIAN_POINT ( 'NONE',  ( -0.4899999999999999911, -1.399999999999999911, 1.269999999999999574 ) ) ;
#405 = STYLED_ITEM ( 'NONE', ( #954 ), #3024 ) ;
#406 = EDGE_CURVE ( 'NONE', #4663, #631, #2614, .T. ) ;
#407 = ORIENTED_EDGE ( 'NONE', *, *, #4601, .T. ) ;
#408 =( NAMED_UNIT ( * ) PLANE_ANGLE_UNIT ( ) SI_UNIT ( $, .RADIAN. ) );
#409 = ITEM_DEFINED_TRANSFORMATION ( 'NONE', 'NONE', #3148,  #3700 ) ;
#410 = STYLED_ITEM ( 'NONE', ( #2762 ), #3203 ) ;
#411 = SURFACE_STYLE_USAGE ( .BOTH. , #1146 ) ;
#412 = EDGE_CURVE ( 'NONE', #2593, #3942, #426, .T. ) ;
#413 = STYLED_ITEM ( 'NONE', ( #3253 ), #3289 ) ;
#414 = CARTESIAN_POINT ( 'NONE',  ( -0.3428820572744451511, 1.252882057274445016, -1.262882057274445025 ) ) ;
#415 =( NAMED_UNIT ( * ) SI_UNIT ( $, .STERADIAN. ) SOLID_ANGLE_UNIT ( ) );
#416 = ORIENTED_EDGE ( 'NONE', *, *, #2815, .F. ) ;
#417 = SURFACE_SIDE_STYLE ('',( #109 ) ) ;
#418 = STYLED_ITEM ( 'NONE', ( #3298 ), #3608 ) ;
#419 = CARTESIAN_POINT ( 'NONE',  ( 2.189999999999999059, -1.400000000000001021, 1.270000000000000240 ) ) ;
#420 =( LENGTH_UNIT ( ) NAMED_UNIT ( * ) SI_UNIT ( .MILLI., .METRE. ) );
#421 = VECTOR ( 'NONE', #255, 1000.000000000000000 ) ;
#422 = CARTESIAN_POINT ( 'NONE',  ( 0.3499999999999978684, 1.399999999999999689, 1.270000000000000018 ) ) ;
#423 = PRESENTATION_STYLE_ASSIGNMENT (( #3161 ) ) ;
#424 = PRESENTATION_STYLE_ASSIGNMENT (( #328 ) ) ;
#425 = UNCERTAINTY_MEASURE_WITH_UNIT (LENGTH_MEASURE( 1.000000000000000082E-05 ), #1429, 'distance_accuracy_value', 'NONE');
#426 = LINE ( 'NONE', #3383, #2129 ) ;
#427 = SURFACE_SIDE_STYLE ('',( #3121 ) ) ;
#428 = VECTOR ( 'NONE', #2667, 1000.000000000000000 ) ;
#429 = ORIENTED_EDGE ( 'NONE', *, *, #2875, .T. ) ;
#430 = LINE ( 'NONE', #1164, #3610 ) ;
#431 = CARTESIAN_POINT ( 'NONE',  ( 0.3428820572744434303, 1.252882057274441907, -1.262882057274445691 ) ) ;
#432 = ORIENTED_EDGE ( 'NONE', *, *, #1386, .F. ) ;
#433 = UNCERTAINTY_MEASURE_WITH_UNIT (LENGTH_MEASURE( 1.000000000000000082E-05 ), #4875, 'distance_accuracy_value', 'NONE');
#434 = COLOUR_RGB ( '',0.1019607843137254888, 0.1019607843137254888, 0.1019607843137254888 ) ;
#435 = CARTESIAN_POINT ( 'NONE',  ( -0.1349999999999994815, -1.191200941162846515E-18, -0.1349999999999995925 ) ) ;
#436 = FILL_AREA_STYLE_COLOUR ( '', #2060 ) ;
#437 = MECHANICAL_DESIGN_GEOMETRIC_PRESENTATION_REPRESENTATION (  '', ( #1937 ), #2424 ) ;
#438 = ORIENTED_EDGE ( 'NONE', *, *, #1839, .F. ) ;
#439 = DIRECTION ( 'NONE',  ( -0.7071067811865491270, 0.0000000000000000000, 0.7071067811865459074 ) ) ;
#440 = ITEM_DEFINED_TRANSFORMATION ( 'NONE', 'NONE', #2108,  #3700 ) ;
#441 = CARTESIAN_POINT ( 'NONE',  ( 0.4332026742699002786, 1.343202674269898589, 1.238119048685106138 ) ) ;
#442 = EDGE_CURVE ( 'NONE', #772, #1743, #4145, .T. ) ;
#443 = MECHANICAL_DESIGN_GEOMETRIC_PRESENTATION_REPRESENTATION (  '', ( #4260 ), #4746 ) ;
#444 = CARTESIAN_POINT ( 'NONE',  ( -5.079999999999999183, -0.9100000000000005862, 0.9200000000000009281 ) ) ;
#445 = DIRECTION ( 'NONE',  ( 1.000000000000000000, 0.0000000000000000000, -0.0000000000000000000 ) ) ;
#446 = SURFACE_SIDE_STYLE ('',( #57 ) ) ;
#447 = CARTESIAN_POINT ( 'NONE',  ( 0.0000000000000000000, 0.9099999999999999201, -1.270000000000000240 ) ) ;
#448 = ORIENTED_EDGE ( 'NONE', *, *, #2996, .T. ) ;
#449 = EDGE_CURVE ( 'NONE', #3264, #1782, #4605, .T. ) ;
#450 = SURFACE_STYLE_USAGE ( .BOTH. , #62 ) ;
#451 =( LENGTH_UNIT ( ) NAMED_UNIT ( * ) SI_UNIT ( .MILLI., .METRE. ) );
#452 = SURFACE_STYLE_USAGE ( .BOTH. , #4523 ) ;
#453 = FILL_AREA_STYLE_COLOUR ( '', #1059 ) ;
#454 = CARTESIAN_POINT ( 'NONE',  ( -1.584999999999999964, 1.399999999999999689, -0.3150000000000001688 ) ) ;
#455 = LINE ( 'NONE', #3409, #2052 ) ;
#456 = ORIENTED_EDGE ( 'NONE', *, *, #871, .T. ) ;
#457 = ORIENTED_EDGE ( 'NONE', *, *, #1188, .T. ) ;
#458 = PRESENTATION_STYLE_ASSIGNMENT (( #3077 ) ) ;
#459 = AXIS2_PLACEMENT_3D ( 'NONE', #1799, #2899, #2193 ) ;
#460 = ORIENTED_EDGE ( 'NONE', *, *, #4445, .F. ) ;
#461 =( GEOMETRIC_REPRESENTATION_CONTEXT ( 3 ) GLOBAL_UNCERTAINTY_ASSIGNED_CONTEXT ( ( #572 ) ) GLOBAL_UNIT_ASSIGNED_CONTEXT ( ( #957, #3602, #931 ) ) REPRESENTATION_CONTEXT ( 'NONE', 'WORKASPACE' ) );
#462 = VECTOR ( 'NONE', #3356, 1000.000000000000114 ) ;
#463 =( NAMED_UNIT ( * ) PLANE_ANGLE_UNIT ( ) SI_UNIT ( $, .RADIAN. ) );
#464 = CARTESIAN_POINT ( 'NONE',  ( 0.0000000000000000000, -1.146000000000000352, 0.7700000000000000178 ) ) ;
#465 = ADVANCED_FACE ( 'NONE', ( #4552 ), #739, .T. ) ;
#466 = CARTESIAN_POINT ( 'NONE',  ( 5.080000000000000071, -1.400000000000000577, -1.270000000000000240 ) ) ;
#467 = ORIENTED_EDGE ( 'NONE', *, *, #4230, .T. ) ;
#468 = MECHANICAL_DESIGN_GEOMETRIC_PRESENTATION_REPRESENTATION (  '', ( #4773 ), #3002 ) ;
#469 = CARTESIAN_POINT ( 'NONE',  ( 2.889999999999997460, -1.259999999999996678, 1.270000000000000684 ) ) ;
#470 = ORIENTED_EDGE ( 'NONE', *, *, #3744, .T. ) ;
#471 = VECTOR ( 'NONE', #2034, 1000.000000000000000 ) ;
#472 = STYLED_ITEM ( 'NONE', ( #4467 ), #865 ) ;
#473 = FACE_OUTER_BOUND ( 'NONE', #748, .T. ) ;
#474 = EDGE_CURVE ( 'NONE', #2046, #1761, #3769, .T. ) ;
#475 = FILL_AREA_STYLE_COLOUR ( '', #2970 ) ;
#476 = MECHANICAL_DESIGN_GEOMETRIC_PRESENTATION_REPRESENTATION (  '', ( #3575 ), #3249 ) ;
#477 = DIRECTION ( 'NONE',  ( -0.0000000000000000000, 0.0000000000000000000, -1.000000000000000000 ) ) ;
#478 = UNCERTAINTY_MEASURE_WITH_UNIT (LENGTH_MEASURE( 1.000000000000000082E-05 ), #2003, 'distance_accuracy_value', 'NONE');
#479 = SURFACE_SIDE_STYLE ('',( #569 ) ) ;
#480 = EDGE_CURVE ( 'NONE', #128, #2674, #4198, .T. ) ;
#481 = VERTEX_POINT ( 'NONE', #350 ) ;
#482 = FILL_AREA_STYLE ('',( #3928 ) ) ;
#483 = ORIENTED_EDGE ( 'NONE', *, *, #3525, .T. ) ;
#484 = UNCERTAINTY_MEASURE_WITH_UNIT (LENGTH_MEASURE( 1.000000000000000082E-05 ), #202, 'distance_accuracy_value', 'NONE');
#485 = AXIS2_PLACEMENT_3D ( 'NONE', #728, #3808, #1053 ) ;
#486 = VECTOR ( 'NONE', #2880, 1000.000000000000000 ) ;
#487 = DIRECTION ( 'NONE',  ( 0.0000000000000000000, -1.000000000000000000, -0.0000000000000000000 ) ) ;
#488 = ORIENTED_EDGE ( 'NONE', *, *, #2235, .F. ) ;
#489 = CARTESIAN_POINT ( 'NONE',  ( -2.049999999999997602, -1.400000000000000577, -1.270000000000000240 ) ) ;
#490 = CARTESIAN_POINT ( 'NONE',  ( 1.585000000000000409, -1.146000000000000352, -0.3150000000000001132 ) ) ;
#491 = AXIS2_PLACEMENT_3D ( 'NONE', #1978, #439, #53 ) ;
#492 = PRESENTATION_LAYER_ASSIGNMENT (  '', '', ( #1914 ) ) ;
#493 = CARTESIAN_POINT ( 'NONE',  ( 2.539999999999999591, -0.9099999999999999201, -1.270000000000000240 ) ) ;
#494 = ORIENTED_EDGE ( 'NONE', *, *, #4078, .F. ) ;
#495 = FILL_AREA_STYLE_COLOUR ( '', #4653 ) ;
#496 = PRESENTATION_STYLE_ASSIGNMENT (( #65 ) ) ;
#497 = LINE ( 'NONE', #2392, #4879 ) ;
#498 = EDGE_CURVE ( 'NONE', #2525, #2296, #3821, .T. ) ;
#499 = AXIS2_PLACEMENT_3D ( 'NONE', #4729, #1441, #1060 ) ;
#500 = FACE_OUTER_BOUND ( 'NONE', #2329, .T. ) ;
#501 = CARTESIAN_POINT ( 'NONE',  ( -2.882882057274446908, 1.252882057274445904, -1.262882057274444580 ) ) ;
#502 = ORIENTED_EDGE ( 'NONE', *, *, #4445, .T. ) ;
#503 = EDGE_CURVE ( 'NONE', #4309, #4067, #3095, .T. ) ;
#504 = ORIENTED_EDGE ( 'NONE', *, *, #4050, .T. ) ;
#505 = DIRECTION ( 'NONE',  ( -0.0000000000000000000, 0.0000000000000000000, -1.000000000000000000 ) ) ;
#506 = LINE ( 'NONE', #3552, #3334 ) ;
#507 =( BOUNDED_CURVE ( )  B_SPLINE_CURVE ( 3, ( #2466, #256, #2818, #571 ),
 .UNSPECIFIED., .F., .F. ) 
 B_SPLINE_CURVE_WITH_KNOTS ( ( 4, 4 ),
 ( 4.979981375522491760, 6.283185307179586232 ),
 .UNSPECIFIED. ) 
 CURVE ( )  GEOMETRIC_REPRESENTATION_ITEM ( )  RATIONAL_B_SPLINE_CURVE ( ( 1.000000000000000000, 0.8634088596862038445, 0.8634088596862038445, 1.000000000000000000 ) ) 
 REPRESENTATION_ITEM ( '' )  );
#508 = VERTEX_POINT ( 'NONE', #1913 ) ;
#510 =( NAMED_UNIT ( * ) SI_UNIT ( $, .STERADIAN. ) SOLID_ANGLE_UNIT ( ) );
#509 = STYLED_ITEM ( 'NONE', ( #3346 ), #4837 ) ;
#511 =( NAMED_UNIT ( * ) SI_UNIT ( $, .STERADIAN. ) SOLID_ANGLE_UNIT ( ) );
#512 = SURFACE_SIDE_STYLE ('',( #3964 ) ) ;
#513 = ORIENTED_EDGE ( 'NONE', *, *, #2266, .T. ) ;
#514 = ORIENTED_EDGE ( 'NONE', *, *, #646, .F. ) ;
#515 = CARTESIAN_POINT ( 'NONE',  ( 0.0000000000000000000, -1.400000000000001021, -0.9200000000000003730 ) ) ;
#516 = FILL_AREA_STYLE_COLOUR ( '', #2557 ) ;
#517 = CARTESIAN_POINT ( 'NONE',  ( 5.080000000000000071, -1.400000000000000133, 0.7700000000000000178 ) ) ;
#518 = CARTESIAN_POINT ( 'NONE',  ( 5.080000000000000071, 1.199999999999999956, -1.070000000000000062 ) ) ;
#519 = SURFACE_SIDE_STYLE ('',( #3499 ) ) ;
#520 = EDGE_CURVE ( 'NONE', #2169, #990, #1190, .T. ) ;
#521 = ORIENTED_EDGE ( 'NONE', *, *, #3364, .F. ) ;
#522 = FILL_AREA_STYLE ('',( #4118 ) ) ;
#523 =( NAMED_UNIT ( * ) PLANE_ANGLE_UNIT ( ) SI_UNIT ( $, .RADIAN. ) );
#524 = LINE ( 'NONE', #4258, #2300 ) ;
#525 = EDGE_CURVE ( 'NONE', #1128, #3285, #2259, .T. ) ;
#526 = VERTEX_POINT ( 'NONE', #2814 ) ;
#527 = FILL_AREA_STYLE_COLOUR ( '', #3919 ) ;
#528 = LINE ( 'NONE', #955, #2309 ) ;
#529 = ORIENTED_EDGE ( 'NONE', *, *, #4819, .T. ) ;
#530 = FILL_AREA_STYLE ('',( #3963 ) ) ;
#531 = SURFACE_STYLE_FILL_AREA ( #3480 ) ;
#532 = EDGE_CURVE ( 'NONE', #481, #1402, #1627, .T. ) ;
#533 = LINE ( 'NONE', #2121, #4590 ) ;
#534 =( NAMED_UNIT ( * ) PLANE_ANGLE_UNIT ( ) SI_UNIT ( $, .RADIAN. ) );
#535 = CARTESIAN_POINT ( 'NONE',  ( 5.080000000000000071, 1.399999999999999689, -1.269999999999999796 ) ) ;
#536 = EDGE_LOOP ( 'NONE', ( #1293, #943, #1359, #3339 ) ) ;
#537 = VECTOR ( 'NONE', #2325, 1000.000000000000000 ) ;
#538 = CARTESIAN_POINT ( 'NONE',  ( -0.4899999999999997691, 1.399999999999999689, -1.069999999999999840 ) ) ;
#539 = PRESENTATION_STYLE_ASSIGNMENT (( #4252 ) ) ;
#540 =( NAMED_UNIT ( * ) PLANE_ANGLE_UNIT ( ) SI_UNIT ( $, .RADIAN. ) );
#541 = COLOUR_RGB ( '',0.9686274509803921573, 0.8784313725490195957, 0.5999999999999999778 ) ;
#542 = FACE_OUTER_BOUND ( 'NONE', #2774, .T. ) ;
#543 = AXIS2_PLACEMENT_3D ( 'NONE', #1813, #2541, #2890 ) ;
#544 = VECTOR ( 'NONE', #1698, 1000.000000000000114 ) ;
#545 = PRESENTATION_STYLE_ASSIGNMENT (( #2741 ) ) ;
#546 = VECTOR ( 'NONE', #56, 1000.000000000000000 ) ;
#547 = PRESENTATION_STYLE_ASSIGNMENT (( #1968 ) ) ;
#548 = EDGE_LOOP ( 'NONE', ( #2461, #1245, #1527, #3953, #2720, #1771 ) ) ;
#549 = LINE ( 'NONE', #4829, #3507 ) ;
#550 = STYLED_ITEM ( 'NONE', ( #1252 ), #2389 ) ;
#551 = ORIENTED_EDGE ( 'NONE', *, *, #1076, .T. ) ;
#552 = DIRECTION ( 'NONE',  ( 0.0000000000000000000, -1.548860246407863583E-16, 1.000000000000000000 ) ) ;
#553 = EDGE_CURVE ( 'NONE', #3840, #2215, #4680, .T. ) ;
#554 = CARTESIAN_POINT ( 'NONE',  ( 5.080000000000000071, 1.199999999999999956, 1.270000000000000018 ) ) ;
#555 =( LENGTH_UNIT ( ) NAMED_UNIT ( * ) SI_UNIT ( .MILLI., .METRE. ) );
#556 = ORIENTED_EDGE ( 'NONE', *, *, #3702, .T. ) ;
#557 = CARTESIAN_POINT ( 'NONE',  ( 0.0000000000000000000, -1.400000000000001021, 0.9200000000000003730 ) ) ;
#558 = ORIENTED_EDGE ( 'NONE', *, *, #2489, .F. ) ;
#559 = CARTESIAN_POINT ( 'NONE',  ( -0.9549999999999997380, 1.399999999999999689, -0.3150000000000001688 ) ) ;
#560 = ADVANCED_FACE ( 'NONE', ( #3542 ), #1217, .F. ) ;
#561 = VECTOR ( 'NONE', #505, 1000.000000000000000 ) ;
#562 = CARTESIAN_POINT ( 'NONE',  ( 2.049999999999999822, 1.399999999999999689, 1.070000000000000284 ) ) ;
#563 = EDGE_LOOP ( 'NONE', ( #3569, #4850, #4758, #4292 ) ) ;
#564 = FACE_OUTER_BOUND ( 'NONE', #1011, .T. ) ;
#565 = LINE ( 'NONE', #4373, #3435 ) ;
#566 = AXIS2_PLACEMENT_3D ( 'NONE', #4917, #1110, #2210 ) ;
#567 = EDGE_CURVE ( 'NONE', #2552, #1452, #4701, .T. ) ;
#568 = FILL_AREA_STYLE_COLOUR ( '', #3094 ) ;
#569 = SURFACE_STYLE_FILL_AREA ( #3145 ) ;
#570 = AXIS2_PLACEMENT_3D ( 'NONE', #4216, #1058, #677 ) ;
#571 = CARTESIAN_POINT ( 'NONE',  ( 2.049999999999999822, 1.399999999999999689, 1.070000000000000284 ) ) ;
#572 = UNCERTAINTY_MEASURE_WITH_UNIT (LENGTH_MEASURE( 1.000000000000000082E-05 ), #957, 'distance_accuracy_value', 'NONE');
#573 = CARTESIAN_POINT ( 'NONE',  ( -3.494999999999999662, 1.399999999999999689, 0.3149999999999999467 ) ) ;
#574 = ORIENTED_EDGE ( 'NONE', *, *, #668, .T. ) ;
#575 = SURFACE_SIDE_STYLE ('',( #4846 ) ) ;
#576 =( NAMED_UNIT ( * ) SI_UNIT ( $, .STERADIAN. ) SOLID_ANGLE_UNIT ( ) );
#577 = ORIENTED_EDGE ( 'NONE', *, *, #3208, .T. ) ;
#578 = VECTOR ( 'NONE', #1795, 1000.000000000000000 ) ;
#579 = CARTESIAN_POINT ( 'NONE',  ( 3.494999999999999662, -1.400000000000001021, -0.3150000000000001132 ) ) ;
#580 = VERTEX_POINT ( 'NONE', #2442 ) ;
#581 = DIRECTION ( 'NONE',  ( -1.000000000000000000, -0.0000000000000000000, -0.0000000000000000000 ) ) ;
#582 = EDGE_CURVE ( 'NONE', #821, #2191, #113, .T. ) ;
#583 = VERTEX_POINT ( 'NONE', #4002 ) ;
#584 = CARTESIAN_POINT ( 'NONE',  ( 4.590000000000001634, 1.399999999999999467, 1.163653726294448187 ) ) ;
#585 = CARTESIAN_POINT ( 'NONE',  ( 3.030000000000002469, -1.400000000000000577, -1.270000000000000240 ) ) ;
#586 = ORIENTED_EDGE ( 'NONE', *, *, #668, .F. ) ;
#587 = COLOUR_RGB ( '',0.1019607843137254888, 0.1019607843137254888, 0.1019607843137254888 ) ;
#588 = VECTOR ( 'NONE', #3535, 1000.000000000000000 ) ;
#589 = PRESENTATION_STYLE_ASSIGNMENT (( #208 ) ) ;
#590 = EDGE_CURVE ( 'NONE', #2215, #252, #2464, .T. ) ;
#591 = CARTESIAN_POINT ( 'NONE',  ( 5.080000000000000071, 1.399999999999999689, 1.270000000000000018 ) ) ;
#592 = AXIS2_PLACEMENT_3D ( 'NONE', #101, #802, #834 ) ;
#593 = CARTESIAN_POINT ( 'NONE',  ( -0.3500000000000002554, -1.260000000000000009, -1.270000000000000240 ) ) ;
#594 = ADVANCED_FACE ( 'NONE', ( #3898 ), #2791, .T. ) ;
#595 = VERTEX_POINT ( 'NONE', #3254 ) ;
#596 =( NAMED_UNIT ( * ) SI_UNIT ( $, .STERADIAN. ) SOLID_ANGLE_UNIT ( ) );
#597 = ORIENTED_EDGE ( 'NONE', *, *, #582, .T. ) ;
#598 = CARTESIAN_POINT ( 'NONE',  ( -3.494999999999999662, -1.146000000000000352, 0.3149999999999998912 ) ) ;
#599 = CARTESIAN_POINT ( 'NONE',  ( 0.3428820572744434303, 1.252882057274441907, -1.262882057274445691 ) ) ;
#600 = SURFACE_STYLE_FILL_AREA ( #716 ) ;
#601 =( NAMED_UNIT ( * ) SI_UNIT ( $, .STERADIAN. ) SOLID_ANGLE_UNIT ( ) );
#602 = ORIENTED_EDGE ( 'NONE', *, *, #1577, .F. ) ;
#603 = DIRECTION ( 'NONE',  ( -0.7071067811865491270, 0.0000000000000000000, 0.7071067811865459074 ) ) ;
#604 = FILL_AREA_STYLE_COLOUR ( '', #3947 ) ;
#605 = EDGE_LOOP ( 'NONE', ( #2222, #3595, #3297, #4505 ) ) ;
#606 = CARTESIAN_POINT ( 'NONE',  ( 2.539999999999999591, -0.9099999999999999201, -0.9200000000000001510 ) ) ;
#607 = PRODUCT_DEFINITION ( 'UNKNOWN', '', #836, #2367 ) ;
#608 =( NAMED_UNIT ( * ) PLANE_ANGLE_UNIT ( ) SI_UNIT ( $, .RADIAN. ) );
#609 = VERTEX_POINT ( 'NONE', #2956 ) ;
#610 = STYLED_ITEM ( 'NONE', ( #4522 ), #826 ) ;
#611 =( NAMED_UNIT ( * ) SI_UNIT ( $, .STERADIAN. ) SOLID_ANGLE_UNIT ( ) );
#612 = AXIS2_PLACEMENT_3D ( 'NONE', #1012, #270, #655 ) ;
#613 = COLOUR_RGB ( '',0.1019607843137254888, 0.1019607843137254888, 0.1019607843137254888 ) ;
#614 = SURFACE_STYLE_FILL_AREA ( #1767 ) ;
#615 = EDGE_CURVE ( 'NONE', #3074, #3915, #975, .T. ) ;
#616 = CARTESIAN_POINT ( 'NONE',  ( 5.080000000000000959, 0.9099999999999993650, 0.9200000000000004841 ) ) ;
#617 = CARTESIAN_POINT ( 'NONE',  ( 0.9550000000000000711, -1.400000000000001021, -0.3150000000000001132 ) ) ;
#618 = FACE_OUTER_BOUND ( 'NONE', #4830, .T. ) ;
#619 = VECTOR ( 'NONE', #2639, 1000.000000000000000 ) ;
#620 = COLOUR_RGB ( '',0.1019607843137254888, 0.1019607843137254888, 0.1019607843137254888 ) ;
#621 = UNCERTAINTY_MEASURE_WITH_UNIT (LENGTH_MEASURE( 1.000000000000000082E-05 ), #3937, 'distance_accuracy_value', 'NONE');
#622 = EDGE_CURVE ( 'NONE', #3748, #508, #3328, .T. ) ;
#623 =( GEOMETRIC_REPRESENTATION_CONTEXT ( 3 ) GLOBAL_UNCERTAINTY_ASSIGNED_CONTEXT ( ( #3118 ) ) GLOBAL_UNIT_ASSIGNED_CONTEXT ( ( #2910, #1768, #1444 ) ) REPRESENTATION_CONTEXT ( 'NONE', 'WORKASPACE' ) );
#624 = CARTESIAN_POINT ( 'NONE',  ( -0.3350000000000000755, 12.69999999999999929, -0.3350000000000001310 ) ) ;
#625 = EDGE_LOOP ( 'NONE', ( #1826, #1092, #1150, #1463 ) ) ;
#626 = VECTOR ( 'NONE', #1984, 1000.000000000000000 ) ;
#627 = CARTESIAN_POINT ( 'NONE',  ( 3.030000000000002469, -1.400000000000000577, -1.270000000000000240 ) ) ;
#628 = PRESENTATION_STYLE_ASSIGNMENT (( #3990 ) ) ;
#629 = LINE ( 'NONE', #3824, #3064 ) ;
#630 = ORIENTED_EDGE ( 'NONE', *, *, #2475, .F. ) ;
#631 = VERTEX_POINT ( 'NONE', #276 ) ;
#632 =( NAMED_UNIT ( * ) SI_UNIT ( $, .STERADIAN. ) SOLID_ANGLE_UNIT ( ) );
#633 =( GEOMETRIC_REPRESENTATION_CONTEXT ( 3 ) GLOBAL_UNCERTAINTY_ASSIGNED_CONTEXT ( ( #3768 ) ) GLOBAL_UNIT_ASSIGNED_CONTEXT ( ( #4562, #2225, #341 ) ) REPRESENTATION_CONTEXT ( 'NONE', 'WORKASPACE' ) );
#634 = PRESENTATION_STYLE_ASSIGNMENT (( #2202 ) ) ;
#635 = ORIENTED_EDGE ( 'NONE', *, *, #3325, .F. ) ;
#636 = AXIS2_PLACEMENT_3D ( 'NONE', #1322, #552, #191 ) ;
#637 = SURFACE_SIDE_STYLE ('',( #1338 ) ) ;
#638 = DIRECTION ( 'NONE',  ( -1.000000000000000000, -0.0000000000000000000, -0.0000000000000000000 ) ) ;
#639 =( NAMED_UNIT ( * ) SI_UNIT ( $, .STERADIAN. ) SOLID_ANGLE_UNIT ( ) );
#640 =( NAMED_UNIT ( * ) PLANE_ANGLE_UNIT ( ) SI_UNIT ( $, .RADIAN. ) );
#641 = PLANE ( 'NONE',  #1289 ) ;
#642 = DIRECTION ( 'NONE',  ( 0.0000000000000000000, 0.0000000000000000000, 1.000000000000000000 ) ) ;
#643 = EDGE_CURVE ( 'NONE', #725, #2263, #2889, .T. ) ;
#644 = FACE_OUTER_BOUND ( 'NONE', #3276, .T. ) ;
#645 = ORIENTED_EDGE ( 'NONE', *, *, #4022, .T. ) ;
#646 = EDGE_CURVE ( 'NONE', #1639, #4286, #1793, .T. ) ;
#647 = FILL_AREA_STYLE_COLOUR ( '', #1438 ) ;
#648 = AXIS2_PLACEMENT_3D ( 'NONE', #2723, #48, #4661 ) ;
#649 = SURFACE_SIDE_STYLE ('',( #2524 ) ) ;
#650 = SURFACE_SIDE_STYLE ('',( #743 ) ) ;
#651 = ORIENTED_EDGE ( 'NONE', *, *, #295, .F. ) ;
#652 = ORIENTED_EDGE ( 'NONE', *, *, #4274, .T. ) ;
#653 = PLANE ( 'NONE',  #3588 ) ;
#655 = DIRECTION ( 'NONE',  ( 0.7071067811865459074, 0.0000000000000000000, -0.7071067811865491270 ) ) ;
#654 = VECTOR ( 'NONE', #2794, 1000.000000000000000 ) ;
#656 = ORIENTED_EDGE ( 'NONE', *, *, #2633, .T. ) ;
#657 = PRESENTATION_STYLE_ASSIGNMENT (( #4472 ) ) ;
#658 = CARTESIAN_POINT ( 'NONE',  ( 1.584999999999999964, -1.400000000000001021, -0.3150000000000001132 ) ) ;
#659 =( NAMED_UNIT ( * ) PLANE_ANGLE_UNIT ( ) SI_UNIT ( $, .RADIAN. ) );
#660 = APPLICATION_CONTEXT ( 'automotive_design' ) ;
#661 = VECTOR ( 'NONE', #4186, 1000.000000000000000 ) ;
#662 = PLANE ( 'NONE',  #2498 ) ;
#663 = CARTESIAN_POINT ( 'NONE',  ( 4.730000000000000426, -1.260000000000000231, -1.270000000000000240 ) ) ;
#664 = UNCERTAINTY_MEASURE_WITH_UNIT (LENGTH_MEASURE( 1.000000000000000082E-05 ), #2587, 'distance_accuracy_value', 'NONE');
#665 = AXIS2_PLACEMENT_3D ( 'NONE', #4859, #1433, #2949 ) ;
#666 = VECTOR ( 'NONE', #1675, 1000.000000000000000 ) ;
#667 = DIRECTION ( 'NONE',  ( -1.000000000000000000, -0.0000000000000000000, -0.0000000000000000000 ) ) ;
#668 = EDGE_CURVE ( 'NONE', #526, #1780, #3279, .T. ) ;
#669 = ORIENTED_EDGE ( 'NONE', *, *, #2144, .T. ) ;
#670 = ORIENTED_EDGE ( 'NONE', *, *, #2540, .F. ) ;
#671 = FILL_AREA_STYLE_COLOUR ( '', #3970 ) ;
#672 = ADVANCED_FACE ( 'NONE', ( #1368 ), #4447, .F. ) ;
#673 = CARTESIAN_POINT ( 'NONE',  ( 4.590000000000000746, -1.400000000000000133, 1.269999999999999574 ) ) ;
#674 = ADVANCED_FACE ( 'NONE', ( #1061 ), #1342, .F. ) ;
#675 = FILL_AREA_STYLE_COLOUR ( '', #3899 ) ;
#676 = SURFACE_SIDE_STYLE ('',( #1515 ) ) ;
#677 = DIRECTION ( 'NONE',  ( 1.000000000000000000, 0.0000000000000000000, 0.0000000000000000000 ) ) ;
#678 = CARTESIAN_POINT ( 'NONE',  ( 0.1350000000000003142, 12.69999999999999929, -0.1350000000000004530 ) ) ;
#679 = SURFACE_SIDE_STYLE ('',( #757 ) ) ;
#680 = CARTESIAN_POINT ( 'NONE',  ( -2.882882057274446463, 1.252882057274445904, -1.262882057274444580 ) ) ;
#681 = AXIS2_PLACEMENT_3D ( 'NONE', #3474, #97, #722 ) ;
#682 =( BOUNDED_CURVE ( )  B_SPLINE_CURVE ( 3, ( #1967, #2396, #1650, #2364 ),
 .UNSPECIFIED., .F., .T. ) 
 B_SPLINE_CURVE_WITH_KNOTS ( ( 4, 4 ),
 ( 2.874000258452003909, 3.141592653589793116 ),
 .UNSPECIFIED. ) 
 CURVE ( )  GEOMETRIC_REPRESENTATION_ITEM ( )  RATIONAL_B_SPLINE_CURVE ( ( 1.000000000000000000, 0.9940417555543827888, 0.9940417555543827888, 1.000000000000000000 ) ) 
 REPRESENTATION_ITEM ( '' )  );
#683 = VECTOR ( 'NONE', #1974, 1000.000000000000000 ) ;
#684 = LINE ( 'NONE', #3746, #462 ) ;
#685 = PLANE ( 'NONE',  #3168 ) ;
#687 = ORIENTED_EDGE ( 'NONE', *, *, #4084, .T. ) ;
#686 =( GEOMETRIC_REPRESENTATION_CONTEXT ( 3 ) GLOBAL_UNCERTAINTY_ASSIGNED_CONTEXT ( ( #3931 ) ) GLOBAL_UNIT_ASSIGNED_CONTEXT ( ( #1723, #2016, #3162 ) ) REPRESENTATION_CONTEXT ( 'NONE', 'WORKASPACE' ) );
#688 = PRESENTATION_LAYER_ASSIGNMENT (  '', '', ( #3815 ) ) ;
#689 = ORIENTED_EDGE ( 'NONE', *, *, #4480, .F. ) ;
#690 = DIRECTION ( 'NONE',  ( 1.000000000000000000, 0.0000000000000000000, 0.0000000000000000000 ) ) ;
#691 = STYLED_ITEM ( 'NONE', ( #6 ), #1545 ) ;
#692 = PRESENTATION_STYLE_ASSIGNMENT (( #2005 ) ) ;
#693 =( NAMED_UNIT ( * ) SI_UNIT ( $, .STERADIAN. ) SOLID_ANGLE_UNIT ( ) );
#694 = ORIENTED_EDGE ( 'NONE', *, *, #3960, .F. ) ;
#695 = SURFACE_STYLE_FILL_AREA ( #4513 ) ;
#696 = FILL_AREA_STYLE_COLOUR ( '', #4430 ) ;
#697 = DIRECTION ( 'NONE',  ( 0.0000000000000000000, -1.000000000000000000, 0.0000000000000000000 ) ) ;
#698 = EDGE_CURVE ( 'NONE', #1200, #2429, #4915, .T. ) ;
#699 = AXIS2_PLACEMENT_3D ( 'NONE', #876, #3504, #798 ) ;
#700 = CARTESIAN_POINT ( 'NONE',  ( -1.584999999999999964, 1.399999999999999689, 0.3149999999999998912 ) ) ;
#701 =( NAMED_UNIT ( * ) PLANE_ANGLE_UNIT ( ) SI_UNIT ( $, .RADIAN. ) );
#702 = ORIENTED_EDGE ( 'NONE', *, *, #2111, .F. ) ;
#703 = PRESENTATION_LAYER_ASSIGNMENT (  '', '', ( #397 ) ) ;
#704 = DIRECTION ( 'NONE',  ( -0.7071067811865486830, -0.7071067811865464625, 0.0000000000000000000 ) ) ;
#705 = EDGE_CURVE ( 'NONE', #2103, #4656, #1571, .T. ) ;
#706 = PRODUCT_DEFINITION_SHAPE ( 'NONE', 'NONE',  #4936 ) ;
#707 = DIRECTION ( 'NONE',  ( -1.000000000000000000, 0.0000000000000000000, -0.0000000000000000000 ) ) ;
#708 =( LENGTH_UNIT ( ) NAMED_UNIT ( * ) SI_UNIT ( .MILLI., .METRE. ) );
#709 = STYLED_ITEM ( 'NONE', ( #3698 ), #2665 ) ;
#710 =( NAMED_UNIT ( * ) SI_UNIT ( $, .STERADIAN. ) SOLID_ANGLE_UNIT ( ) );
#711 = PLANE ( 'NONE',  #4341 ) ;
#712 = DIRECTION ( 'NONE',  ( 0.7071067811865459074, 0.0000000000000000000, 0.7071067811865491270 ) ) ;
#713 = UNCERTAINTY_MEASURE_WITH_UNIT (LENGTH_MEASURE( 1.000000000000000082E-05 ), #914, 'distance_accuracy_value', 'NONE');
#714 = AXIS2_PLACEMENT_3D ( 'NONE', #2775, #4287, #3910 ) ;
#715 =( NAMED_UNIT ( * ) SI_UNIT ( $, .STERADIAN. ) SOLID_ANGLE_UNIT ( ) );
#716 = FILL_AREA_STYLE ('',( #3987 ) ) ;
#717 = EDGE_LOOP ( 'NONE', ( #3445, #1904, #4752, #3511 ) ) ;
#718 = UNCERTAINTY_MEASURE_WITH_UNIT (LENGTH_MEASURE( 1.000000000000000082E-05 ), #1088, 'distance_accuracy_value', 'NONE');
#719 = VERTEX_POINT ( 'NONE', #1467 ) ;
#720 =( NAMED_UNIT ( * ) SI_UNIT ( $, .STERADIAN. ) SOLID_ANGLE_UNIT ( ) );
#721 = VECTOR ( 'NONE', #704, 999.9999999999998863 ) ;
#722 = DIRECTION ( 'NONE',  ( 0.0000000000000000000, 0.0000000000000000000, 1.000000000000000000 ) ) ;
#723 =( NAMED_UNIT ( * ) PLANE_ANGLE_UNIT ( ) SI_UNIT ( $, .RADIAN. ) );
#724 = STYLED_ITEM ( 'NONE', ( #249 ), #3585 ) ;
#725 = VERTEX_POINT ( 'NONE', #2276 ) ;
#726 = DIRECTION ( 'NONE',  ( -1.000000000000000000, -0.0000000000000000000, -0.0000000000000000000 ) ) ;
#727 = SURFACE_STYLE_USAGE ( .BOTH. , #292 ) ;
#728 = CARTESIAN_POINT ( 'NONE',  ( 4.372893218813453942, -1.400000000000001021, -1.627106781186546725 ) ) ;
#729 = COLOUR_RGB ( '',0.9686274509803921573, 0.8784313725490195957, 0.5999999999999999778 ) ;
#730 = CARTESIAN_POINT ( 'NONE',  ( 2.889999999999997460, 1.199999999999999956, 1.270000000000000018 ) ) ;
#731 = LINE ( 'NONE', #2629, #4306 ) ;
#732 = EDGE_CURVE ( 'NONE', #136, #1052, #4141, .T. ) ;
#733 = PRESENTATION_STYLE_ASSIGNMENT (( #4098 ) ) ;
#734 =( NAMED_UNIT ( * ) SI_UNIT ( $, .STERADIAN. ) SOLID_ANGLE_UNIT ( ) );
#735 = DIRECTION ( 'NONE',  ( 0.0000000000000000000, 1.000000000000000000, -0.0000000000000000000 ) ) ;
#736 = EDGE_CURVE ( 'NONE', #3470, #2274, #1932, .T. ) ;
#737 =( GEOMETRIC_REPRESENTATION_CONTEXT ( 3 ) GLOBAL_UNCERTAINTY_ASSIGNED_CONTEXT ( ( #3773 ) ) GLOBAL_UNIT_ASSIGNED_CONTEXT ( ( #3464, #1214, #1268 ) ) REPRESENTATION_CONTEXT ( 'NONE', 'WORKASPACE' ) );
#738 = FACE_OUTER_BOUND ( 'NONE', #4254, .T. ) ;
#739 = PLANE ( 'NONE',  #4624 ) ;
#740 = LINE ( 'NONE', #4920, #4379 ) ;
#741 = EDGE_CURVE ( 'NONE', #3316, #2691, #2252, .T. ) ;
#742 = ORIENTED_EDGE ( 'NONE', *, *, #3496, .T. ) ;
#743 = SURFACE_STYLE_FILL_AREA ( #3413 ) ;
#744 = ORIENTED_EDGE ( 'NONE', *, *, #3859, .F. ) ;
#745 = MECHANICAL_DESIGN_GEOMETRIC_PRESENTATION_REPRESENTATION (  '', ( #207 ), #1635 ) ;
#746 = LINE ( 'NONE', #3777, #1882 ) ;
#747 = CARTESIAN_POINT ( 'NONE',  ( -0.4899999999999997691, 1.399999999999999689, 1.070000000000000284 ) ) ;
#748 = EDGE_LOOP ( 'NONE', ( #2528, #2423, #3317, #3839, #4482, #2917 ) ) ;
#749 = PLANE ( 'NONE',  #491 ) ;
#750 = CONTEXT_DEPENDENT_SHAPE_REPRESENTATION ( #1079, #2345 ) ;
#751 =( NAMED_UNIT ( * ) SI_UNIT ( $, .STERADIAN. ) SOLID_ANGLE_UNIT ( ) );
#752 = LINE ( 'NONE', #2008, #588 ) ;
#753 = ORIENTED_EDGE ( 'NONE', *, *, #3304, .T. ) ;
#754 = SURFACE_SIDE_STYLE ('',( #4568 ) ) ;
#755 = ORIENTED_EDGE ( 'NONE', *, *, #2905, .T. ) ;
#756 = SURFACE_SIDE_STYLE ('',( #1439 ) ) ;
#757 = SURFACE_STYLE_FILL_AREA ( #4193 ) ;
#758 = FACE_OUTER_BOUND ( 'NONE', #877, .T. ) ;
#759 = DIRECTION ( 'NONE',  ( -0.0000000000000000000, -0.0000000000000000000, -1.000000000000000000 ) ) ;
#760 = ADVANCED_FACE ( 'NONE', ( #3087, #1153 ), #4547, .F. ) ;
#761 = DIRECTION ( 'NONE',  ( 0.0000000000000000000, -1.000000000000000000, -0.0000000000000000000 ) ) ;
#762 =( NAMED_UNIT ( * ) SI_UNIT ( $, .STERADIAN. ) SOLID_ANGLE_UNIT ( ) );
#763 = ORIENTED_EDGE ( 'NONE', *, *, #3825, .F. ) ;
#764 = PRESENTATION_STYLE_ASSIGNMENT (( #1007 ) ) ;
#765 = PRESENTATION_LAYER_ASSIGNMENT (  '', '', ( #2043 ) ) ;
#766 = UNCERTAINTY_MEASURE_WITH_UNIT (LENGTH_MEASURE( 1.000000000000000082E-05 ), #4181, 'distance_accuracy_value', 'NONE');
#767 = ORIENTED_EDGE ( 'NONE', *, *, #1572, .F. ) ;
#768 =( GEOMETRIC_REPRESENTATION_CONTEXT ( 3 ) GLOBAL_UNCERTAINTY_ASSIGNED_CONTEXT ( ( #2198 ) ) GLOBAL_UNIT_ASSIGNED_CONTEXT ( ( #3312, #1376, #4126 ) ) REPRESENTATION_CONTEXT ( 'NONE', 'WORKASPACE' ) );
#769 = EDGE_CURVE ( 'NONE', #3251, #3652, #3377, .T. ) ;
#770 = VECTOR ( 'NONE', #1576, 1000.000000000000000 ) ;
#771 = PRESENTATION_LAYER_ASSIGNMENT (  '', '', ( #938 ) ) ;
#772 = VERTEX_POINT ( 'NONE', #4599 ) ;
#773 = DIRECTION ( 'NONE',  ( 1.000000000000000000, 0.0000000000000000000, 0.0000000000000000000 ) ) ;
#774 = CARTESIAN_POINT ( 'NONE',  ( 0.9550000000000000711, -1.400000000000001021, 0.3149999999999998912 ) ) ;
#775 = VECTOR ( 'NONE', #3436, 1000.000000000000000 ) ;
#776 = COLOUR_RGB ( '',0.9686274509803921573, 0.8784313725490195957, 0.5999999999999999778 ) ;
#777 = DIRECTION ( 'NONE',  ( 1.618212197739558882E-16, -0.0000000000000000000, 1.000000000000000000 ) ) ;
#778 = AXIS2_PLACEMENT_3D ( 'NONE', #1837, #392, #3403 ) ;
#779 = ORIENTED_EDGE ( 'NONE', *, *, #2727, .T. ) ;
#780 = EDGE_LOOP ( 'NONE', ( #4567, #953, #2353, #69 ) ) ;
#781 = FACE_OUTER_BOUND ( 'NONE', #3533, .T. ) ;
#782 = AXIS2_PLACEMENT_3D ( 'NONE', #3682, #4043, #271 ) ;
#783 = LINE ( 'NONE', #2275, #2241 ) ;
#784 = CARTESIAN_POINT ( 'NONE',  ( 0.0000000000000000000, -1.146000000000000352, 0.0000000000000000000 ) ) ;
#785 = STYLED_ITEM ( 'NONE', ( #1379 ), #2025 ) ;
#786 = LINE ( 'NONE', #2335, #1535 ) ;
#787 = CARTESIAN_POINT ( 'NONE',  ( 2.889999999999997460, 1.199999999999999956, -1.269999999999999796 ) ) ;
#788 = STYLED_ITEM ( 'NONE', ( #2470 ), #2229 ) ;
#789 = DIRECTION ( 'NONE',  ( 0.0000000000000000000, -0.0000000000000000000, -1.000000000000000000 ) ) ;
#790 = FACE_OUTER_BOUND ( 'NONE', #151, .T. ) ;
#791 = ORIENTED_EDGE ( 'NONE', *, *, #1291, .F. ) ;
#792 = FACE_OUTER_BOUND ( 'NONE', #1561, .T. ) ;
#793 = LINE ( 'NONE', #3799, #4110 ) ;
#794 = EDGE_CURVE ( 'NONE', #1797, #4464, #3459, .T. ) ;
#795 = PRESENTATION_LAYER_ASSIGNMENT (  '', '', ( #709 ) ) ;
#796 = ORIENTED_EDGE ( 'NONE', *, *, #2759, .T. ) ;
#797 = VECTOR ( 'NONE', #1174, 1000.000000000000000 ) ;
#798 = DIRECTION ( 'NONE',  ( 1.000000000000000000, 0.0000000000000000000, 0.0000000000000000000 ) ) ;
#799 = EDGE_CURVE ( 'NONE', #983, #526, #2680, .T. ) ;
#800 = ORIENTED_EDGE ( 'NONE', *, *, #1197, .T. ) ;
#801 = PRESENTATION_STYLE_ASSIGNMENT (( #4235 ) ) ;
#802 = DIRECTION ( 'NONE',  ( 0.0000000000000000000, 0.0000000000000000000, 1.000000000000000000 ) ) ;
#803 = COLOUR_RGB ( '',0.1019607843137254888, 0.1019607843137254888, 0.1019607843137254888 ) ;
#804 = CARTESIAN_POINT ( 'NONE',  ( 0.0000000000000000000, -0.9099999999999999201, 1.270000000000001128 ) ) ;
#805 = CARTESIAN_POINT ( 'NONE',  ( -2.303999999999998938, -1.146000000000000352, 0.7700000000000003508 ) ) ;
#806 = EDGE_CURVE ( 'NONE', #990, #1797, #1108, .T. ) ;
#807 = LINE ( 'NONE', #493, #661 ) ;
#808 = LINE ( 'NONE', #1644, #3142 ) ;
#809 = ORIENTED_EDGE ( 'NONE', *, *, #736, .T. ) ;
#810 =( NAMED_UNIT ( * ) PLANE_ANGLE_UNIT ( ) SI_UNIT ( $, .RADIAN. ) );
#811 = PRESENTATION_LAYER_ASSIGNMENT (  '', '', ( #3273 ) ) ;
#812 = FILL_AREA_STYLE_COLOUR ( '', #4222 ) ;
#813 = STYLED_ITEM ( 'NONE', ( #1466 ), #3888 ) ;
#814 = DIRECTION ( 'NONE',  ( 0.0000000000000000000, 1.000000000000000000, 1.548860246407863583E-16 ) ) ;
#815 = PLANE ( 'NONE',  #903 ) ;
#816 = CARTESIAN_POINT ( 'NONE',  ( 0.9550000000000000711, -1.146000000000000352, -0.3150000000000001132 ) ) ;
#817 = UNCERTAINTY_MEASURE_WITH_UNIT (LENGTH_MEASURE( 1.000000000000000082E-05 ), #3225, 'distance_accuracy_value', 'NONE');
#818 = CARTESIAN_POINT ( 'NONE',  ( -5.080000000000000071, -0.9099999999999999201, 1.270000000000001128 ) ) ;
#819 = CARTESIAN_POINT ( 'NONE',  ( -1.584999999999999964, 1.399999999999999689, -0.3150000000000001132 ) ) ;
#820 =( GEOMETRIC_REPRESENTATION_CONTEXT ( 3 ) GLOBAL_UNCERTAINTY_ASSIGNED_CONTEXT ( ( #2763 ) ) GLOBAL_UNIT_ASSIGNED_CONTEXT ( ( #3522, #3472, #4328 ) ) REPRESENTATION_CONTEXT ( 'NONE', 'WORKASPACE' ) );
#821 = VERTEX_POINT ( 'NONE', #2635 ) ;
#822 = CARTESIAN_POINT ( 'NONE',  ( -4.125000000000000000, -1.400000000000001021, -0.3150000000000001132 ) ) ;
#823 = DIRECTION ( 'NONE',  ( 0.0000000000000000000, -0.0000000000000000000, 1.000000000000000000 ) ) ;
#824 = ORIENTED_EDGE ( 'NONE', *, *, #406, .T. ) ;
#825 = CARTESIAN_POINT ( 'NONE',  ( 2.882882057274443799, 1.252882057274442795, 1.262882057274445913 ) ) ;
#826 = ADVANCED_FACE ( 'NONE', ( #5 ), #1520, .F. ) ;
#827 = APPLICATION_CONTEXT ( 'automotive_design' ) ;
#828 = SURFACE_STYLE_FILL_AREA ( #3443 ) ;
#829 = PRESENTATION_STYLE_ASSIGNMENT (( #2726 ) ) ;
#830 = AXIS2_PLACEMENT_3D ( 'NONE', #1261, #1234, #3512 ) ;
#831 = MECHANICAL_DESIGN_GEOMETRIC_PRESENTATION_REPRESENTATION (  '', ( #2165 ), #4272 ) ;
#832 = EDGE_LOOP ( 'NONE', ( #1481, #2604, #4116, #3679 ) ) ;
#833 = CARTESIAN_POINT ( 'NONE',  ( -4.730000000000002203, 1.217892925670840398, 1.270000000000000240 ) ) ;
#834 = DIRECTION ( 'NONE',  ( 1.000000000000000000, 0.0000000000000000000, 0.0000000000000000000 ) ) ;
#835 = DIRECTION ( 'NONE',  ( 0.5773502691896255090, -0.5773502691896232886, -0.5773502691896285066 ) ) ;
#836 = PRODUCT_DEFINITION_FORMATION_WITH_SPECIFIED_SOURCE ( 'ANY', '', #3420, .NOT_KNOWN. ) ;
#837 = ADVANCED_FACE ( 'NONE', ( #1989 ), #887, .T. ) ;
#838 = DIRECTION ( 'NONE',  ( 0.7071067811865451302, 0.7071067811865499042, 0.0000000000000000000 ) ) ;
#839 = CARTESIAN_POINT ( 'NONE',  ( 5.080000000000000071, 1.399999999999999689, -1.269999999999999796 ) ) ;
#840 = ORIENTED_EDGE ( 'NONE', *, *, #1264, .F. ) ;
#841 = PRESENTATION_STYLE_ASSIGNMENT (( #4270 ) ) ;
#842 = EDGE_CURVE ( 'NONE', #1743, #2456, #4246, .T. ) ;
#843 = DIRECTION ( 'NONE',  ( 0.7071067811865459074, 0.0000000000000000000, -0.7071067811865491270 ) ) ;
#844 =( NAMED_UNIT ( * ) SI_UNIT ( $, .STERADIAN. ) SOLID_ANGLE_UNIT ( ) );
#845 = ORIENTED_EDGE ( 'NONE', *, *, #1484, .F. ) ;
#846 = FACE_OUTER_BOUND ( 'NONE', #3986, .T. ) ;
#847 = ORIENTED_EDGE ( 'NONE', *, *, #3578, .T. ) ;
#848 = DIRECTION ( 'NONE',  ( -0.7071067811865489050, 0.7071067811865462405, -0.0000000000000000000 ) ) ;
#849 = ORIENTED_EDGE ( 'NONE', *, *, #1868, .F. ) ;
#850 =( LENGTH_UNIT ( ) NAMED_UNIT ( * ) SI_UNIT ( .MILLI., .METRE. ) );
#851 =( NAMED_UNIT ( * ) PLANE_ANGLE_UNIT ( ) SI_UNIT ( $, .RADIAN. ) );
#852 = AXIS2_PLACEMENT_3D ( 'NONE', #3397, #4564, #3756 ) ;
#853 = MECHANICAL_DESIGN_GEOMETRIC_PRESENTATION_REPRESENTATION (  '', ( #1254 ), #3572 ) ;
#854 = DIRECTION ( 'NONE',  ( 0.0000000000000000000, -1.548860246407863583E-16, 1.000000000000000000 ) ) ;
#855 = DIRECTION ( 'NONE',  ( -1.000000000000000000, -0.0000000000000000000, -0.0000000000000000000 ) ) ;
#856 = ORIENTED_EDGE ( 'NONE', *, *, #2133, .F. ) ;
#857 = VECTOR ( 'NONE', #91, 1000.000000000000114 ) ;
#858 = PRESENTATION_STYLE_ASSIGNMENT (( #4291 ) ) ;
#859 = ADVANCED_FACE ( 'NONE', ( #131 ), #4273, .T. ) ;
#860 = ORIENTED_EDGE ( 'NONE', *, *, #842, .F. ) ;
#861 = CARTESIAN_POINT ( 'NONE',  ( 4.125000000000000000, -1.146000000000000352, -0.3150000000000001132 ) ) ;
#862 = COLOUR_RGB ( '',0.1019607843137254888, 0.1019607843137254888, 0.1019607843137254888 ) ;
#863 = VECTOR ( 'NONE', #4219, 1000.000000000000000 ) ;
#864 = FILL_AREA_STYLE_COLOUR ( '', #4462 ) ;
#865 = ADVANCED_FACE ( 'NONE', ( #1785 ), #3320, .T. ) ;
#866 =( GEOMETRIC_REPRESENTATION_CONTEXT ( 3 ) GLOBAL_UNCERTAINTY_ASSIGNED_CONTEXT ( ( #40 ) ) GLOBAL_UNIT_ASSIGNED_CONTEXT ( ( #2509, #296, #4764 ) ) REPRESENTATION_CONTEXT ( 'NONE', 'WORKASPACE' ) );
#867 = UNCERTAINTY_MEASURE_WITH_UNIT (LENGTH_MEASURE( 1.000000000000000082E-05 ), #3640, 'distance_accuracy_value', 'NONE');
#868 = PRESENTATION_LAYER_ASSIGNMENT (  '', '', ( #3415 ) ) ;
#869 = DIRECTION ( 'NONE',  ( 0.0000000000000000000, 0.0000000000000000000, -1.000000000000000000 ) ) ;
#870 = SURFACE_STYLE_USAGE ( .BOTH. , #4304 ) ;
#871 = EDGE_CURVE ( 'NONE', #2691, #1200, #1682, .T. ) ;
#872 = VERTEX_POINT ( 'NONE', #2836 ) ;
#873 = UNCERTAINTY_MEASURE_WITH_UNIT (LENGTH_MEASURE( 1.000000000000000082E-05 ), #3229, 'distance_accuracy_value', 'NONE');
#874 = VECTOR ( 'NONE', #4885, 1000.000000000000114 ) ;
#875 = STYLED_ITEM ( 'NONE', ( #1890 ), #2719 ) ;
#876 = CARTESIAN_POINT ( 'NONE',  ( -1.584999999999999964, -1.400000000000001021, 0.3149999999999998912 ) ) ;
#877 = EDGE_LOOP ( 'NONE', ( #4512, #840, #1008, #467 ) ) ;
#878 = SURFACE_STYLE_USAGE ( .BOTH. , #4872 ) ;
#879 = LINE ( 'NONE', #1205, #1991 ) ;
#880 = FACE_OUTER_BOUND ( 'NONE', #2819, .T. ) ;
#881 = DIRECTION ( 'NONE',  ( -0.0000000000000000000, 0.0000000000000000000, -1.000000000000000000 ) ) ;
#882 = LINE ( 'NONE', #464, #4545 ) ;
#883 = MECHANICAL_DESIGN_GEOMETRIC_PRESENTATION_REPRESENTATION (  '', ( #4802 ), #1364 ) ;
#884 = ORIENTED_EDGE ( 'NONE', *, *, #2870, .T. ) ;
#885 = FACE_OUTER_BOUND ( 'NONE', #3013, .T. ) ;
#886 = VECTOR ( 'NONE', #1263, 1000.000000000000114 ) ;
#887 = PLANE ( 'NONE',  #1424 ) ;
#888 = LINE ( 'NONE', #4275, #3243 ) ;
#889 = FACE_OUTER_BOUND ( 'NONE', #4682, .T. ) ;
#890 = COLOUR_RGB ( '',0.1019607843137254888, 0.1019607843137254888, 0.1019607843137254888 ) ;
#891 = SURFACE_SIDE_STYLE ('',( #2441 ) ) ;
#892 = MECHANICAL_DESIGN_GEOMETRIC_PRESENTATION_REPRESENTATION (  '', ( #1925 ), #1124 ) ;
#893 = CARTESIAN_POINT ( 'NONE',  ( 2.049999999999999822, 1.399999999999999689, -1.069999999999999618 ) ) ;
#894 = CYLINDRICAL_SURFACE ( 'NONE', #3543, 0.1999999999999998723 ) ;
#895 = PRESENTATION_STYLE_ASSIGNMENT (( #3902 ) ) ;
#896 = FILL_AREA_STYLE_COLOUR ( '', #4894 ) ;
#897 = ORIENTED_EDGE ( 'NONE', *, *, #3709, .T. ) ;
#898 = COLOUR_RGB ( '',0.9686274509803921573, 0.8784313725490195957, 0.5999999999999999778 ) ;
#899 = SURFACE_STYLE_FILL_AREA ( #1318 ) ;
#900 = EDGE_CURVE ( 'NONE', #1139, #1782, #1335, .T. ) ;
#901 = LINE ( 'NONE', #3549, #1428 ) ;
#902 = EDGE_LOOP ( 'NONE', ( #1516, #767, #308, #285, #3810 ) ) ;
#903 = AXIS2_PLACEMENT_3D ( 'NONE', #2787, #4677, #4220 ) ;
#904 =( LENGTH_UNIT ( ) NAMED_UNIT ( * ) SI_UNIT ( .MILLI., .METRE. ) );
#905 = ORIENTED_EDGE ( 'NONE', *, *, #3125, .T. ) ;
#907 = CARTESIAN_POINT ( 'NONE',  ( -0.3500000000000002554, 1.199999999999999734, 1.270000000000000018 ) ) ;
#906 = STYLED_ITEM ( 'NONE', ( #3887 ), #4869 ) ;
#908 = MECHANICAL_DESIGN_GEOMETRIC_PRESENTATION_REPRESENTATION (  '', ( #1302 ), #4029 ) ;
#909 =( NAMED_UNIT ( * ) SI_UNIT ( $, .STERADIAN. ) SOLID_ANGLE_UNIT ( ) );
#910 = CARTESIAN_POINT ( 'NONE',  ( -2.197117942725556716, 1.252882057274441907, 1.262882057274445913 ) ) ;
#911 = DIRECTION ( 'NONE',  ( -0.0000000000000000000, 0.0000000000000000000, -1.000000000000000000 ) ) ;
#912 = FACE_OUTER_BOUND ( 'NONE', #2085, .T. ) ;
#913 = ORIENTED_EDGE ( 'NONE', *, *, #1636, .F. ) ;
#914 =( LENGTH_UNIT ( ) NAMED_UNIT ( * ) SI_UNIT ( .MILLI., .METRE. ) );
#915 = MECHANICAL_DESIGN_GEOMETRIC_PRESENTATION_REPRESENTATION (  '', ( #3049 ), #1944 ) ;
#916 = DIRECTION ( 'NONE',  ( -0.7071067811865462405, -0.7071067811865489050, 0.0000000000000000000 ) ) ;
#917 = LINE ( 'NONE', #2837, #2690 ) ;
#918 = CARTESIAN_POINT ( 'NONE',  ( -0.9549999999999998490, -1.146000000000000352, -0.3150000000000001132 ) ) ;
#919 = PRODUCT_DEFINITION ( 'UNKNOWN', '', #1943, #1116 ) ;
#920 = FACE_OUTER_BOUND ( 'NONE', #2579, .T. ) ;
#921 = LINE ( 'NONE', #1023, #338 ) ;
#922 = DIRECTION ( 'NONE',  ( 0.0000000000000000000, 0.4999999999999998890, 0.8660254037844387076 ) ) ;
#923 = APPLICATION_CONTEXT ( 'automotive_design' ) ;
#924 = UNCERTAINTY_MEASURE_WITH_UNIT (LENGTH_MEASURE( 1.000000000000000082E-05 ), #2419, 'distance_accuracy_value', 'NONE');
#925 = ADVANCED_FACE ( 'NONE', ( #992 ), #4095, .F. ) ;
#926 = PRESENTATION_STYLE_ASSIGNMENT (( #2955 ) ) ;
#927 =( NAMED_UNIT ( * ) SI_UNIT ( $, .STERADIAN. ) SOLID_ANGLE_UNIT ( ) );
#928 = VERTEX_POINT ( 'NONE', #4369 ) ;
#929 = EDGE_CURVE ( 'NONE', #3231, #1582, #939, .T. ) ;
#930 = ORIENTED_EDGE ( 'NONE', *, *, #622, .F. ) ;
#931 =( NAMED_UNIT ( * ) SI_UNIT ( $, .STERADIAN. ) SOLID_ANGLE_UNIT ( ) );
#932 = DIRECTION ( 'NONE',  ( 0.0000000000000000000, 0.0000000000000000000, -1.000000000000000000 ) ) ;
#933 = VERTEX_POINT ( 'NONE', #1718 ) ;
#934 = PLANE ( 'NONE',  #3115 ) ;
#935 = EDGE_LOOP ( 'NONE', ( #1889, #4857, #2474, #2452 ) ) ;
#936 =( GEOMETRIC_REPRESENTATION_CONTEXT ( 3 ) GLOBAL_UNCERTAINTY_ASSIGNED_CONTEXT ( ( #1632 ) ) GLOBAL_UNIT_ASSIGNED_CONTEXT ( ( #4516, #1436, #751 ) ) REPRESENTATION_CONTEXT ( 'NONE', 'WORKASPACE' ) );
#937 = CARTESIAN_POINT ( 'NONE',  ( 4.590000000000001634, 1.399999999999999689, 1.070000000000000284 ) ) ;
#938 = STYLED_ITEM ( 'NONE', ( #4775 ), #217 ) ;
#939 = LINE ( 'NONE', #2083, #4696 ) ;
#940 = VECTOR ( 'NONE', #4810, 1000.000000000000000 ) ;
#941 =( LENGTH_UNIT ( ) NAMED_UNIT ( * ) SI_UNIT ( .MILLI., .METRE. ) );
#942 = AXIS2_PLACEMENT_3D ( 'NONE', #4655, #3924, #4866 ) ;
#943 = ORIENTED_EDGE ( 'NONE', *, *, #2425, .F. ) ;
#944 = FILL_AREA_STYLE ('',( #4744 ) ) ;
#945 = CARTESIAN_POINT ( 'NONE',  ( -5.080000000000000071, 0.9099999999999999201, -0.9200000000000002620 ) ) ;
#946 = VECTOR ( 'NONE', #4800, 1000.000000000000000 ) ;
#947 = VECTOR ( 'NONE', #3791, 1000.000000000000000 ) ;
#948 = FACE_OUTER_BOUND ( 'NONE', #3454, .T. ) ;
#949 = VECTOR ( 'NONE', #343, 1000.000000000000114 ) ;
#950 =( NAMED_UNIT ( * ) SI_UNIT ( $, .STERADIAN. ) SOLID_ANGLE_UNIT ( ) );
#951 = PRESENTATION_LAYER_ASSIGNMENT (  '', '', ( #3106 ) ) ;
#952 = DIRECTION ( 'NONE',  ( 0.7071067811865473507, -0.7071067811865477948, 0.0000000000000000000 ) ) ;
#953 = ORIENTED_EDGE ( 'NONE', *, *, #532, .T. ) ;
#954 = PRESENTATION_STYLE_ASSIGNMENT (( #304 ) ) ;
#955 = CARTESIAN_POINT ( 'NONE',  ( -5.080000000000000071, -0.9099999999999999201, 0.0000000000000000000 ) ) ;
#956 = ORIENTED_EDGE ( 'NONE', *, *, #769, .T. ) ;
#957 =( LENGTH_UNIT ( ) NAMED_UNIT ( * ) SI_UNIT ( .MILLI., .METRE. ) );
#958 = EDGE_CURVE ( 'NONE', #33, #1402, #3224, .T. ) ;
#959 = PRESENTATION_STYLE_ASSIGNMENT (( #4854 ) ) ;
#960 = CARTESIAN_POINT ( 'NONE',  ( 0.4900000000000024891, -1.400000000000000133, 0.7700000000000005729 ) ) ;
#961 = VERTEX_POINT ( 'NONE', #3250 ) ;
#962 = SURFACE_SIDE_STYLE ('',( #2457 ) ) ;
#963 = CARTESIAN_POINT ( 'NONE',  ( 0.0000000000000000000, 0.0000000000000000000, 0.0000000000000000000 ) ) ;
#964 = ORIENTED_EDGE ( 'NONE', *, *, #4502, .T. ) ;
#965 = STYLED_ITEM ( 'NONE', ( #801 ), #2908 ) ;
#966 = SURFACE_SIDE_STYLE ('',( #1406 ) ) ;
#967 =( NAMED_UNIT ( * ) SI_UNIT ( $, .STERADIAN. ) SOLID_ANGLE_UNIT ( ) );
#968 = EDGE_CURVE ( 'NONE', #3222, #988, #4495, .T. ) ;
#969 =( GEOMETRIC_REPRESENTATION_CONTEXT ( 3 ) GLOBAL_UNCERTAINTY_ASSIGNED_CONTEXT ( ( #621 ) ) GLOBAL_UNIT_ASSIGNED_CONTEXT ( ( #3937, #2799, #3959 ) ) REPRESENTATION_CONTEXT ( 'NONE', 'WORKASPACE' ) );
#970 = SURFACE_STYLE_FILL_AREA ( #2582 ) ;
#971 = VERTEX_POINT ( 'NONE', #3053 ) ;
#972 =( NAMED_UNIT ( * ) SI_UNIT ( $, .STERADIAN. ) SOLID_ANGLE_UNIT ( ) );
#973 = DIRECTION ( 'NONE',  ( 0.0000000000000000000, 1.000000000000000000, 1.548860246407863583E-16 ) ) ;
#974 = MECHANICAL_DESIGN_GEOMETRIC_PRESENTATION_REPRESENTATION (  '', ( #1841 ), #1118 ) ;
#975 = LINE ( 'NONE', #1442, #4134 ) ;
#976 = CARTESIAN_POINT ( 'NONE',  ( -5.080000000000000071, 0.9099999999999999201, -1.270000000000000240 ) ) ;
#977 = DIRECTION ( 'NONE',  ( -1.000000000000000000, 0.0000000000000000000, 0.0000000000000000000 ) ) ;
#978 = AXIS2_PLACEMENT_3D ( 'NONE', #1547, #3001, #4598 ) ;
#979 = FILL_AREA_STYLE ('',( #4452 ) ) ;
#980 = DIRECTION ( 'NONE',  ( -1.000000000000000000, -0.0000000000000000000, -0.0000000000000000000 ) ) ;
#981 = ORIENTED_EDGE ( 'NONE', *, *, #2506, .F. ) ;
#982 = CARTESIAN_POINT ( 'NONE',  ( -3.030000000000000249, 1.399999999999999689, -1.163653726294447521 ) ) ;
#983 = VERTEX_POINT ( 'NONE', #2951 ) ;
#984 = PRESENTATION_STYLE_ASSIGNMENT (( #1326 ) ) ;
#985 = SURFACE_STYLE_USAGE ( .BOTH. , #649 ) ;
#986 = STYLED_ITEM ( 'NONE', ( #423 ), #4695 ) ;
#987 =( NAMED_UNIT ( * ) SI_UNIT ( $, .STERADIAN. ) SOLID_ANGLE_UNIT ( ) );
#988 = VERTEX_POINT ( 'NONE', #673 ) ;
#989 = PRESENTATION_STYLE_ASSIGNMENT (( #1283 ) ) ;
#990 = VERTEX_POINT ( 'NONE', #2201 ) ;
#991 = ADVANCED_FACE ( 'NONE', ( #1539 ), #317, .F. ) ;
#992 = FACE_OUTER_BOUND ( 'NONE', #3513, .T. ) ;
#993 = PLANE ( 'NONE',  #782 ) ;
#994 = ORIENTED_EDGE ( 'NONE', *, *, #2489, .T. ) ;
#995 = VECTOR ( 'NONE', #1358, 1000.000000000000000 ) ;
#996 = EDGE_CURVE ( 'NONE', #1761, #3798, #361, .T. ) ;
#997 = FILL_AREA_STYLE_COLOUR ( '', #620 ) ;
#998 = CARTESIAN_POINT ( 'NONE',  ( 4.125000000000000000, -1.400000000000001021, -0.3150000000000001132 ) ) ;
#999 =( LENGTH_UNIT ( ) NAMED_UNIT ( * ) SI_UNIT ( .MILLI., .METRE. ) );
#1000 = DIRECTION ( 'NONE',  ( 0.0000000000000000000, 1.000000000000000000, -0.0000000000000000000 ) ) ;
#1001 = CARTESIAN_POINT ( 'NONE',  ( -3.494999999999999662, -1.146000000000000352, -0.3150000000000001132 ) ) ;
#1002 = DIRECTION ( 'NONE',  ( 0.7071067811865477948, 0.7071067811865473507, 0.0000000000000000000 ) ) ;
#1003 = EDGE_LOOP ( 'NONE', ( #2239, #2854, #3550, #460 ) ) ;
#1004 = FACE_OUTER_BOUND ( 'NONE', #4636, .T. ) ;
#1005 = CARTESIAN_POINT ( 'NONE',  ( 3.030000000000001137, 1.399999999999999689, -1.069999999999999840 ) ) ;
#1006 =( LENGTH_UNIT ( ) NAMED_UNIT ( * ) SI_UNIT ( .MILLI., .METRE. ) );
#1007 = SURFACE_STYLE_USAGE ( .BOTH. , #650 ) ;
#1008 = ORIENTED_EDGE ( 'NONE', *, *, #3030, .F. ) ;
#1009 = CARTESIAN_POINT ( 'NONE',  ( 4.843999999999999417, -1.146000000000000352, 0.0000000000000000000 ) ) ;
#1010 = CARTESIAN_POINT ( 'NONE',  ( -0.3349999999999999645, 12.35358983848622216, 0.3349999999999999090 ) ) ;
#1011 = EDGE_LOOP ( 'NONE', ( #4038, #3993, #3958, #3695 ) ) ;
#1012 = CARTESIAN_POINT ( 'NONE',  ( 2.539999999999999591, -1.400000000000001021, -0.9200000000000003730 ) ) ;
#1013 = VERTEX_POINT ( 'NONE', #730 ) ;
#1014 = ADVANCED_FACE ( 'NONE', ( #2581 ), #3372, .F. ) ;
#1015 = VECTOR ( 'NONE', #3109, 1000.000000000000000 ) ;
#1016 = DIRECTION ( 'NONE',  ( 0.7071067811865459074, 0.0000000000000000000, -0.7071067811865491270 ) ) ;
#1017 =( NAMED_UNIT ( * ) PLANE_ANGLE_UNIT ( ) SI_UNIT ( $, .RADIAN. ) );
#1018 =( BOUNDED_CURVE ( )  B_SPLINE_CURVE ( 3, ( #1187, #2358, #3540, #155 ),
 .UNSPECIFIED., .F., .T. ) 
 B_SPLINE_CURVE_WITH_KNOTS ( ( 4, 4 ),
 ( 4.979981375522495313, 6.283185307179586232 ),
 .UNSPECIFIED. ) 
 CURVE ( )  GEOMETRIC_REPRESENTATION_ITEM ( )  RATIONAL_B_SPLINE_CURVE ( ( 1.000000000000000000, 0.8634088596862046217, 0.8634088596862046217, 1.000000000000000000 ) ) 
 REPRESENTATION_ITEM ( '' )  );
#1019 = VECTOR ( 'NONE', #1125, 1000.000000000000000 ) ;
#1020 = AXIS2_PLACEMENT_3D ( 'NONE', #4307, #3548, #3190 ) ;
#1021 = CARTESIAN_POINT ( 'NONE',  ( -0.3500000000000001998, -1.260000000000000009, 1.269999999999999574 ) ) ;
#1022 = EDGE_CURVE ( 'NONE', #1865, #1651, #1486, .T. ) ;
#1023 = CARTESIAN_POINT ( 'NONE',  ( 5.080000000000000071, 1.399999999999999689, -1.069999999999999618 ) ) ;
#1024 = SURFACE_SIDE_STYLE ('',( #2912 ) ) ;
#1025 = UNCERTAINTY_MEASURE_WITH_UNIT (LENGTH_MEASURE( 1.000000000000000082E-05 ), #4806, 'distance_accuracy_value', 'NONE');
#1026 = CARTESIAN_POINT ( 'NONE',  ( 3.494999999999999662, -1.400000000000001021, -0.3150000000000001132 ) ) ;
#1027 = ORIENTED_EDGE ( 'NONE', *, *, #2842, .T. ) ;
#1028 = PRESENTATION_STYLE_ASSIGNMENT (( #1867 ) ) ;
#1029 = PRESENTATION_LAYER_ASSIGNMENT (  '', '', ( #785 ) ) ;
#1030 = LINE ( 'NONE', #3219, #4308 ) ;
#1031 = ORIENTED_EDGE ( 'NONE', *, *, #732, .T. ) ;
#1032 = ORIENTED_EDGE ( 'NONE', *, *, #2115, .T. ) ;
#1033 = LINE ( 'NONE', #2973, #4231 ) ;
#1034 = VECTOR ( 'NONE', #4686, 1000.000000000000000 ) ;
#1035 = ORIENTED_EDGE ( 'NONE', *, *, #1197, .F. ) ;
#1036 =( GEOMETRIC_REPRESENTATION_CONTEXT ( 3 ) GLOBAL_UNCERTAINTY_ASSIGNED_CONTEXT ( ( #1574 ) ) GLOBAL_UNIT_ASSIGNED_CONTEXT ( ( #2104, #3992, #3246 ) ) REPRESENTATION_CONTEXT ( 'NONE', 'WORKASPACE' ) );
#1037 = VECTOR ( 'NONE', #1459, 1000.000000000000000 ) ;
#1038 = PLANE ( 'NONE',  #978 ) ;
#1039 = SURFACE_STYLE_FILL_AREA ( #1445 ) ;
#1040 = LINE ( 'NONE', #2565, #1998 ) ;
#1041 = EDGE_CURVE ( 'NONE', #118, #3294, #3784, .T. ) ;
#1042 = CARTESIAN_POINT ( 'NONE',  ( -4.737117942725556752, 1.252882057274442795, 1.262882057274445913 ) ) ;
#1043 = MECHANICAL_DESIGN_GEOMETRIC_PRESENTATION_REPRESENTATION (  '', ( #413 ), #2236 ) ;
#1044 = ORIENTED_EDGE ( 'NONE', *, *, #3417, .F. ) ;
#1045 = VERTEX_POINT ( 'NONE', #907 ) ;
#1046 = EDGE_CURVE ( 'NONE', #1556, #2992, #3861, .T. ) ;
#1047 = LINE ( 'NONE', #627, #2683 ) ;
#1048 = DIRECTION ( 'NONE',  ( -0.0000000000000000000, 1.000000000000000000, 0.0000000000000000000 ) ) ;
#1049 = ORIENTED_EDGE ( 'NONE', *, *, #2475, .T. ) ;
#1050 = CARTESIAN_POINT ( 'NONE',  ( 5.080000000000000071, 1.199999999999999956, 1.070000000000000284 ) ) ;
#1051 = DIRECTION ( 'NONE',  ( 0.0000000000000000000, 0.0000000000000000000, 1.000000000000000000 ) ) ;
#1052 = VERTEX_POINT ( 'NONE', #2432 ) ;
#1053 = DIRECTION ( 'NONE',  ( 0.7071067811865482389, 0.0000000000000000000, 0.7071067811865469066 ) ) ;
#1055 = FILL_AREA_STYLE_COLOUR ( '', #379 ) ;
#1054 = VECTOR ( 'NONE', #3293, 1000.000000000000000 ) ;
#1056 = DIRECTION ( 'NONE',  ( 0.7071067811865489050, -0.7071067811865462405, 0.0000000000000000000 ) ) ;
#1057 = ORIENTED_EDGE ( 'NONE', *, *, #1347, .T. ) ;
#1058 = DIRECTION ( 'NONE',  ( -0.0000000000000000000, 0.0000000000000000000, 1.000000000000000000 ) ) ;
#1059 = COLOUR_RGB ( '',0.1019607843137254888, 0.1019607843137254888, 0.1019607843137254888 ) ;
#1060 = DIRECTION ( 'NONE',  ( -1.000000000000000000, 0.0000000000000000000, -0.0000000000000000000 ) ) ;
#1061 = FACE_OUTER_BOUND ( 'NONE', #4371, .T. ) ;
#1062 = FILL_AREA_STYLE ('',( #3329 ) ) ;
#1063 =( GEOMETRIC_REPRESENTATION_CONTEXT ( 3 ) GLOBAL_UNCERTAINTY_ASSIGNED_CONTEXT ( ( #1626 ) ) GLOBAL_UNIT_ASSIGNED_CONTEXT ( ( #1328, #2289, #45 ) ) REPRESENTATION_CONTEXT ( 'NONE', 'WORKASPACE' ) );
#1064 = SURFACE_STYLE_USAGE ( .BOTH. , #8 ) ;
#1065 = DIRECTION ( 'NONE',  ( 0.0000000000000000000, -0.0000000000000000000, 1.000000000000000000 ) ) ;
#1066 =( NAMED_UNIT ( * ) PLANE_ANGLE_UNIT ( ) SI_UNIT ( $, .RADIAN. ) );
#1067 = UNCERTAINTY_MEASURE_WITH_UNIT (LENGTH_MEASURE( 1.000000000000000082E-05 ), #2233, 'distance_accuracy_value', 'NONE');
#1068 = VECTOR ( 'NONE', #1370, 999.9999999999998863 ) ;
#1069 = CARTESIAN_POINT ( 'NONE',  ( -2.049999999999998046, 1.399999999999999689, -1.069999999999999840 ) ) ;
#1070 = EDGE_LOOP ( 'NONE', ( #1431, #1262, #4737, #2535, #3633, #2652 ) ) ;
#1071 = ADVANCED_FACE ( 'NONE', ( #3884 ), #3554, .F. ) ;
#1072 = ORIENTED_EDGE ( 'NONE', *, *, #3017, .T. ) ;
#1073 = CARTESIAN_POINT ( 'NONE',  ( -4.730000000000001315, 1.199999999999999956, -1.269999999999999796 ) ) ;
#1074 = PLANE ( 'NONE',  #4372 ) ;
#1075 = DIRECTION ( 'NONE',  ( -0.5773502691896257311, 0.5773502691896265082, 0.5773502691896249539 ) ) ;
#1076 = EDGE_CURVE ( 'NONE', #2178, #719, #145, .T. ) ;
#1077 = ORIENTED_EDGE ( 'NONE', *, *, #3831, .T. ) ;
#1078 = LINE ( 'NONE', #1899, #4395 ) ;
#1079 =( REPRESENTATION_RELATIONSHIP ('NONE','NONE', #4282, #4593 ) REPRESENTATION_RELATIONSHIP_WITH_TRANSFORMATION ( #3130 )SHAPE_REPRESENTATION_RELATIONSHIP( ) );
#1080 = DIRECTION ( 'NONE',  ( -0.0000000000000000000, 1.000000000000000000, 0.0000000000000000000 ) ) ;
#1081 = SURFACE_STYLE_USAGE ( .BOTH. , #1831 ) ;
#1082 =( LENGTH_UNIT ( ) NAMED_UNIT ( * ) SI_UNIT ( .MILLI., .METRE. ) );
#1083 = ORIENTED_EDGE ( 'NONE', *, *, #3119, .T. ) ;
#1084 = DIRECTION ( 'NONE',  ( 0.5773502691896258421, 0.5773502691896235106, -0.5773502691896280625 ) ) ;
#1085 = DIRECTION ( 'NONE',  ( 0.0000000000000000000, -0.0000000000000000000, 1.000000000000000000 ) ) ;
#1086 = PRESENTATION_LAYER_ASSIGNMENT (  '', '', ( #2120 ) ) ;
#1087 =( LENGTH_UNIT ( ) NAMED_UNIT ( * ) SI_UNIT ( .MILLI., .METRE. ) );
#1088 =( LENGTH_UNIT ( ) NAMED_UNIT ( * ) SI_UNIT ( .MILLI., .METRE. ) );
#1089 = VECTOR ( 'NONE', #4411, 1000.000000000000000 ) ;
#1090 = DIRECTION ( 'NONE',  ( 0.0000000000000000000, 1.000000000000000000, 0.0000000000000000000 ) ) ;
#1092 = ORIENTED_EDGE ( 'NONE', *, *, #4230, .F. ) ;
#1091 = PRESENTATION_LAYER_ASSIGNMENT (  '', '', ( #4300 ) ) ;
#1093 = VECTOR ( 'NONE', #3038, 1000.000000000000000 ) ;
#1094 = VERTEX_POINT ( 'NONE', #3479 ) ;
#1095 = CARTESIAN_POINT ( 'NONE',  ( -3.030000000000000693, 1.399999999999999689, -1.270000000000000240 ) ) ;
#1096 = VECTOR ( 'NONE', #2308, 1000.000000000000000 ) ;
#1097 = EDGE_CURVE ( 'NONE', #4226, #2069, #1207, .T. ) ;
#1098 = CARTESIAN_POINT ( 'NONE',  ( 0.4900000000000023781, -1.400000000000000355, -0.7699999999999999067 ) ) ;
#1099 = SURFACE_SIDE_STYLE ('',( #4538 ) ) ;
#1100 = EDGE_CURVE ( 'NONE', #4006, #4259, #4716, .T. ) ;
#1101 = DIRECTION ( 'NONE',  ( -1.000000000000000000, -0.0000000000000000000, -0.0000000000000000000 ) ) ;
#1102 = DIRECTION ( 'NONE',  ( -0.4999999999999998890, 0.8660254037844387076, 0.0000000000000000000 ) ) ;
#1103 = ORIENTED_EDGE ( 'NONE', *, *, #2996, .F. ) ;
#1104 = MECHANICAL_DESIGN_GEOMETRIC_PRESENTATION_REPRESENTATION (  '', ( #550 ), #3995 ) ;
#1105 = CARTESIAN_POINT ( 'NONE',  ( -2.049999999999997602, -1.400000000000000577, -1.270000000000000240 ) ) ;
#1106 = EDGE_CURVE ( 'NONE', #2149, #2734, #3398, .T. ) ;
#1107 = SURFACE_STYLE_USAGE ( .BOTH. , #3814 ) ;
#1108 = LINE ( 'NONE', #366, #2855 ) ;
#1109 = VECTOR ( 'NONE', #1736, 1000.000000000000000 ) ;
#1110 = DIRECTION ( 'NONE',  ( -0.7071067811865473507, -0.7071067811865477948, 0.0000000000000000000 ) ) ;
#1111 = UNCERTAINTY_MEASURE_WITH_UNIT (LENGTH_MEASURE( 1.000000000000000082E-05 ), #1285, 'distance_accuracy_value', 'NONE');
#1112 = PRESENTATION_LAYER_ASSIGNMENT (  '', '', ( #4639 ) ) ;
#1113 = DIRECTION ( 'NONE',  ( -0.0000000000000000000, -1.000000000000000000, -0.0000000000000000000 ) ) ;
#1114 = DIRECTION ( 'NONE',  ( -0.5773502691896256200, 0.5773502691896236216, -0.5773502691896280625 ) ) ;
#1115 = VERTEX_POINT ( 'NONE', #2704 ) ;
#1116 = PRODUCT_DEFINITION_CONTEXT ( 'detailed design', #923, 'design' ) ;
#1117 = ORIENTED_EDGE ( 'NONE', *, *, #231, .T. ) ;
#1118 =( GEOMETRIC_REPRESENTATION_CONTEXT ( 3 ) GLOBAL_UNCERTAINTY_ASSIGNED_CONTEXT ( ( #1471 ) ) GLOBAL_UNIT_ASSIGNED_CONTEXT ( ( #3137, #2011, #1570 ) ) REPRESENTATION_CONTEXT ( 'NONE', 'WORKASPACE' ) );
#1119 =( NAMED_UNIT ( * ) SI_UNIT ( $, .STERADIAN. ) SOLID_ANGLE_UNIT ( ) );
#1120 = AXIS2_PLACEMENT_3D ( 'NONE', #617, #3663, #1769 ) ;
#1121 = FILL_AREA_STYLE_COLOUR ( '', #4798 ) ;
#1122 = PRODUCT_RELATED_PRODUCT_CATEGORY ( 'part', '', ( #1565 ) ) ;
#1123 = CARTESIAN_POINT ( 'NONE',  ( -2.540000000000000480, -0.9099999999999998090, -0.9200000000000000400 ) ) ;
#1124 =( GEOMETRIC_REPRESENTATION_CONTEXT ( 3 ) GLOBAL_UNCERTAINTY_ASSIGNED_CONTEXT ( ( #664 ) ) GLOBAL_UNIT_ASSIGNED_CONTEXT ( ( #2587, #4823, #639 ) ) REPRESENTATION_CONTEXT ( 'NONE', 'WORKASPACE' ) );
#1125 = DIRECTION ( 'NONE',  ( 0.7071067811865479058, 0.7071067811865472397, 0.0000000000000000000 ) ) ;
#1126 = CARTESIAN_POINT ( 'NONE',  ( 5.080000000000000071, -1.146000000000000352, 0.7700000000000000178 ) ) ;
#1127 = EDGE_CURVE ( 'NONE', #1115, #595, #125, .T. ) ;
#1128 = VERTEX_POINT ( 'NONE', #2408 ) ;
#1129 = DIRECTION ( 'NONE',  ( 0.0000000000000000000, 0.0000000000000000000, 1.000000000000000000 ) ) ;
#1130 = DIRECTION ( 'NONE',  ( 0.0000000000000000000, -0.0000000000000000000, 1.000000000000000000 ) ) ;
#1131 = CARTESIAN_POINT ( 'NONE',  ( 2.189999999999999947, 1.217892925670841509, -1.269999999999999796 ) ) ;
#1132 = STYLED_ITEM ( 'NONE', ( #496 ), #4688 ) ;
#1133 = EDGE_CURVE ( 'NONE', #1222, #307, #3929, .T. ) ;
#1134 = DIRECTION ( 'NONE',  ( 0.0000000000000000000, -0.0000000000000000000, -1.000000000000000000 ) ) ;
#1135 =( LENGTH_UNIT ( ) NAMED_UNIT ( * ) SI_UNIT ( .MILLI., .METRE. ) );
#1136 = CARTESIAN_POINT ( 'NONE',  ( 0.3499999999999980904, -1.259999999999996900, 1.270000000000000684 ) ) ;
#1137 = EDGE_LOOP ( 'NONE', ( #429, #46, #407, #4807 ) ) ;
#1138 = LINE ( 'NONE', #1557, #3204 ) ;
#1139 = VERTEX_POINT ( 'NONE', #444 ) ;
#1140 =( GEOMETRIC_REPRESENTATION_CONTEXT ( 3 ) GLOBAL_UNCERTAINTY_ASSIGNED_CONTEXT ( ( #2662 ) ) GLOBAL_UNIT_ASSIGNED_CONTEXT ( ( #3482, #3452, #601 ) ) REPRESENTATION_CONTEXT ( 'NONE', 'WORKASPACE' ) );
#1141 = SURFACE_STYLE_FILL_AREA ( #2670 ) ;
#1142 = SURFACE_STYLE_FILL_AREA ( #3828 ) ;
#1143 = ORIENTED_EDGE ( 'NONE', *, *, #3186, .F. ) ;
#1144 = DIRECTION ( 'NONE',  ( -0.0000000000000000000, -0.0000000000000000000, -1.000000000000000000 ) ) ;
#1145 = PRODUCT_CONTEXT ( 'NONE', #84, 'mechanical' ) ;
#1146 = SURFACE_SIDE_STYLE ('',( #3051 ) ) ;
#1147 = CARTESIAN_POINT ( 'NONE',  ( 5.080000000000000071, -1.400000000000000133, 1.269999999999999574 ) ) ;
#1148 = LINE ( 'NONE', #414, #949 ) ;
#1149 = SURFACE_STYLE_USAGE ( .BOTH. , #4290 ) ;
#1150 = ORIENTED_EDGE ( 'NONE', *, *, #525, .F. ) ;
#1151 = ORIENTED_EDGE ( 'NONE', *, *, #1472, .T. ) ;
#1152 =( NAMED_UNIT ( * ) SI_UNIT ( $, .STERADIAN. ) SOLID_ANGLE_UNIT ( ) );
#1153 = FACE_BOUND ( 'NONE', #2771, .T. ) ;
#1154 = EDGE_CURVE ( 'NONE', #4361, #3805, #2377, .T. ) ;
#1155 = DIRECTION ( 'NONE',  ( 0.0000000000000000000, -0.0000000000000000000, 1.000000000000000000 ) ) ;
#1156 = FILL_AREA_STYLE ('',( #2256 ) ) ;
#1157 = LINE ( 'NONE', #4501, #3923 ) ;
#1158 =( BOUNDED_CURVE ( )  B_SPLINE_CURVE ( 3, ( #910, #2433, #2878, #1685 ),
 .UNSPECIFIED., .F., .T. ) 
 B_SPLINE_CURVE_WITH_KNOTS ( ( 4, 4 ),
 ( 2.874000258452008350, 3.141592653589793116 ),
 .UNSPECIFIED. ) 
 CURVE ( )  GEOMETRIC_REPRESENTATION_ITEM ( )  RATIONAL_B_SPLINE_CURVE ( ( 1.000000000000000000, 0.9940417555543828998, 0.9940417555543828998, 1.000000000000000000 ) ) 
 REPRESENTATION_ITEM ( '' )  );
#1159 = UNCERTAINTY_MEASURE_WITH_UNIT (LENGTH_MEASURE( 1.000000000000000082E-05 ), #2588, 'distance_accuracy_value', 'NONE');
#1160 = STYLED_ITEM ( 'NONE', ( #3363 ), #117 ) ;
#1161 = EDGE_CURVE ( 'NONE', #3798, #3805, #2802, .T. ) ;
#1162 = FILL_AREA_STYLE ('',( #1526 ) ) ;
#1163 = ORIENTED_EDGE ( 'NONE', *, *, #4507, .F. ) ;
#1164 = CARTESIAN_POINT ( 'NONE',  ( -2.540000000000000036, 0.9099999999999993650, 0.9200000000000000400 ) ) ;
#1165 = CARTESIAN_POINT ( 'NONE',  ( -4.730000000000002203, -1.400000000000001021, 1.269999999999999796 ) ) ;
#1166 = VECTOR ( 'NONE', #2027, 1000.000000000000000 ) ;
#1167 = ORIENTED_EDGE ( 'NONE', *, *, #2167, .F. ) ;
#1168 = UNCERTAINTY_MEASURE_WITH_UNIT (LENGTH_MEASURE( 1.000000000000000082E-05 ), #1135, 'distance_accuracy_value', 'NONE');
#1169 =( NAMED_UNIT ( * ) SI_UNIT ( $, .STERADIAN. ) SOLID_ANGLE_UNIT ( ) );
#1170 = EDGE_CURVE ( 'NONE', #3553, #2149, #2220, .T. ) ;
#1171 = VECTOR ( 'NONE', #1314, 1000.000000000000000 ) ;
#1172 =( NAMED_UNIT ( * ) PLANE_ANGLE_UNIT ( ) SI_UNIT ( $, .RADIAN. ) );
#1173 = VERTEX_POINT ( 'NONE', #805 ) ;
#1174 = DIRECTION ( 'NONE',  ( 0.0000000000000000000, 0.0000000000000000000, 1.000000000000000000 ) ) ;
#1175 = PRODUCT_CONTEXT ( 'NONE', #1603, 'mechanical' ) ;
#1176 = COLOUR_RGB ( '',0.1019607843137254888, 0.1019607843137254888, 0.1019607843137254888 ) ;
#1177 = FACE_OUTER_BOUND ( 'NONE', #548, .T. ) ;
#1178 = COLOUR_RGB ( '',0.9686274509803921573, 0.8784313725490195957, 0.5999999999999999778 ) ;
#1179 = AXIS2_PLACEMENT_3D ( 'NONE', #1659, #2804, #3196 ) ;
#1180 = SURFACE_STYLE_FILL_AREA ( #1568 ) ;
#1181 = ORIENTED_EDGE ( 'NONE', *, *, #181, .T. ) ;
#1182 =( GEOMETRIC_REPRESENTATION_CONTEXT ( 3 ) GLOBAL_UNCERTAINTY_ASSIGNED_CONTEXT ( ( #4278 ) ) GLOBAL_UNIT_ASSIGNED_CONTEXT ( ( #4710, #1172, #1227 ) ) REPRESENTATION_CONTEXT ( 'NONE', 'WORKASPACE' ) );
#1183 =( NAMED_UNIT ( * ) PLANE_ANGLE_UNIT ( ) SI_UNIT ( $, .RADIAN. ) );
#1184 = SURFACE_STYLE_FILL_AREA ( #3792 ) ;
#1185 = VECTOR ( 'NONE', #1951, 1000.000000000000000 ) ;
#1186 = LINE ( 'NONE', #422, #1921 ) ;
#1187 = CARTESIAN_POINT ( 'NONE',  ( -2.882882057274446463, 1.252882057274445904, 1.262882057274445025 ) ) ;
#1188 = EDGE_CURVE ( 'NONE', #3601, #2130, #4783, .T. ) ;
#1189 = COLOUR_RGB ( '',0.1019607843137254888, 0.1019607843137254888, 0.1019607843137254888 ) ;
#1190 = LINE ( 'NONE', #4899, #2931 ) ;
#1191 = FILL_AREA_STYLE_COLOUR ( '', #3241 ) ;
#1192 = ORIENTED_EDGE ( 'NONE', *, *, #2320, .F. ) ;
#1193 = SURFACE_STYLE_FILL_AREA ( #4633 ) ;
#1194 = CARTESIAN_POINT ( 'NONE',  ( -4.125000000000000000, 1.399999999999999689, 0.3149999999999998912 ) ) ;
#1195 =( GEOMETRIC_REPRESENTATION_CONTEXT ( 3 ) GLOBAL_UNCERTAINTY_ASSIGNED_CONTEXT ( ( #3354 ) ) GLOBAL_UNIT_ASSIGNED_CONTEXT ( ( #850, #2268, #1251 ) ) REPRESENTATION_CONTEXT ( 'NONE', 'WORKASPACE' ) );
#1196 = ORIENTED_EDGE ( 'NONE', *, *, #2650, .T. ) ;
#1197 = EDGE_CURVE ( 'NONE', #1013, #872, #4012, .T. ) ;
#1198 = SURFACE_STYLE_USAGE ( .BOTH. , #1505 ) ;
#1199 = VECTOR ( 'NONE', #3873, 1000.000000000000000 ) ;
#1200 = VERTEX_POINT ( 'NONE', #2214 ) ;
#1201 = CARTESIAN_POINT ( 'NONE',  ( -0.4900000000000001021, 1.399999999999999689, -1.270000000000000240 ) ) ;
#1202 =( NAMED_UNIT ( * ) SI_UNIT ( $, .STERADIAN. ) SOLID_ANGLE_UNIT ( ) );
#1203 = ADVANCED_FACE ( 'NONE', ( #1842 ), #3747, .F. ) ;
#1204 = AXIS2_PLACEMENT_3D ( 'NONE', #3921, #1602, #4248 ) ;
#1205 = CARTESIAN_POINT ( 'NONE',  ( 5.080000000000000071, 0.9099999999999989209, 0.0000000000000000000 ) ) ;
#1206 =( BOUNDED_CURVE ( )  B_SPLINE_CURVE ( 3, ( #599, #3648, #3724, #4809 ),
 .UNSPECIFIED., .F., .F. ) 
 B_SPLINE_CURVE_WITH_KNOTS ( ( 4, 4 ),
 ( 1.838388721932681102, 3.141592653589794004 ),
 .UNSPECIFIED. ) 
 CURVE ( )  GEOMETRIC_REPRESENTATION_ITEM ( )  RATIONAL_B_SPLINE_CURVE ( ( 1.000000000000000000, 0.8634088596862001808, 0.8634088596862001808, 1.000000000000000000 ) ) 
 REPRESENTATION_ITEM ( '' )  );
#1207 = LINE ( 'NONE', #81, #152 ) ;
#1208 =( LENGTH_UNIT ( ) NAMED_UNIT ( * ) SI_UNIT ( .MILLI., .METRE. ) );
#1209 = DIRECTION ( 'NONE',  ( 0.7071067811865462405, -0.7071067811865489050, 0.0000000000000000000 ) ) ;
#1210 = ORIENTED_EDGE ( 'NONE', *, *, #1386, .T. ) ;
#1211 = DIRECTION ( 'NONE',  ( 0.7071067811865477948, 0.7071067811865473507, 0.0000000000000000000 ) ) ;
#1212 = PRESENTATION_LAYER_ASSIGNMENT (  '', '', ( #3039 ) ) ;
#1213 = LINE ( 'NONE', #2357, #4623 ) ;
#1214 =( NAMED_UNIT ( * ) PLANE_ANGLE_UNIT ( ) SI_UNIT ( $, .RADIAN. ) );
#1215 = CARTESIAN_POINT ( 'NONE',  ( 4.729999999999999538, -1.260000000000000009, 1.269999999999999574 ) ) ;
#1216 = UNCERTAINTY_MEASURE_WITH_UNIT (LENGTH_MEASURE( 1.000000000000000082E-05 ), #3764, 'distance_accuracy_value', 'NONE');
#1217 = PLANE ( 'NONE',  #4457 ) ;
#1218 = PLANE ( 'NONE',  #3493 ) ;
#1219 = STYLED_ITEM ( 'NONE', ( #2116 ), #4514 ) ;
#1220 = ORIENTED_EDGE ( 'NONE', *, *, #871, .F. ) ;
#1221 = CARTESIAN_POINT ( 'NONE',  ( 2.776000000000001133, -1.146000000000000352, 0.0000000000000000000 ) ) ;
#1222 = VERTEX_POINT ( 'NONE', #4755 ) ;
#1223 = UNCERTAINTY_MEASURE_WITH_UNIT (LENGTH_MEASURE( 1.000000000000000082E-05 ), #2187, 'distance_accuracy_value', 'NONE');
#1224 = LINE ( 'NONE', #1973, #4332 ) ;
#1225 = DIRECTION ( 'NONE',  ( -0.0000000000000000000, -1.000000000000000000, -0.0000000000000000000 ) ) ;
#1226 = EDGE_CURVE ( 'NONE', #3601, #1694, #4058, .T. ) ;
#1227 =( NAMED_UNIT ( * ) SI_UNIT ( $, .STERADIAN. ) SOLID_ANGLE_UNIT ( ) );
#1228 = ORIENTED_EDGE ( 'NONE', *, *, #622, .T. ) ;
#1229 = DIRECTION ( 'NONE',  ( 1.000000000000000000, 0.0000000000000000000, 0.0000000000000000000 ) ) ;
#1230 = DIRECTION ( 'NONE',  ( -0.7071067811865489050, 0.7071067811865462405, -0.0000000000000000000 ) ) ;
#1231 = EDGE_CURVE ( 'NONE', #2403, #508, #1475, .T. ) ;
#1232 = DIRECTION ( 'NONE',  ( 1.000000000000000000, 0.0000000000000000000, 0.0000000000000000000 ) ) ;
#1233 = CARTESIAN_POINT ( 'NONE',  ( -0.3500000000000004774, -1.260000000000000231, 1.269999999999999574 ) ) ;
#1234 = DIRECTION ( 'NONE',  ( 0.7071067811865473507, -0.7071067811865477948, 0.0000000000000000000 ) ) ;
#1235 = ORIENTED_EDGE ( 'NONE', *, *, #643, .T. ) ;
#1236 = CARTESIAN_POINT ( 'NONE',  ( -3.030000000000002469, -1.400000000000000133, 0.7700000000000000178 ) ) ;
#1237 = CARTESIAN_POINT ( 'NONE',  ( 2.189999999999999059, -1.260000000000000231, -1.270000000000000240 ) ) ;
#1238 = ADVANCED_FACE ( 'NONE', ( #4736 ), #685, .T. ) ;
#1239 = FILL_AREA_STYLE_COLOUR ( '', #1176 ) ;
#1240 = CARTESIAN_POINT ( 'NONE',  ( 4.729999999999999538, 1.199999999999999956, -1.269999999999999796 ) ) ;
#1241 = CARTESIAN_POINT ( 'NONE',  ( 4.590000000000001634, -1.400000000000000133, 0.7700000000000000178 ) ) ;
#1242 = CARTESIAN_POINT ( 'NONE',  ( 5.080000000000000071, -1.400000000000000133, 1.269999999999999574 ) ) ;
#1243 =( LENGTH_UNIT ( ) NAMED_UNIT ( * ) SI_UNIT ( .MILLI., .METRE. ) );
#1244 = DIRECTION ( 'NONE',  ( -0.4999999999999983347, -0.8660254037844397068, 0.0000000000000000000 ) ) ;
#1245 = ORIENTED_EDGE ( 'NONE', *, *, #4194, .T. ) ;
#1246 = LINE ( 'NONE', #2399, #3277 ) ;
#1247 = SURFACE_STYLE_USAGE ( .BOTH. , #3933 ) ;
#1249 = COLOUR_RGB ( '',0.1019607843137254888, 0.1019607843137254888, 0.1019607843137254888 ) ;
#1248 = DIRECTION ( 'NONE',  ( 1.000000000000000000, 0.0000000000000000000, 0.0000000000000000000 ) ) ;
#1250 = EDGE_LOOP ( 'NONE', ( #488, #930, #3659, #4244 ) ) ;
#1251 =( NAMED_UNIT ( * ) SI_UNIT ( $, .STERADIAN. ) SOLID_ANGLE_UNIT ( ) );
#1252 = PRESENTATION_STYLE_ASSIGNMENT (( #4210 ) ) ;
#1253 =( GEOMETRIC_REPRESENTATION_CONTEXT ( 3 ) GLOBAL_UNCERTAINTY_ASSIGNED_CONTEXT ( ( #3524 ) ) GLOBAL_UNIT_ASSIGNED_CONTEXT ( ( #3835, #4157, #1926 ) ) REPRESENTATION_CONTEXT ( 'NONE', 'WORKASPACE' ) );
#1254 = STYLED_ITEM ( 'NONE', ( #4030 ), #370 ) ;
#1255 = ORIENTED_EDGE ( 'NONE', *, *, #2361, .T. ) ;
#1256 = CARTESIAN_POINT ( 'NONE',  ( 5.080000000000000071, -1.146000000000000352, 0.7700000000000000178 ) ) ;
#1257 = DIRECTION ( 'NONE',  ( -1.000000000000000000, -0.0000000000000000000, -0.0000000000000000000 ) ) ;
#1258 = COLOUR_RGB ( '',0.1019607843137254888, 0.1019607843137254888, 0.1019607843137254888 ) ;
#1259 = PRESENTATION_STYLE_ASSIGNMENT (( #3941 ) ) ;
#1260 = VECTOR ( 'NONE', #4919, 1000.000000000000000 ) ;
#1261 = CARTESIAN_POINT ( 'NONE',  ( -0.7071067811865475727, -1.617106781186547160, -1.270000000000000240 ) ) ;
#1262 = ORIENTED_EDGE ( 'NONE', *, *, #4274, .F. ) ;
#1263 = DIRECTION ( 'NONE',  ( -0.5773502691896251759, -0.5773502691896238437, -0.5773502691896281735 ) ) ;
#1264 = EDGE_CURVE ( 'NONE', #3107, #2798, #3218, .T. ) ;
#1265 =( GEOMETRIC_REPRESENTATION_CONTEXT ( 3 ) GLOBAL_UNCERTAINTY_ASSIGNED_CONTEXT ( ( #3211 ) ) GLOBAL_UNIT_ASSIGNED_CONTEXT ( ( #4651, #540, #3138 ) ) REPRESENTATION_CONTEXT ( 'NONE', 'WORKASPACE' ) );
#1266 = PRESENTATION_STYLE_ASSIGNMENT (( #3968 ) ) ;
#1267 = FILL_AREA_STYLE ('',( #1239 ) ) ;
#1268 =( NAMED_UNIT ( * ) SI_UNIT ( $, .STERADIAN. ) SOLID_ANGLE_UNIT ( ) );
#1269 = ADVANCED_FACE ( 'NONE', ( #790 ), #1218, .T. ) ;
#1270 = DIRECTION ( 'NONE',  ( 0.7071067811865451302, 0.7071067811865499042, 0.0000000000000000000 ) ) ;
#1271 = VECTOR ( 'NONE', #1507, 1000.000000000000000 ) ;
#1272 = CARTESIAN_POINT ( 'NONE',  ( -0.3350000000000000755, 0.3464101615137764600, -0.3350000000000001310 ) ) ;
#1273 = VECTOR ( 'NONE', #3152, 1000.000000000000000 ) ;
#1274 = CARTESIAN_POINT ( 'NONE',  ( 0.0000000000000000000, -0.9099999999999999201, -1.270000000000000240 ) ) ;
#1275 = DIRECTION ( 'NONE',  ( 0.7071067811865481278, 0.7071067811865469066, 0.0000000000000000000 ) ) ;
#1276 = ORIENTED_EDGE ( 'NONE', *, *, #929, .T. ) ;
#1277 = PLANE ( 'NONE',  #1912 ) ;
#1278 =( GEOMETRIC_REPRESENTATION_CONTEXT ( 3 ) GLOBAL_UNCERTAINTY_ASSIGNED_CONTEXT ( ( #478 ) ) GLOBAL_UNIT_ASSIGNED_CONTEXT ( ( #2003, #408, #3857 ) ) REPRESENTATION_CONTEXT ( 'NONE', 'WORKASPACE' ) );
#1279 = EDGE_LOOP ( 'NONE', ( #4489, #4659, #4778, #702, #884 ) ) ;
#1280 = CARTESIAN_POINT ( 'NONE',  ( -2.882882057274446463, 1.252882057274445904, 1.262882057274445025 ) ) ;
#1281 = CARTESIAN_POINT ( 'NONE',  ( -3.030000000000000693, 1.399999999999999689, 1.070000000000000284 ) ) ;
#1282 = LINE ( 'NONE', #2123, #486 ) ;
#1283 = SURFACE_STYLE_USAGE ( .BOTH. , #2833 ) ;
#1284 = ORIENTED_EDGE ( 'NONE', *, *, #2175, .T. ) ;
#1285 =( LENGTH_UNIT ( ) NAMED_UNIT ( * ) SI_UNIT ( .MILLI., .METRE. ) );
#1286 = PRESENTATION_LAYER_ASSIGNMENT (  '', '', ( #1841 ) ) ;
#1287 = SURFACE_STYLE_USAGE ( .BOTH. , #154 ) ;
#1288 = EDGE_CURVE ( 'NONE', #928, #2552, #4200, .T. ) ;
#1289 = AXIS2_PLACEMENT_3D ( 'NONE', #976, #1392, #213 ) ;
#1290 = DIRECTION ( 'NONE',  ( 0.7071067811865477948, -0.7071067811865473507, 0.0000000000000000000 ) ) ;
#1291 = EDGE_CURVE ( 'NONE', #219, #3210, #3411, .T. ) ;
#1292 = LINE ( 'NONE', #3952, #1560 ) ;
#1293 = ORIENTED_EDGE ( 'NONE', *, *, #1642, .F. ) ;
#1294 = FACE_OUTER_BOUND ( 'NONE', #272, .T. ) ;
#1295 = CARTESIAN_POINT ( 'NONE',  ( -1.584999999999999964, 1.399999999999999689, 0.3149999999999999467 ) ) ;
#1296 = CARTESIAN_POINT ( 'NONE',  ( 3.030000000000001581, 1.399999999999999689, 1.070000000000000284 ) ) ;
#1297 = ORIENTED_EDGE ( 'NONE', *, *, #2483, .F. ) ;
#1298 = COLOUR_RGB ( '',0.9686274509803921573, 0.8784313725490195957, 0.5999999999999999778 ) ;
#1299 = DIRECTION ( 'NONE',  ( 0.0000000000000000000, 0.0000000000000000000, 1.000000000000000000 ) ) ;
#1300 = CARTESIAN_POINT ( 'NONE',  ( -3.557538378468054029E-17, -0.9100000000000000311, 0.9200000000000010392 ) ) ;
#1301 = ORIENTED_EDGE ( 'NONE', *, *, #2425, .T. ) ;
#1302 = STYLED_ITEM ( 'NONE', ( #1713 ), #4199 ) ;
#1303 = DIRECTION ( 'NONE',  ( 0.0000000000000000000, -0.0000000000000000000, 1.000000000000000000 ) ) ;
#1304 = CARTESIAN_POINT ( 'NONE',  ( 4.730000000000000426, -1.260000000000000231, -1.270000000000000240 ) ) ;
#1305 = VERTEX_POINT ( 'NONE', #399 ) ;
#1306 = CARTESIAN_POINT ( 'NONE',  ( -2.540000000000000036, -1.400000000000001021, -0.9200000000000003730 ) ) ;
#1307 = ORIENTED_EDGE ( 'NONE', *, *, #3017, .F. ) ;
#1308 = DIRECTION ( 'NONE',  ( 0.7071067811865473507, -0.7071067811865477948, 0.0000000000000000000 ) ) ;
#1309 = CARTESIAN_POINT ( 'NONE',  ( -0.1349999999999994538, 0.0000000000000000000, 0.1349999999999993705 ) ) ;
#1310 = ORIENTED_EDGE ( 'NONE', *, *, #1288, .T. ) ;
#1311 = CARTESIAN_POINT ( 'NONE',  ( 7.849171977889820637E-17, 0.9099999999999994760, -0.9200000000000000400 ) ) ;
#1312 = ADVANCED_FACE ( 'NONE', ( #3468 ), #3770, .T. ) ;
#1313 = SURFACE_STYLE_FILL_AREA ( #3143 ) ;
#1314 = DIRECTION ( 'NONE',  ( 0.0000000000000000000, 1.000000000000000000, 0.0000000000000000000 ) ) ;
#1315 =( LENGTH_UNIT ( ) NAMED_UNIT ( * ) SI_UNIT ( .MILLI., .METRE. ) );
#1316 = ORIENTED_EDGE ( 'NONE', *, *, #1839, .T. ) ;
#1317 = EDGE_CURVE ( 'NONE', #4641, #204, #740, .T. ) ;
#1318 = FILL_AREA_STYLE ('',( #188 ) ) ;
#1319 = FILL_AREA_STYLE_COLOUR ( '', #2620 ) ;
#1320 = EDGE_LOOP ( 'NONE', ( #1942, #4849, #2019, #1307 ) ) ;
#1321 = FACE_OUTER_BOUND ( 'NONE', #85, .T. ) ;
#1322 = CARTESIAN_POINT ( 'NONE',  ( 5.080000000000000071, 1.399999999999999689, -1.269999999999999796 ) ) ;
#1323 =( BOUNDED_CURVE ( )  B_SPLINE_CURVE ( 3, ( #4256, #4205, #357, #825 ),
 .UNSPECIFIED., .F., .T. ) 
 B_SPLINE_CURVE_WITH_KNOTS ( ( 4, 4 ),
 ( 3.141592653589793116, 4.444796585246900911 ),
 .UNSPECIFIED. ) 
 CURVE ( )  GEOMETRIC_REPRESENTATION_ITEM ( )  RATIONAL_B_SPLINE_CURVE ( ( 1.000000000000000000, 0.8634088596862011800, 0.8634088596862011800, 1.000000000000000000 ) ) 
 REPRESENTATION_ITEM ( '' )  );
#1324 = ORIENTED_EDGE ( 'NONE', *, *, #1616, .F. ) ;
#1325 = MECHANICAL_DESIGN_GEOMETRIC_PRESENTATION_REPRESENTATION (  '', ( #4294 ), #2765 ) ;
#1326 = SURFACE_STYLE_USAGE ( .BOTH. , #3626 ) ;
#1327 = DIRECTION ( 'NONE',  ( -0.4999999999999998890, -0.8660254037844387076, 0.0000000000000000000 ) ) ;
#1328 =( LENGTH_UNIT ( ) NAMED_UNIT ( * ) SI_UNIT ( .MILLI., .METRE. ) );
#1329 = ORIENTED_EDGE ( 'NONE', *, *, #2361, .F. ) ;
#1330 = CARTESIAN_POINT ( 'NONE',  ( 5.080000000000000071, -1.400000000000000133, 0.7700000000000000178 ) ) ;
#1331 = EDGE_LOOP ( 'NONE', ( #3853, #656, #2779, #4672, #2947, #2717, #1478, #4735, #2119, #1476 ) ) ;
#1332 =( GEOMETRIC_REPRESENTATION_CONTEXT ( 3 ) GLOBAL_UNCERTAINTY_ASSIGNED_CONTEXT ( ( #1725 ) ) GLOBAL_UNIT_ASSIGNED_CONTEXT ( ( #3154, #463, #510 ) ) REPRESENTATION_CONTEXT ( 'NONE', 'WORKASPACE' ) );
#1333 = PLANE ( 'NONE',  #4250 ) ;
#1334 = AXIS2_PLACEMENT_3D ( 'NONE', #2213, #284, #2940 ) ;
#1335 = LINE ( 'NONE', #2508, #3488 ) ;
#1336 =( GEOMETRIC_REPRESENTATION_CONTEXT ( 3 ) GLOBAL_UNCERTAINTY_ASSIGNED_CONTEXT ( ( #4683 ) ) GLOBAL_UNIT_ASSIGNED_CONTEXT ( ( #242, #3579, #1378 ) ) REPRESENTATION_CONTEXT ( 'NONE', 'WORKASPACE' ) );
#1337 = ORIENTED_EDGE ( 'NONE', *, *, #1377, .T. ) ;
#1338 = SURFACE_STYLE_FILL_AREA ( #944 ) ;
#1339 = SURFACE_SIDE_STYLE ('',( #2907 ) ) ;
#1340 = VECTOR ( 'NONE', #3306, 1000.000000000000000 ) ;
#1341 = VECTOR ( 'NONE', #3816, 1000.000000000000000 ) ;
#1342 = PLANE ( 'NONE',  #2764 ) ;
#1343 = FILL_AREA_STYLE_COLOUR ( '', #1258 ) ;
#1344 = VECTOR ( 'NONE', #4240, 1000.000000000000000 ) ;
#1345 = SURFACE_STYLE_FILL_AREA ( #1701 ) ;
#1346 = LINE ( 'NONE', #2564, #2584 ) ;
#1347 = EDGE_CURVE ( 'NONE', #2274, #4113, #3010, .T. ) ;
#1348 = VERTEX_POINT ( 'NONE', #4172 ) ;
#1349 = DIRECTION ( 'NONE',  ( -0.0000000000000000000, 0.0000000000000000000, -1.000000000000000000 ) ) ;
#1350 = LINE ( 'NONE', #2068, #11 ) ;
#1351 = ADVANCED_BREP_SHAPE_REPRESENTATION ( '', ( #3132, #3700 ), #3869 ) ;
#1352 = EDGE_CURVE ( 'NONE', #1639, #2783, #1884, .T. ) ;
#1353 = COLOUR_RGB ( '',0.9686274509803921573, 0.8784313725490195957, 0.5999999999999999778 ) ;
#1354 = EDGE_LOOP ( 'NONE', ( #689, #2998, #2383, #1645 ) ) ;
#1355 = CYLINDRICAL_SURFACE ( 'NONE', #459, 0.1999999999999998723 ) ;
#1356 = VECTOR ( 'NONE', #3287, 1000.000000000000000 ) ;
#1357 = ADVANCED_FACE ( 'NONE', ( #948 ), #3206, .F. ) ;
#1358 = DIRECTION ( 'NONE',  ( -1.000000000000000000, 0.0000000000000000000, -0.0000000000000000000 ) ) ;
#1359 = ORIENTED_EDGE ( 'NONE', *, *, #3208, .F. ) ;
#1360 = SURFACE_SIDE_STYLE ('',( #224 ) ) ;
#1361 = ORIENTED_EDGE ( 'NONE', *, *, #3119, .F. ) ;
#1362 = VECTOR ( 'NONE', #142, 1000.000000000000000 ) ;
#1363 = DIRECTION ( 'NONE',  ( -0.0000000000000000000, 0.0000000000000000000, 1.000000000000000000 ) ) ;
#1364 =( GEOMETRIC_REPRESENTATION_CONTEXT ( 3 ) GLOBAL_UNCERTAINTY_ASSIGNED_CONTEXT ( ( #282 ) ) GLOBAL_UNIT_ASSIGNED_CONTEXT ( ( #67, #1066, #3353 ) ) REPRESENTATION_CONTEXT ( 'NONE', 'WORKASPACE' ) );
#1365 = SURFACE_STYLE_USAGE ( .BOTH. , #4468 ) ;
#1366 = ORIENTED_EDGE ( 'NONE', *, *, #4502, .F. ) ;
#1367 = VECTOR ( 'NONE', #3917, 1000.000000000000000 ) ;
#1368 = FACE_OUTER_BOUND ( 'NONE', #1070, .T. ) ;
#1369 = VECTOR ( 'NONE', #2859, 1000.000000000000000 ) ;
#1370 = DIRECTION ( 'NONE',  ( 0.5773502691896257311, 0.5773502691896257311, 0.5773502691896257311 ) ) ;
#1371 = UNCERTAINTY_MEASURE_WITH_UNIT (LENGTH_MEASURE( 1.000000000000000082E-05 ), #4331, 'distance_accuracy_value', 'NONE');
#1372 = AXIS2_PLACEMENT_3D ( 'NONE', #4705, #3471, #1579 ) ;
#1373 = LINE ( 'NONE', #1026, #1496 ) ;
#1374 =( NAMED_UNIT ( * ) PLANE_ANGLE_UNIT ( ) SI_UNIT ( $, .RADIAN. ) );
#1375 = ORIENTED_EDGE ( 'NONE', *, *, #4112, .T. ) ;
#1376 =( NAMED_UNIT ( * ) PLANE_ANGLE_UNIT ( ) SI_UNIT ( $, .RADIAN. ) );
#1377 = EDGE_CURVE ( 'NONE', #2178, #3210, #115, .T. ) ;
#1378 =( NAMED_UNIT ( * ) SI_UNIT ( $, .STERADIAN. ) SOLID_ANGLE_UNIT ( ) );
#1379 = PRESENTATION_STYLE_ASSIGNMENT (( #985 ) ) ;
#1380 = FILL_AREA_STYLE_COLOUR ( '', #898 ) ;
#1381 = EDGE_LOOP ( 'NONE', ( #670, #3865, #4586, #2486 ) ) ;
#1382 = CARTESIAN_POINT ( 'NONE',  ( -0.3350000000000000755, 0.3464101615137764600, -0.3350000000000001310 ) ) ;
#1383 = ORIENTED_EDGE ( 'NONE', *, *, #4347, .T. ) ;
#1384 = FILL_AREA_STYLE_COLOUR ( '', #3603 ) ;
#1385 = STYLED_ITEM ( 'NONE', ( #989 ), #4931 ) ;
#1386 = EDGE_CURVE ( 'NONE', #1434, #4827, #3618, .T. ) ;
#1387 =( NAMED_UNIT ( * ) SI_UNIT ( $, .STERADIAN. ) SOLID_ANGLE_UNIT ( ) );
#1388 = ORIENTED_EDGE ( 'NONE', *, *, #2937, .F. ) ;
#1389 = VECTOR ( 'NONE', #1857, 1000.000000000000000 ) ;
#1390 = FACE_OUTER_BOUND ( 'NONE', #4596, .T. ) ;
#1391 = DIRECTION ( 'NONE',  ( 0.0000000000000000000, -0.0000000000000000000, 1.000000000000000000 ) ) ;
#1392 = DIRECTION ( 'NONE',  ( 0.7071067811865462405, -0.7071067811865489050, 0.0000000000000000000 ) ) ;
#1393 =( NAMED_UNIT ( * ) PLANE_ANGLE_UNIT ( ) SI_UNIT ( $, .RADIAN. ) );
#1394 = VERTEX_POINT ( 'NONE', #2394 ) ;
#1395 = DIRECTION ( 'NONE',  ( 0.0000000000000000000, -1.000000000000000000, -0.0000000000000000000 ) ) ;
#1396 = DIRECTION ( 'NONE',  ( -1.000000000000000000, 0.0000000000000000000, -0.0000000000000000000 ) ) ;
#1397 = ORIENTED_EDGE ( 'NONE', *, *, #2954, .T. ) ;
#1398 =( NAMED_UNIT ( * ) SI_UNIT ( $, .STERADIAN. ) SOLID_ANGLE_UNIT ( ) );
#1399 = LINE ( 'NONE', #4589, #1389 ) ;
#1400 = FILL_AREA_STYLE_COLOUR ( '', #3014 ) ;
#1401 = CARTESIAN_POINT ( 'NONE',  ( 0.3428820572744434303, 1.252882057274441907, -1.262882057274445691 ) ) ;
#1402 = VERTEX_POINT ( 'NONE', #3926 ) ;
#1403 = LINE ( 'NONE', #4536, #1609 ) ;
#1404 = ADVANCED_FACE ( 'NONE', ( #500 ), #4702, .T. ) ;
#1405 = ORIENTED_EDGE ( 'NONE', *, *, #1888, .F. ) ;
#1406 = SURFACE_STYLE_FILL_AREA ( #268 ) ;
#1407 = FILL_AREA_STYLE_COLOUR ( '', #2542 ) ;
#1408 = ORIENTED_EDGE ( 'NONE', *, *, #4662, .T. ) ;
#1409 = COLOUR_RGB ( '',0.1019607843137254888, 0.1019607843137254888, 0.1019607843137254888 ) ;
#1410 =( LENGTH_UNIT ( ) NAMED_UNIT ( * ) SI_UNIT ( .MILLI., .METRE. ) );
#1411 = EDGE_CURVE ( 'NONE', #3294, #3624, #2792, .T. ) ;
#1412 = COLOUR_RGB ( '',0.1019607843137254888, 0.1019607843137254888, 0.1019607843137254888 ) ;
#1413 = FACE_OUTER_BOUND ( 'NONE', #3939, .T. ) ;
#1414 = CARTESIAN_POINT ( 'NONE',  ( 5.080000000000000071, 1.399999999999999689, 1.270000000000000018 ) ) ;
#1415 = SURFACE_STYLE_FILL_AREA ( #1062 ) ;
#1416 = LINE ( 'NONE', #280, #578 ) ;
#1417 = EDGE_CURVE ( 'NONE', #4286, #1503, #2418, .T. ) ;
#1418 = STYLED_ITEM ( 'NONE', ( #4049 ), #1538 ) ;
#1419 = CARTESIAN_POINT ( 'NONE',  ( -0.3350000000000000200, 0.3464101615137765156, 0.3349999999999999090 ) ) ;
#1420 = VECTOR ( 'NONE', #158, 1000.000000000000000 ) ;
#1421 = UNCERTAINTY_MEASURE_WITH_UNIT (LENGTH_MEASURE( 1.000000000000000082E-05 ), #2979, 'distance_accuracy_value', 'NONE');
#1422 = SURFACE_STYLE_FILL_AREA ( #979 ) ;
#1423 = VECTOR ( 'NONE', #2676, 1000.000000000000000 ) ;
#1424 = AXIS2_PLACEMENT_3D ( 'NONE', #3184, #1308, #4675 ) ;
#1425 = ORIENTED_EDGE ( 'NONE', *, *, #3802, .F. ) ;
#1426 = UNCERTAINTY_MEASURE_WITH_UNIT (LENGTH_MEASURE( 1.000000000000000082E-05 ), #2839, 'distance_accuracy_value', 'NONE');
#1427 = ORIENTED_EDGE ( 'NONE', *, *, #1726, .F. ) ;
#1428 = VECTOR ( 'NONE', #848, 1000.000000000000000 ) ;
#1429 =( LENGTH_UNIT ( ) NAMED_UNIT ( * ) SI_UNIT ( .MILLI., .METRE. ) );
#1430 =( GEOMETRIC_REPRESENTATION_CONTEXT ( 3 ) GLOBAL_UNCERTAINTY_ASSIGNED_CONTEXT ( ( #3665 ) ) GLOBAL_UNIT_ASSIGNED_CONTEXT ( ( #3778, #4534, #693 ) ) REPRESENTATION_CONTEXT ( 'NONE', 'WORKASPACE' ) );
#1431 = ORIENTED_EDGE ( 'NONE', *, *, #2933, .F. ) ;
#1432 = LINE ( 'NONE', #3295, #4644 ) ;
#1433 = DIRECTION ( 'NONE',  ( 0.0000000000000000000, 0.0000000000000000000, 1.000000000000000000 ) ) ;
#1434 = VERTEX_POINT ( 'NONE', #1674 ) ;
#1435 = DIRECTION ( 'NONE',  ( 0.0000000000000000000, -0.0000000000000000000, -1.000000000000000000 ) ) ;
#1436 =( NAMED_UNIT ( * ) PLANE_ANGLE_UNIT ( ) SI_UNIT ( $, .RADIAN. ) );
#1437 = ORIENTED_EDGE ( 'NONE', *, *, #3954, .T. ) ;
#1438 = COLOUR_RGB ( '',0.1019607843137254888, 0.1019607843137254888, 0.1019607843137254888 ) ;
#1439 = SURFACE_STYLE_FILL_AREA ( #345 ) ;
#1440 = STYLED_ITEM ( 'NONE', ( #291 ), #2885 ) ;
#1441 = DIRECTION ( 'NONE',  ( 0.0000000000000000000, 0.0000000000000000000, -1.000000000000000000 ) ) ;
#1442 = CARTESIAN_POINT ( 'NONE',  ( -0.4900000000000008793, -1.400000000000000577, 0.7700000000000000178 ) ) ;
#1443 = ADVANCED_FACE ( 'NONE', ( #920 ), #4868, .F. ) ;
#1444 =( NAMED_UNIT ( * ) SI_UNIT ( $, .STERADIAN. ) SOLID_ANGLE_UNIT ( ) );
#1445 = FILL_AREA_STYLE ('',( #3405 ) ) ;
#1446 =( NAMED_UNIT ( * ) PLANE_ANGLE_UNIT ( ) SI_UNIT ( $, .RADIAN. ) );
#1447 = PRESENTATION_STYLE_ASSIGNMENT (( #878 ) ) ;
#1448 =( NAMED_UNIT ( * ) PLANE_ANGLE_UNIT ( ) SI_UNIT ( $, .RADIAN. ) );
#1449 = EDGE_CURVE ( 'NONE', #4309, #3484, #3689, .T. ) ;
#1450 = PRESENTATION_LAYER_ASSIGNMENT (  '', '', ( #413 ) ) ;
#1451 = VERTEX_POINT ( 'NONE', #680 ) ;
#1452 = VERTEX_POINT ( 'NONE', #1021 ) ;
#1453 =( GEOMETRIC_REPRESENTATION_CONTEXT ( 3 ) GLOBAL_UNCERTAINTY_ASSIGNED_CONTEXT ( ( #4526 ) ) GLOBAL_UNIT_ASSIGNED_CONTEXT ( ( #4440, #3248, #632 ) ) REPRESENTATION_CONTEXT ( 'NONE', 'WORKASPACE' ) );
#1454 = CARTESIAN_POINT ( 'NONE',  ( -4.737117942725556752, 1.252882057274442351, -1.262882057274445469 ) ) ;
#1455 = CARTESIAN_POINT ( 'NONE',  ( 3.030000000000001581, 1.399999999999999689, -1.163653726294449520 ) ) ;
#1456 = MECHANICAL_DESIGN_GEOMETRIC_PRESENTATION_REPRESENTATION (  '', ( #2090 ), #189 ) ;
#1457 = DIRECTION ( 'NONE',  ( 2.427318296609338447E-16, 0.0000000000000000000, 1.000000000000000000 ) ) ;
#1458 = ORIENTED_EDGE ( 'NONE', *, *, #3578, .F. ) ;
#1459 = DIRECTION ( 'NONE',  ( -0.0000000000000000000, 0.0000000000000000000, -1.000000000000000000 ) ) ;
#1460 = SHAPE_REPRESENTATION_RELATIONSHIP ( 'NONE' , 'NONE' ,  #2547, #1351 ) ;
#1461 = UNCERTAINTY_MEASURE_WITH_UNIT (LENGTH_MEASURE( 1.000000000000000082E-05 ), #4750, 'distance_accuracy_value', 'NONE');
#1462 = CARTESIAN_POINT ( 'NONE',  ( 2.197117942725554052, 1.252882057274445460, 1.262882057274445025 ) ) ;
#1463 = ORIENTED_EDGE ( 'NONE', *, *, #4288, .F. ) ;
#1464 = LINE ( 'NONE', #3787, #4028 ) ;
#1465 = MECHANICAL_DESIGN_GEOMETRIC_PRESENTATION_REPRESENTATION (  '', ( #2096 ), #1708 ) ;
#1466 = PRESENTATION_STYLE_ASSIGNMENT (( #3661 ) ) ;
#1467 = CARTESIAN_POINT ( 'NONE',  ( -1.584999999999999964, -1.146000000000000352, 0.3149999999999998912 ) ) ;
#1468 = LINE ( 'NONE', #4120, #3321 ) ;
#1469 = AXIS2_PLACEMENT_3D ( 'NONE', #447, #3483, #2756 ) ;
#1470 = FILL_AREA_STYLE_COLOUR ( '', #1934 ) ;
#1471 = UNCERTAINTY_MEASURE_WITH_UNIT (LENGTH_MEASURE( 1.000000000000000082E-05 ), #3137, 'distance_accuracy_value', 'NONE');
#1472 = EDGE_CURVE ( 'NONE', #4692, #14, #277, .T. ) ;
#1473 =( GEOMETRIC_REPRESENTATION_CONTEXT ( 3 ) GLOBAL_UNCERTAINTY_ASSIGNED_CONTEXT ( ( #766 ) ) GLOBAL_UNIT_ASSIGNED_CONTEXT ( ( #4181, #340, #3393 ) ) REPRESENTATION_CONTEXT ( 'NONE', 'WORKASPACE' ) );
#1474 = FILL_AREA_STYLE_COLOUR ( '', #1178 ) ;
#1475 = LINE ( 'NONE', #2616, #940 ) ;
#1476 = ORIENTED_EDGE ( 'NONE', *, *, #1506, .T. ) ;
#1477 = UNCERTAINTY_MEASURE_WITH_UNIT (LENGTH_MEASURE( 1.000000000000000082E-05 ), #111, 'distance_accuracy_value', 'NONE');
#1478 = ORIENTED_EDGE ( 'NONE', *, *, #2960, .T. ) ;
#1479 = EDGE_CURVE ( 'NONE', #2046, #4902, #4893, .T. ) ;
#1480 = CARTESIAN_POINT ( 'NONE',  ( -4.589999999999999858, -1.400000000000000133, 1.269999999999999574 ) ) ;
#1481 = ORIENTED_EDGE ( 'NONE', *, *, #996, .T. ) ;
#1482 = FILL_AREA_STYLE_COLOUR ( '', #4867 ) ;
#1483 = DIRECTION ( 'NONE',  ( 1.000000000000000000, 0.0000000000000000000, 0.0000000000000000000 ) ) ;
#1484 = EDGE_CURVE ( 'NONE', #2632, #3251, #1468, .T. ) ;
#1485 = CARTESIAN_POINT ( 'NONE',  ( 2.776000000000001133, -1.146000000000000352, 0.7700000000000000178 ) ) ;
#1486 = LINE ( 'NONE', #29, #1019 ) ;
#1487 = LINE ( 'NONE', #2228, #2056 ) ;
#1488 = CARTESIAN_POINT ( 'NONE',  ( -0.3500000000000001998, -1.400000000000001021, -1.270000000000000018 ) ) ;
#1489 = ORIENTED_EDGE ( 'NONE', *, *, #1577, .T. ) ;
#1490 = FILL_AREA_STYLE_COLOUR ( '', #279 ) ;
#1491 = CARTESIAN_POINT ( 'NONE',  ( -0.7071067811865475727, -1.617106781186547160, -1.270000000000000240 ) ) ;
#1492 = DIRECTION ( 'NONE',  ( -1.000000000000000000, 0.0000000000000000000, 0.0000000000000000000 ) ) ;
#1493 = COLOUR_RGB ( '',0.1019607843137254888, 0.1019607843137254888, 0.1019607843137254888 ) ;
#1494 = DIRECTION ( 'NONE',  ( -0.5773502691896266192, -0.5773502691896261751, 0.5773502691896245098 ) ) ;
#1495 = PRESENTATION_LAYER_ASSIGNMENT (  '', '', ( #3164 ) ) ;
#1496 = VECTOR ( 'NONE', #2139, 1000.000000000000000 ) ;
#1497 =( NAMED_UNIT ( * ) PLANE_ANGLE_UNIT ( ) SI_UNIT ( $, .RADIAN. ) );
#1498 = DIRECTION ( 'NONE',  ( 0.0000000000000000000, 0.0000000000000000000, 1.000000000000000000 ) ) ;
#1500 = ORIENTED_EDGE ( 'NONE', *, *, #295, .T. ) ;
#1499 = PRESENTATION_LAYER_ASSIGNMENT (  '', '', ( #3647 ) ) ;
#1501 = PRESENTATION_LAYER_ASSIGNMENT (  '', '', ( #2772 ) ) ;
#1502 = CARTESIAN_POINT ( 'NONE',  ( 0.3499999999999974243, 1.199999999999999956, -1.269999999999999796 ) ) ;
#1503 = VERTEX_POINT ( 'NONE', #4024 ) ;
#1504 = PRESENTATION_LAYER_ASSIGNMENT (  '', '', ( #3979 ) ) ;
#1505 = SURFACE_SIDE_STYLE ('',( #1142 ) ) ;
#1506 = EDGE_CURVE ( 'NONE', #990, #2026, #1794, .T. ) ;
#1507 = DIRECTION ( 'NONE',  ( -1.000000000000000000, -0.0000000000000000000, -0.0000000000000000000 ) ) ;
#1508 = ORIENTED_EDGE ( 'NONE', *, *, #3925, .T. ) ;
#1509 = SURFACE_STYLE_USAGE ( .BOTH. , #2948 ) ;
#1510 = LINE ( 'NONE', #4093, #874 ) ;
#1511 = STYLED_ITEM ( 'NONE', ( #458 ), #2194 ) ;
#1512 = EDGE_CURVE ( 'NONE', #2191, #3011, #4844, .T. ) ;
#1513 = LINE ( 'NONE', #4541, #1423 ) ;
#1514 = ORIENTED_EDGE ( 'NONE', *, *, #3304, .F. ) ;
#1515 = SURFACE_STYLE_FILL_AREA ( #2184 ) ;
#1516 = ORIENTED_EDGE ( 'NONE', *, *, #1726, .T. ) ;
#1517 = VECTOR ( 'NONE', #835, 1000.000000000000000 ) ;
#1518 = SURFACE_STYLE_USAGE ( .BOTH. , #3813 ) ;
#1519 =( NAMED_UNIT ( * ) PLANE_ANGLE_UNIT ( ) SI_UNIT ( $, .RADIAN. ) );
#1520 = PLANE ( 'NONE',  #310 ) ;
#1521 = AXIS2_PLACEMENT_3D ( 'NONE', #557, #603, #4759 ) ;
#1522 = CARTESIAN_POINT ( 'NONE',  ( 0.9550000000000000711, -1.400000000000001021, 0.3149999999999998912 ) ) ;
#1523 = CARTESIAN_POINT ( 'NONE',  ( 2.539999999999999591, -0.9099999999999999201, -1.270000000000000240 ) ) ;
#1524 = UNCERTAINTY_MEASURE_WITH_UNIT (LENGTH_MEASURE( 1.000000000000000082E-05 ), #2351, 'distance_accuracy_value', 'NONE');
#1525 = PRESENTATION_LAYER_ASSIGNMENT (  '', '', ( #3669 ) ) ;
#1526 = FILL_AREA_STYLE_COLOUR ( '', #4537 ) ;
#1527 = ORIENTED_EDGE ( 'NONE', *, *, #3867, .T. ) ;
#1528 = UNCERTAINTY_MEASURE_WITH_UNIT (LENGTH_MEASURE( 1.000000000000000082E-05 ), #3252, 'distance_accuracy_value', 'NONE');
#1529 = ORIENTED_EDGE ( 'NONE', *, *, #498, .T. ) ;
#1530 = FACE_OUTER_BOUND ( 'NONE', #4687, .T. ) ;
#1531 = COLOUR_RGB ( '',0.1019607843137254888, 0.1019607843137254888, 0.1019607843137254888 ) ;
#1532 = FACE_OUTER_BOUND ( 'NONE', #2322, .T. ) ;
#1533 =( BOUNDED_CURVE ( )  B_SPLINE_CURVE ( 3, ( #4621, #4315, #3914, #2412 ),
 .UNSPECIFIED., .F., .F. ) 
 B_SPLINE_CURVE_WITH_KNOTS ( ( 4, 4 ),
 ( 0.0000000000000000000, 0.2675923951378015309 ),
 .UNSPECIFIED. ) 
 CURVE ( )  GEOMETRIC_REPRESENTATION_ITEM ( )  RATIONAL_B_SPLINE_CURVE ( ( 1.000000000000000000, 0.9940417555543821226, 0.9940417555543821226, 1.000000000000000000 ) ) 
 REPRESENTATION_ITEM ( '' )  );
#1534 = APPLICATION_CONTEXT ( 'automotive_design' ) ;
#1535 = VECTOR ( 'NONE', #3065, 1000.000000000000000 ) ;
#1536 = EDGE_LOOP ( 'NONE', ( #2122, #4877, #4921, #514, #4839, #1686 ) ) ;
#1537 = DIRECTION ( 'NONE',  ( -1.000000000000000000, 0.0000000000000000000, -0.0000000000000000000 ) ) ;
#1538 = ADVANCED_FACE ( 'NONE', ( #2957, #3256 ), #4824, .F. ) ;
#1539 = FACE_OUTER_BOUND ( 'NONE', #2344, .T. ) ;
#1540 = CARTESIAN_POINT ( 'NONE',  ( -4.125000000000000000, -1.146000000000000352, -0.3150000000000001132 ) ) ;
#1541 = CARTESIAN_POINT ( 'NONE',  ( 4.646797325730101846, 1.343202674269899477, -1.238119048685104140 ) ) ;
#1542 = FILL_AREA_STYLE_COLOUR ( '', #4673 ) ;
#1543 = ORIENTED_EDGE ( 'NONE', *, *, #240, .T. ) ;
#1544 = CARTESIAN_POINT ( 'NONE',  ( 5.080000000000000071, -1.146000000000000352, -0.7700000000000000178 ) ) ;
#1545 = ADVANCED_FACE ( 'NONE', ( #4195 ), #367, .T. ) ;
#1546 = AXIS2_PLACEMENT_3D ( 'NONE', #1272, #922, #1580 ) ;
#1547 = CARTESIAN_POINT ( 'NONE',  ( 5.080000000000000071, -1.400000000000000133, 1.269999999999999574 ) ) ;
#1548 = FILL_AREA_STYLE_COLOUR ( '', #2611 ) ;
#1549 =( NAMED_UNIT ( * ) SI_UNIT ( $, .STERADIAN. ) SOLID_ANGLE_UNIT ( ) );
#1550 = CARTESIAN_POINT ( 'NONE',  ( -2.540000000000000036, -1.400000000000001021, 0.9200000000000003730 ) ) ;
#1551 = EDGE_CURVE ( 'NONE', #1394, #3498, #1881, .T. ) ;
#1552 = MANIFOLD_SOLID_BREP ( 'Imported1', #4841 ) ;
#1553 =( GEOMETRIC_REPRESENTATION_CONTEXT ( 3 ) GLOBAL_UNCERTAINTY_ASSIGNED_CONTEXT ( ( #2168 ) ) GLOBAL_UNIT_ASSIGNED_CONTEXT ( ( #1082, #701, #415 ) ) REPRESENTATION_CONTEXT ( 'NONE', 'WORKASPACE' ) );
#1554 = LINE ( 'NONE', #371, #1816 ) ;
#1555 = CARTESIAN_POINT ( 'NONE',  ( -3.247106781186548385, -1.400000000000001021, 1.627106781186546725 ) ) ;
#1556 = VERTEX_POINT ( 'NONE', #3034 ) ;
#1557 = CARTESIAN_POINT ( 'NONE',  ( 0.3349999999999999090, 12.69999999999999929, -0.3350000000000001310 ) ) ;
#1558 = ORIENTED_EDGE ( 'NONE', *, *, #1810, .T. ) ;
#1559 =( GEOMETRIC_REPRESENTATION_CONTEXT ( 3 ) GLOBAL_UNCERTAINTY_ASSIGNED_CONTEXT ( ( #3012 ) ) GLOBAL_UNIT_ASSIGNED_CONTEXT ( ( #4155, #2223, #360 ) ) REPRESENTATION_CONTEXT ( 'NONE', 'WORKASPACE' ) );
#1560 = VECTOR ( 'NONE', #2769, 1000.000000000000000 ) ;
#1561 = EDGE_LOOP ( 'NONE', ( #3419, #457, #334, #293 ) ) ;
#1562 =( LENGTH_UNIT ( ) NAMED_UNIT ( * ) SI_UNIT ( .MILLI., .METRE. ) );
#1563 = LINE ( 'NONE', #311, #4549 ) ;
#1564 = ORIENTED_EDGE ( 'NONE', *, *, #3357, .F. ) ;
#1565 = PRODUCT ( 'holder', 'holder', '', ( #1145 ) ) ;
#1566 = DIRECTION ( 'NONE',  ( 0.0000000000000000000, 0.4999999999999998890, -0.8660254037844387076 ) ) ;
#1567 = CARTESIAN_POINT ( 'NONE',  ( -1.584999999999999964, -1.146000000000000352, -0.3150000000000001132 ) ) ;
#1568 = FILL_AREA_STYLE ('',( #2271 ) ) ;
#1569 = ORIENTED_EDGE ( 'NONE', *, *, #3263, .F. ) ;
#1570 =( NAMED_UNIT ( * ) SI_UNIT ( $, .STERADIAN. ) SOLID_ANGLE_UNIT ( ) );
#1571 = LINE ( 'NONE', #3003, #4693 ) ;
#1572 = EDGE_CURVE ( 'NONE', #1094, #1753, #2981, .T. ) ;
#1573 = CARTESIAN_POINT ( 'NONE',  ( 0.3428820572744439299, 1.252882057274442351, 1.262882057274445913 ) ) ;
#1574 = UNCERTAINTY_MEASURE_WITH_UNIT (LENGTH_MEASURE( 1.000000000000000082E-05 ), #2104, 'distance_accuracy_value', 'NONE');
#1575 = CARTESIAN_POINT ( 'NONE',  ( 4.125000000000000000, 1.399999999999999689, -0.3150000000000001132 ) ) ;
#1576 = DIRECTION ( 'NONE',  ( 0.0000000000000000000, -1.000000000000000000, -0.0000000000000000000 ) ) ;
#1577 = EDGE_CURVE ( 'NONE', #1503, #118, #1870, .T. ) ;
#1578 = ORIENTED_EDGE ( 'NONE', *, *, #2596, .T. ) ;
#1579 = DIRECTION ( 'NONE',  ( 0.0000000000000000000, 0.0000000000000000000, -1.000000000000000000 ) ) ;
#1580 = DIRECTION ( 'NONE',  ( 0.0000000000000000000, -0.8660254037844387076, 0.4999999999999998890 ) ) ;
#1581 = UNCERTAINTY_MEASURE_WITH_UNIT (LENGTH_MEASURE( 1.000000000000000082E-05 ), #303, 'distance_accuracy_value', 'NONE');
#1582 = VERTEX_POINT ( 'NONE', #2636 ) ;
#1583 = UNCERTAINTY_MEASURE_WITH_UNIT (LENGTH_MEASURE( 1.000000000000000082E-05 ), #2909, 'distance_accuracy_value', 'NONE');
#1584 = CARTESIAN_POINT ( 'NONE',  ( 5.080000000000000071, -1.146000000000000352, 0.7700000000000000178 ) ) ;
#1585 =( GEOMETRIC_REPRESENTATION_CONTEXT ( 3 ) GLOBAL_UNCERTAINTY_ASSIGNED_CONTEXT ( ( #873 ) ) GLOBAL_UNIT_ASSIGNED_CONTEXT ( ( #3229, #3592, #184 ) ) REPRESENTATION_CONTEXT ( 'NONE', 'WORKASPACE' ) );
#1586 = VECTOR ( 'NONE', #4630, 1000.000000000000000 ) ;
#1587 = FILL_AREA_STYLE ('',( #3475 ) ) ;
#1588 = ORIENTED_EDGE ( 'NONE', *, *, #2823, .T. ) ;
#1589 = CARTESIAN_POINT ( 'NONE',  ( -4.737117942725556752, 1.252882057274442795, 1.262882057274445913 ) ) ;
#1590 =( LENGTH_UNIT ( ) NAMED_UNIT ( * ) SI_UNIT ( .MILLI., .METRE. ) );
#1591 = DIRECTION ( 'NONE',  ( 0.0000000000000000000, 0.8660254037844387076, 0.4999999999999998890 ) ) ;
#1592 = MECHANICAL_DESIGN_GEOMETRIC_PRESENTATION_REPRESENTATION (  '', ( #312 ), #3 ) ;
#1593 = CARTESIAN_POINT ( 'NONE',  ( 0.0000000000000000000, -1.146000000000000352, 0.3149999999999998912 ) ) ;
#1594 = DIRECTION ( 'NONE',  ( -0.5773502691896253980, 0.5773502691896236216, -0.5773502691896283956 ) ) ;
#1595 = ORIENTED_EDGE ( 'NONE', *, *, #1133, .T. ) ;
#1596 = DIRECTION ( 'NONE',  ( 0.0000000000000000000, 0.0000000000000000000, 1.000000000000000000 ) ) ;
#1597 = PRESENTATION_STYLE_ASSIGNMENT (( #1107 ) ) ;
#1598 =( NAMED_UNIT ( * ) PLANE_ANGLE_UNIT ( ) SI_UNIT ( $, .RADIAN. ) );
#1599 = CARTESIAN_POINT ( 'NONE',  ( -0.9549999999999998490, 1.399999999999999689, 0.3149999999999999467 ) ) ;
#1600 = FILL_AREA_STYLE_COLOUR ( '', #2161 ) ;
#1601 = SURFACE_SIDE_STYLE ('',( #1670 ) ) ;
#1602 = DIRECTION ( 'NONE',  ( 0.0000000000000000000, 1.548860246407863583E-16, -1.000000000000000000 ) ) ;
#1603 = APPLICATION_CONTEXT ( 'automotive_design' ) ;
#1604 = EDGE_CURVE ( 'NONE', #719, #219, #2657, .T. ) ;
#1605 = VECTOR ( 'NONE', #4781, 1000.000000000000000 ) ;
#1606 = PRESENTATION_STYLE_ASSIGNMENT (( #1993 ) ) ;
#1607 =( NAMED_UNIT ( * ) PLANE_ANGLE_UNIT ( ) SI_UNIT ( $, .RADIAN. ) );
#1608 = ORIENTED_EDGE ( 'NONE', *, *, #59, .T. ) ;
#1609 = VECTOR ( 'NONE', #3368, 1000.000000000000000 ) ;
#1610 = ORIENTED_EDGE ( 'NONE', *, *, #1288, .F. ) ;
#1611 = ADVANCED_FACE ( 'NONE', ( #758 ), #393, .F. ) ;
#1612 = MECHANICAL_DESIGN_GEOMETRIC_PRESENTATION_REPRESENTATION (  '', ( #1835 ), #4156 ) ;
#1613 = CARTESIAN_POINT ( 'NONE',  ( 5.080000000000000071, 1.399999999999999689, -1.069999999999999618 ) ) ;
#1614 = ORIENTED_EDGE ( 'NONE', *, *, #264, .T. ) ;
#1615 = AXIS2_PLACEMENT_3D ( 'NONE', #2307, #1958, #1596 ) ;
#1616 = EDGE_CURVE ( 'NONE', #2674, #3011, #2388, .T. ) ;
#1617 = CARTESIAN_POINT ( 'NONE',  ( -0.3476131308751094773, 1.235625935704191880, -1.267613130875109073 ) ) ;
#1618 =( GEOMETRIC_REPRESENTATION_CONTEXT ( 3 ) GLOBAL_UNCERTAINTY_ASSIGNED_CONTEXT ( ( #2258 ) ) GLOBAL_UNIT_ASSIGNED_CONTEXT ( ( #999, #3639, #4351 ) ) REPRESENTATION_CONTEXT ( 'NONE', 'WORKASPACE' ) );
#1619 = SURFACE_STYLE_FILL_AREA ( #2379 ) ;
#1620 = DIRECTION ( 'NONE',  ( -0.0000000000000000000, -0.0000000000000000000, -1.000000000000000000 ) ) ;
#1621 = ORIENTED_EDGE ( 'NONE', *, *, #2782, .F. ) ;
#1622 = FILL_AREA_STYLE ('',( #495 ) ) ;
#1623 = DIRECTION ( 'NONE',  ( 0.0000000000000000000, 0.0000000000000000000, 1.000000000000000000 ) ) ;
#1624 =( NAMED_UNIT ( * ) PLANE_ANGLE_UNIT ( ) SI_UNIT ( $, .RADIAN. ) );
#1625 = LINE ( 'NONE', #2789, #3755 ) ;
#1626 = UNCERTAINTY_MEASURE_WITH_UNIT (LENGTH_MEASURE( 1.000000000000000082E-05 ), #1328, 'distance_accuracy_value', 'NONE');
#1627 = LINE ( 'NONE', #2015, #857 ) ;
#1628 = PRESENTATION_STYLE_ASSIGNMENT (( #2062 ) ) ;
#1629 =( GEOMETRIC_REPRESENTATION_CONTEXT ( 3 ) GLOBAL_UNCERTAINTY_ASSIGNED_CONTEXT ( ( #4530 ) ) GLOBAL_UNIT_ASSIGNED_CONTEXT ( ( #3660, #3684, #972 ) ) REPRESENTATION_CONTEXT ( 'NONE', 'WORKASPACE' ) );
#1630 = SURFACE_STYLE_FILL_AREA ( #2039 ) ;
#1631 = ORIENTED_EDGE ( 'NONE', *, *, #4224, .F. ) ;
#1632 = UNCERTAINTY_MEASURE_WITH_UNIT (LENGTH_MEASURE( 1.000000000000000082E-05 ), #4516, 'distance_accuracy_value', 'NONE');
#1633 = FACE_OUTER_BOUND ( 'NONE', #4820, .T. ) ;
#1634 = PLANE ( 'NONE',  #4784 ) ;
#1635 =( GEOMETRIC_REPRESENTATION_CONTEXT ( 3 ) GLOBAL_UNCERTAINTY_ASSIGNED_CONTEXT ( ( #2212 ) ) GLOBAL_UNIT_ASSIGNED_CONTEXT ( ( #74, #2294, #1920 ) ) REPRESENTATION_CONTEXT ( 'NONE', 'WORKASPACE' ) );
#1636 = EDGE_CURVE ( 'NONE', #3367, #4692, #917, .T. ) ;
#1637 = ORIENTED_EDGE ( 'NONE', *, *, #1754, .F. ) ;
#1638 = CARTESIAN_POINT ( 'NONE',  ( 2.539999999999999591, 0.9099999999999993650, 0.9200000000000004841 ) ) ;
#1639 = VERTEX_POINT ( 'NONE', #562 ) ;
#1640 = PRESENTATION_STYLE_ASSIGNMENT (( #3177 ) ) ;
#1641 = SURFACE_SIDE_STYLE ('',( #1619 ) ) ;
#1642 = EDGE_CURVE ( 'NONE', #2010, #2992, #4320, .T. ) ;
#1643 = FILL_AREA_STYLE_COLOUR ( '', #2339 ) ;
#1644 = CARTESIAN_POINT ( 'NONE',  ( 0.0000000000000000000, -1.146000000000000352, 0.7700000000000000178 ) ) ;
#1645 = ORIENTED_EDGE ( 'NONE', *, *, #288, .T. ) ;
#1646 = SURFACE_STYLE_FILL_AREA ( #2439 ) ;
#1647 = FILL_AREA_STYLE ('',( #453 ) ) ;
#1648 = SURFACE_STYLE_USAGE ( .BOTH. , #1963 ) ;
#1649 = CARTESIAN_POINT ( 'NONE',  ( 2.168404344971008868E-16, -0.9099999999999998090, 0.9200000000000002620 ) ) ;
#1650 = CARTESIAN_POINT ( 'NONE',  ( 2.889999999999997904, 1.217892925670840620, 1.270000000000000240 ) ) ;
#1651 = VERTEX_POINT ( 'NONE', #4652 ) ;
#1652 = FILL_AREA_STYLE ('',( #3213 ) ) ;
#1654 =( GEOMETRIC_REPRESENTATION_CONTEXT ( 3 ) GLOBAL_UNCERTAINTY_ASSIGNED_CONTEXT ( ( #4728 ) ) GLOBAL_UNIT_ASSIGNED_CONTEXT ( ( #2460, #3274, #1387 ) ) REPRESENTATION_CONTEXT ( 'NONE', 'WORKASPACE' ) );
#1653 = SURFACE_SIDE_STYLE ('',( #3854 ) ) ;
#1655 = ORIENTED_EDGE ( 'NONE', *, *, #3159, .F. ) ;
#1656 =( GEOMETRIC_REPRESENTATION_CONTEXT ( 3 ) GLOBAL_UNCERTAINTY_ASSIGNED_CONTEXT ( ( #1159 ) ) GLOBAL_UNIT_ASSIGNED_CONTEXT ( ( #2588, #3280, #1747 ) ) REPRESENTATION_CONTEXT ( 'NONE', 'WORKASPACE' ) );
#1657 = FILL_AREA_STYLE_COLOUR ( '', #1801 ) ;
#1658 = EDGE_CURVE ( 'NONE', #3484, #4641, #888, .T. ) ;
#1659 = CARTESIAN_POINT ( 'NONE',  ( 0.3349999999999999090, 12.69999999999999929, -0.3350000000000001310 ) ) ;
#1660 = AXIS2_PLACEMENT_3D ( 'NONE', #352, #2689, #2664 ) ;
#1661 = DIRECTION ( 'NONE',  ( -0.7071067811865462405, -0.7071067811865489050, 0.0000000000000000000 ) ) ;
#1662 = VERTEX_POINT ( 'NONE', #3116 ) ;
#1663 = LINE ( 'NONE', #4718, #324 ) ;
#1664 = PRESENTATION_STYLE_ASSIGNMENT (( #150 ) ) ;
#1665 = ORIENTED_EDGE ( 'NONE', *, *, #2447, .T. ) ;
#1666 =( NAMED_UNIT ( * ) SI_UNIT ( $, .STERADIAN. ) SOLID_ANGLE_UNIT ( ) );
#1667 = EDGE_CURVE ( 'NONE', #1761, #3222, #2058, .T. ) ;
#1668 = SURFACE_SIDE_STYLE ('',( #1646 ) ) ;
#1669 = PLANE ( 'NONE',  #2209 ) ;
#1670 = SURFACE_STYLE_FILL_AREA ( #1647 ) ;
#1671 = COLOUR_RGB ( '',0.1019607843137254888, 0.1019607843137254888, 0.1019607843137254888 ) ;
#1672 = LINE ( 'NONE', #3492, #2075 ) ;
#1673 = SURFACE_STYLE_FILL_AREA ( #3205 ) ;
#1674 = CARTESIAN_POINT ( 'NONE',  ( -2.190000000000001723, -1.259999999999997122, -1.270000000000000240 ) ) ;
#1675 = DIRECTION ( 'NONE',  ( 0.5773502691896273964, -0.5773502691896272854, 0.5773502691896227335 ) ) ;
#1676 = PLANE ( 'NONE',  #1020 ) ;
#1677 = COLOUR_RGB ( '',0.1019607843137254888, 0.1019607843137254888, 0.1019607843137254888 ) ;
#1678 = CARTESIAN_POINT ( 'NONE',  ( 5.080000000000000071, 1.199999999999999956, -1.269999999999999796 ) ) ;
#1679 = ORIENTED_EDGE ( 'NONE', *, *, #377, .T. ) ;
#1680 = SURFACE_STYLE_FILL_AREA ( #3333 ) ;
#1681 =( NAMED_UNIT ( * ) PLANE_ANGLE_UNIT ( ) SI_UNIT ( $, .RADIAN. ) );
#1682 =( BOUNDED_CURVE ( )  B_SPLINE_CURVE ( 3, ( #2861, #2127, #4838, #3300 ),
 .UNSPECIFIED., .F., .F. ) 
 B_SPLINE_CURVE_WITH_KNOTS ( ( 4, 4 ),
 ( 1.838388721932685765, 3.141592653589794004 ),
 .UNSPECIFIED. ) 
 CURVE ( )  GEOMETRIC_REPRESENTATION_ITEM ( )  RATIONAL_B_SPLINE_CURVE ( ( 1.000000000000000000, 0.8634088596862010689, 0.8634088596862010689, 1.000000000000000000 ) ) 
 REPRESENTATION_ITEM ( '' )  );
#1683 = EDGE_LOOP ( 'NONE', ( #2024, #1679, #1851, #1844 ) ) ;
#1684 = SURFACE_STYLE_USAGE ( .BOTH. , #82 ) ;
#1685 = CARTESIAN_POINT ( 'NONE',  ( -2.190000000000002167, 1.199999999999999956, 1.270000000000000018 ) ) ;
#1686 = ORIENTED_EDGE ( 'NONE', *, *, #2088, .F. ) ;
#1687 = FACE_OUTER_BOUND ( 'NONE', #1897, .T. ) ;
#1688 = EDGE_CURVE ( 'NONE', #988, #583, #1213, .T. ) ;
#1689 = VERTEX_POINT ( 'NONE', #3612 ) ;
#1690 = CARTESIAN_POINT ( 'NONE',  ( -4.125000000000000000, -1.400000000000001021, 0.3149999999999998912 ) ) ;
#1691 = STYLED_ITEM ( 'NONE', ( #4117 ), #3332 ) ;
#1692 = PRESENTATION_STYLE_ASSIGNMENT (( #3515 ) ) ;
#1693 = CARTESIAN_POINT ( 'NONE',  ( -0.3350000000000000755, 12.69999999999999929, -0.3350000000000001310 ) ) ;
#1694 = VERTEX_POINT ( 'NONE', #1599 ) ;
#1695 = LINE ( 'NONE', #2157, #2647 ) ;
#1696 = ADVANCED_FACE ( 'NONE', ( #473 ), #1669, .F. ) ;
#1697 = COLOUR_RGB ( '',0.1019607843137254888, 0.1019607843137254888, 0.1019607843137254888 ) ;
#1698 = DIRECTION ( 'NONE',  ( 0.4472135954999579277, 0.7745966692414834043, 0.4472135954999578722 ) ) ;
#1699 =( GEOMETRIC_REPRESENTATION_CONTEXT ( 3 ) GLOBAL_UNCERTAINTY_ASSIGNED_CONTEXT ( ( #1421 ) ) GLOBAL_UNIT_ASSIGNED_CONTEXT ( ( #2979, #3955, #300 ) ) REPRESENTATION_CONTEXT ( 'NONE', 'WORKASPACE' ) );
#1700 = SURFACE_SIDE_STYLE ('',( #2443 ) ) ;
#1701 = FILL_AREA_STYLE ('',( #2063 ) ) ;
#1702 = FILL_AREA_STYLE ('',( #3594 ) ) ;
#1703 = ADVANCED_FACE ( 'NONE', ( #2109 ), #4863, .T. ) ;
#1704 = MECHANICAL_DESIGN_GEOMETRIC_PRESENTATION_REPRESENTATION (  '', ( #4349 ), #820 ) ;
#1705 = LINE ( 'NONE', #2400, #3570 ) ;
#1706 = FILL_AREA_STYLE_COLOUR ( '', #4073 ) ;
#1707 = ORIENTED_EDGE ( 'NONE', *, *, #3614, .T. ) ;
#1708 =( GEOMETRIC_REPRESENTATION_CONTEXT ( 3 ) GLOBAL_UNCERTAINTY_ASSIGNED_CONTEXT ( ( #718 ) ) GLOBAL_UNIT_ASSIGNED_CONTEXT ( ( #1088, #3004, #4167 ) ) REPRESENTATION_CONTEXT ( 'NONE', 'WORKASPACE' ) );
#1709 = CARTESIAN_POINT ( 'NONE',  ( 5.080000000000000071, -1.400000000000000133, 0.7700000000000000178 ) ) ;
#1710 = ORIENTED_EDGE ( 'NONE', *, *, #288, .F. ) ;
#1711 = MECHANICAL_DESIGN_GEOMETRIC_PRESENTATION_REPRESENTATION (  '', ( #906 ), #1859 ) ;
#1712 = CARTESIAN_POINT ( 'NONE',  ( 0.9550000000000000711, 1.399999999999999689, 0.3149999999999999467 ) ) ;
#1713 = PRESENTATION_STYLE_ASSIGNMENT (( #2102 ) ) ;
#1714 = ORIENTED_EDGE ( 'NONE', *, *, #799, .T. ) ;
#1715 = VERTEX_POINT ( 'NONE', #203 ) ;
#1716 = AXIS2_PLACEMENT_3D ( 'NONE', #4612, #2701, #1229 ) ;
#1717 =( GEOMETRIC_REPRESENTATION_CONTEXT ( 3 ) GLOBAL_UNCERTAINTY_ASSIGNED_CONTEXT ( ( #867 ) ) GLOBAL_UNIT_ASSIGNED_CONTEXT ( ( #3640, #2891, #4378 ) ) REPRESENTATION_CONTEXT ( 'NONE', 'WORKASPACE' ) );
#1718 = CARTESIAN_POINT ( 'NONE',  ( -3.030000000000000693, 1.399999999999999689, -1.069999999999999840 ) ) ;
#1719 = EDGE_LOOP ( 'NONE', ( #1508, #3530, #3473, #905, #106, #4707, #144, #502, #1621, #3197 ) ) ;
#1720 = PLANE ( 'NONE',  #4327 ) ;
#1721 =( NAMED_UNIT ( * ) SI_UNIT ( $, .STERADIAN. ) SOLID_ANGLE_UNIT ( ) );
#1722 = ADVANCED_FACE ( 'NONE', ( #2534 ), #993, .F. ) ;
#1723 =( LENGTH_UNIT ( ) NAMED_UNIT ( * ) SI_UNIT ( .MILLI., .METRE. ) );
#1724 = CARTESIAN_POINT ( 'NONE',  ( 0.3499999999999982569, -1.259999999999996456, -1.270000000000000240 ) ) ;
#1725 = UNCERTAINTY_MEASURE_WITH_UNIT (LENGTH_MEASURE( 1.000000000000000082E-05 ), #3154, 'distance_accuracy_value', 'NONE');
#1726 = EDGE_CURVE ( 'NONE', #4316, #1753, #1787, .T. ) ;
#1727 =( NAMED_UNIT ( * ) PLANE_ANGLE_UNIT ( ) SI_UNIT ( $, .RADIAN. ) );
#1728 = FILL_AREA_STYLE ('',( #1319 ) ) ;
#1729 = ORIENTED_EDGE ( 'NONE', *, *, #3055, .F. ) ;
#1730 = FILL_AREA_STYLE_COLOUR ( '', #3023 ) ;
#1731 = ORIENTED_EDGE ( 'NONE', *, *, #3364, .T. ) ;
#1732 = VECTOR ( 'NONE', #337, 1000.000000000000000 ) ;
#1733 = CARTESIAN_POINT ( 'NONE',  ( -0.4332026742698995014, 1.343202674269899921, -1.238119048685103252 ) ) ;
#1734 =( NAMED_UNIT ( * ) PLANE_ANGLE_UNIT ( ) SI_UNIT ( $, .RADIAN. ) );
#1735 = ORIENTED_EDGE ( 'NONE', *, *, #1667, .T. ) ;
#1736 = DIRECTION ( 'NONE',  ( -1.000000000000000000, -0.0000000000000000000, -0.0000000000000000000 ) ) ;
#1737 =( NAMED_UNIT ( * ) SI_UNIT ( $, .STERADIAN. ) SOLID_ANGLE_UNIT ( ) );
#1738 = ORIENTED_EDGE ( 'NONE', *, *, #520, .T. ) ;
#1739 = MECHANICAL_DESIGN_GEOMETRIC_PRESENTATION_REPRESENTATION (  '', ( #2043 ), #1332 ) ;
#1740 = SURFACE_STYLE_FILL_AREA ( #2126 ) ;
#1741 = COLOUR_RGB ( '',0.1019607843137254888, 0.1019607843137254888, 0.1019607843137254888 ) ;
#1742 = SURFACE_STYLE_USAGE ( .BOTH. , #1762 ) ;
#1743 = VERTEX_POINT ( 'NONE', #4910 ) ;
#1744 = CARTESIAN_POINT ( 'NONE',  ( -1.584999999999999964, -1.146000000000000352, -0.3150000000000001132 ) ) ;
#1745 = MECHANICAL_DESIGN_GEOMETRIC_PRESENTATION_REPRESENTATION (  '', ( #3979 ), #2292 ) ;
#1746 = CARTESIAN_POINT ( 'NONE',  ( 0.0000000000000000000, 0.0000000000000000000, 0.0000000000000000000 ) ) ;
#1747 =( NAMED_UNIT ( * ) SI_UNIT ( $, .STERADIAN. ) SOLID_ANGLE_UNIT ( ) );
#1748 = VECTOR ( 'NONE', #1257, 1000.000000000000000 ) ;
#1749 = LINE ( 'NONE', #3690, #2736 ) ;
#1750 = EDGE_CURVE ( 'NONE', #2368, #252, #2302, .T. ) ;
#1751 = AXIS2_PLACEMENT_3D ( 'NONE', #3047, #4584, #4930 ) ;
#1752 =( GEOMETRIC_REPRESENTATION_CONTEXT ( 3 ) GLOBAL_UNCERTAINTY_ASSIGNED_CONTEXT ( ( #2311 ) ) GLOBAL_UNIT_ASSIGNED_CONTEXT ( ( #1980, #1681, #576 ) ) REPRESENTATION_CONTEXT ( 'NONE', 'WORKASPACE' ) );
#1753 = VERTEX_POINT ( 'NONE', #4616 ) ;
#1754 = EDGE_CURVE ( 'NONE', #580, #2552, #731, .T. ) ;
#1755 = VECTOR ( 'NONE', #2988, 1000.000000000000000 ) ;
#1756 = DIRECTION ( 'NONE',  ( 0.7071067811865499042, -0.7071067811865451302, 0.0000000000000000000 ) ) ;
#1757 = ORIENTED_EDGE ( 'NONE', *, *, #4473, .F. ) ;
#1758 = DIRECTION ( 'NONE',  ( 0.7071067811865512365, 0.7071067811865439090, 0.0000000000000000000 ) ) ;
#1759 = SURFACE_STYLE_FILL_AREA ( #4338 ) ;
#1760 = EDGE_CURVE ( 'NONE', #1866, #204, #1487, .T. ) ;
#1761 = VERTEX_POINT ( 'NONE', #2249 ) ;
#1762 = SURFACE_SIDE_STYLE ('',( #3657 ) ) ;
#1763 = DIRECTION ( 'NONE',  ( 0.7071067811865477948, -0.7071067811865473507, 0.0000000000000000000 ) ) ;
#1764 = ORIENTED_EDGE ( 'NONE', *, *, #2591, .F. ) ;
#1765 = CARTESIAN_POINT ( 'NONE',  ( 2.189999999999999059, 1.199999999999999734, 1.270000000000000240 ) ) ;
#1766 = PLANE ( 'NONE',  #499 ) ;
#1767 = FILL_AREA_STYLE ('',( #997 ) ) ;
#1768 =( NAMED_UNIT ( * ) PLANE_ANGLE_UNIT ( ) SI_UNIT ( $, .RADIAN. ) );
#1769 = DIRECTION ( 'NONE',  ( 0.0000000000000000000, 0.0000000000000000000, 1.000000000000000000 ) ) ;
#1770 = DIRECTION ( 'NONE',  ( 0.0000000000000000000, -0.0000000000000000000, -1.000000000000000000 ) ) ;
#1771 = ORIENTED_EDGE ( 'NONE', *, *, #175, .T. ) ;
#1772 = UNCERTAINTY_MEASURE_WITH_UNIT (LENGTH_MEASURE( 1.000000000000000082E-05 ), #2131, 'distance_accuracy_value', 'NONE');
#1773 = STYLED_ITEM ( 'NONE', ( #1597 ), #3918 ) ;
#1774 = LINE ( 'NONE', #3260, #4768 ) ;
#1775 = DIRECTION ( 'NONE',  ( 1.000000000000000000, 0.0000000000000000000, -1.618212197739558882E-16 ) ) ;
#1776 = ORIENTED_EDGE ( 'NONE', *, *, #181, .F. ) ;
#1777 = FILL_AREA_STYLE ('',( #647 ) ) ;
#1778 = EDGE_CURVE ( 'NONE', #3112, #3942, #3785, .T. ) ;
#1779 = PRESENTATION_LAYER_ASSIGNMENT (  '', '', ( #2096 ) ) ;
#1780 = VERTEX_POINT ( 'NONE', #4934 ) ;
#1781 = CARTESIAN_POINT ( 'NONE',  ( -3.247106781186548385, -1.400000000000001021, -1.627106781186546725 ) ) ;
#1782 = VERTEX_POINT ( 'NONE', #3427 ) ;
#1783 =( REPRESENTATION_RELATIONSHIP ('NONE','NONE', #4282, #4593 ) REPRESENTATION_RELATIONSHIP_WITH_TRANSFORMATION ( #25 )SHAPE_REPRESENTATION_RELATIONSHIP( ) );
#1784 = PRESENTATION_LAYER_ASSIGNMENT (  '', '', ( #4825 ) ) ;
#1785 = FACE_OUTER_BOUND ( 'NONE', #1331, .T. ) ;
#1786 = EDGE_CURVE ( 'NONE', #961, #983, #3757, .T. ) ;
#1787 = LINE ( 'NONE', #3083, #1344 ) ;
#1788 = ORIENTED_EDGE ( 'NONE', *, *, #3325, .T. ) ;
#1789 = STYLED_ITEM ( 'NONE', ( #4091 ), #1351 ) ;
#1790 = VECTOR ( 'NONE', #148, 1000.000000000000000 ) ;
#1791 = FILL_AREA_STYLE ('',( #3303 ) ) ;
#1792 = DIRECTION ( 'NONE',  ( 0.0000000000000000000, 0.0000000000000000000, -1.000000000000000000 ) ) ;
#1793 = LINE ( 'NONE', #4799, #3897 ) ;
#1794 = LINE ( 'NONE', #2114, #946 ) ;
#1795 = DIRECTION ( 'NONE',  ( -1.000000000000000000, -0.0000000000000000000, -0.0000000000000000000 ) ) ;
#1796 =( NAMED_UNIT ( * ) SI_UNIT ( $, .STERADIAN. ) SOLID_ANGLE_UNIT ( ) );
#1797 = VERTEX_POINT ( 'NONE', #3054 ) ;
#1798 = ORIENTED_EDGE ( 'NONE', *, *, #4539, .F. ) ;
#1799 = CARTESIAN_POINT ( 'NONE',  ( 5.080000000000000071, 1.199999999999999956, -1.070000000000000062 ) ) ;
#1800 = FACE_OUTER_BOUND ( 'NONE', #563, .T. ) ;
#1801 = COLOUR_RGB ( '',0.1019607843137254888, 0.1019607843137254888, 0.1019607843137254888 ) ;
#1802 = PRESENTATION_STYLE_ASSIGNMENT (( #727 ) ) ;
#1803 = ORIENTED_EDGE ( 'NONE', *, *, #3186, .T. ) ;
#1804 = CARTESIAN_POINT ( 'NONE',  ( 3.494999999999999662, 1.399999999999999689, 0.3149999999999999467 ) ) ;
#1805 = EDGE_CURVE ( 'NONE', #2149, #4006, #1148, .T. ) ;
#1806 = COLOUR_RGB ( '',0.1019607843137254888, 0.1019607843137254888, 0.1019607843137254888 ) ;
#1807 = VERTEX_POINT ( 'NONE', #2649 ) ;
#1808 = FILL_AREA_STYLE ('',( #3400 ) ) ;
#1809 = FILL_AREA_STYLE_COLOUR ( '', #2405 ) ;
#1810 = EDGE_CURVE ( 'NONE', #2273, #1013, #1513, .T. ) ;
#1811 = CARTESIAN_POINT ( 'NONE',  ( 4.737117942725556752, 1.252882057274445016, -1.262882057274445025 ) ) ;
#1812 = DIRECTION ( 'NONE',  ( 0.0000000000000000000, -0.0000000000000000000, 1.000000000000000000 ) ) ;
#1813 = CARTESIAN_POINT ( 'NONE',  ( 5.080000000000000071, -1.400000000000000133, 1.269999999999999574 ) ) ;
#1814 = SURFACE_SIDE_STYLE ('',( #4525 ) ) ;
#1815 = CARTESIAN_POINT ( 'NONE',  ( -4.125000000000000000, -1.400000000000001021, -0.3150000000000001132 ) ) ;
#1816 = VECTOR ( 'NONE', #1113, 1000.000000000000000 ) ;
#1817 = UNCERTAINTY_MEASURE_WITH_UNIT (LENGTH_MEASURE( 1.000000000000000082E-05 ), #1208, 'distance_accuracy_value', 'NONE');
#1818 = LINE ( 'NONE', #2189, #2997 ) ;
#1819 = STYLED_ITEM ( 'NONE', ( #4335 ), #1931 ) ;
#1820 = ORIENTED_EDGE ( 'NONE', *, *, #1100, .F. ) ;
#1821 = ORIENTED_EDGE ( 'NONE', *, *, #2567, .T. ) ;
#1822 = MECHANICAL_DESIGN_GEOMETRIC_PRESENTATION_REPRESENTATION (  '', ( #165 ), #3908 ) ;
#1823 = LINE ( 'NONE', #1480, #1755 ) ;
#1824 = COLOUR_RGB ( '',0.1019607843137254888, 0.1019607843137254888, 0.1019607843137254888 ) ;
#1825 = CARTESIAN_POINT ( 'NONE',  ( 4.730000000000000426, 1.199999999999999734, 1.270000000000000240 ) ) ;
#1826 = ORIENTED_EDGE ( 'NONE', *, *, #2041, .F. ) ;
#1827 = FACE_OUTER_BOUND ( 'NONE', #902, .T. ) ;
#1828 = DIRECTION ( 'NONE',  ( 0.0000000000000000000, 0.0000000000000000000, 1.000000000000000000 ) ) ;
#1829 = LINE ( 'NONE', #4465, #3255 ) ;
#1830 = DIRECTION ( 'NONE',  ( 0.0000000000000000000, 0.0000000000000000000, -1.000000000000000000 ) ) ;
#1831 = SURFACE_SIDE_STYLE ('',( #1180 ) ) ;
#1832 = VECTOR ( 'NONE', #3421, 1000.000000000000000 ) ;
#1833 = LINE ( 'NONE', #1488, #4585 ) ;
#1834 =( LENGTH_UNIT ( ) NAMED_UNIT ( * ) SI_UNIT ( .MILLI., .METRE. ) );
#1835 = STYLED_ITEM ( 'NONE', ( #657 ), #3232 ) ;
#1836 = CARTESIAN_POINT ( 'NONE',  ( 4.729999999999999538, 1.199999999999999956, -1.269999999999999796 ) ) ;
#1837 = CARTESIAN_POINT ( 'NONE',  ( 5.080000000000000071, 1.399999999999999689, 1.270000000000000018 ) ) ;
#1838 = SURFACE_STYLE_USAGE ( .BOTH. , #233 ) ;
#1839 = EDGE_CURVE ( 'NONE', #4153, #2429, #3345, .T. ) ;
#1840 =( NAMED_UNIT ( * ) PLANE_ANGLE_UNIT ( ) SI_UNIT ( $, .RADIAN. ) );
#1841 = STYLED_ITEM ( 'NONE', ( #1930 ), #3457 ) ;
#1842 = FACE_OUTER_BOUND ( 'NONE', #1381, .T. ) ;
#1843 = EDGE_CURVE ( 'NONE', #1582, #128, #362, .T. ) ;
#1844 = ORIENTED_EDGE ( 'NONE', *, *, #1604, .T. ) ;
#1845 =( REPRESENTATION_RELATIONSHIP ('NONE','NONE', #4282, #4593 ) REPRESENTATION_RELATIONSHIP_WITH_TRANSFORMATION ( #440 )SHAPE_REPRESENTATION_RELATIONSHIP( ) );
#1846 = VERTEX_POINT ( 'NONE', #1462 ) ;
#1847 = CARTESIAN_POINT ( 'NONE',  ( -4.732386869124893813, 1.235625935704190326, -1.267613130875109517 ) ) ;
#1848 = CARTESIAN_POINT ( 'NONE',  ( 4.590000000000001634, -1.400000000000000133, -1.270000000000000240 ) ) ;
#1849 = AXIS2_PLACEMENT_3D ( 'NONE', #3687, #275, #1792 ) ;
#1850 = CARTESIAN_POINT ( 'NONE',  ( 0.9550000000000000711, 1.399999999999999689, 0.3149999999999998912 ) ) ;
#1851 = ORIENTED_EDGE ( 'NONE', *, *, #4045, .T. ) ;
#1852 = CARTESIAN_POINT ( 'NONE',  ( 5.080000000000000071, -1.399999999999999689, 1.269999999999999574 ) ) ;
#1853 = PRESENTATION_LAYER_ASSIGNMENT (  '', '', ( #1219 ) ) ;
#1854 = FACE_OUTER_BOUND ( 'NONE', #625, .T. ) ;
#1855 =( NAMED_UNIT ( * ) SI_UNIT ( $, .STERADIAN. ) SOLID_ANGLE_UNIT ( ) );
#1856 = ORIENTED_EDGE ( 'NONE', *, *, #2000, .F. ) ;
#1857 = DIRECTION ( 'NONE',  ( 0.0000000000000000000, 1.000000000000000000, -0.0000000000000000000 ) ) ;
#1858 = PRESENTATION_STYLE_ASSIGNMENT (( #323 ) ) ;
#1859 =( GEOMETRIC_REPRESENTATION_CONTEXT ( 3 ) GLOBAL_UNCERTAINTY_ASSIGNED_CONTEXT ( ( #2668 ) ) GLOBAL_UNIT_ASSIGNED_CONTEXT ( ( #4691, #3156, #4595 ) ) REPRESENTATION_CONTEXT ( 'NONE', 'WORKASPACE' ) );
#1860 = STYLED_ITEM ( 'NONE', ( #1954 ), #4106 ) ;
#1861 = FILL_AREA_STYLE_COLOUR ( '', #2155 ) ;
#1862 = EDGE_CURVE ( 'NONE', #1694, #219, #3026, .T. ) ;
#1863 = DIRECTION ( 'NONE',  ( -1.000000000000000000, -0.0000000000000000000, -0.0000000000000000000 ) ) ;
#1864 = PRODUCT ( 'User Library-1x4 TH Pitch 2_54mm', 'User Library-1x4 TH Pitch 2_54mm', '', ( #79 ) ) ;
#1865 = VERTEX_POINT ( 'NONE', #386 ) ;
#1866 = VERTEX_POINT ( 'NONE', #1874 ) ;
#1867 = SURFACE_STYLE_USAGE ( .BOTH. , #4905 ) ;
#1868 = EDGE_CURVE ( 'NONE', #3107, #1662, #1902, .T. ) ;
#1869 = CARTESIAN_POINT ( 'NONE',  ( 3.494999999999999662, -1.146000000000000352, 0.3149999999999998912 ) ) ;
#1870 =( BOUNDED_CURVE ( )  B_SPLINE_CURVE ( 3, ( #3404, #4574, #1131, #4548 ),
 .UNSPECIFIED., .F., .F. ) 
 B_SPLINE_CURVE_WITH_KNOTS ( ( 4, 4 ),
 ( 6.015592912041787699, 6.283185307179586232 ),
 .UNSPECIFIED. ) 
 CURVE ( )  GEOMETRIC_REPRESENTATION_ITEM ( )  RATIONAL_B_SPLINE_CURVE ( ( 1.000000000000000000, 0.9940417555543823447, 0.9940417555543823447, 1.000000000000000000 ) ) 
 REPRESENTATION_ITEM ( '' )  );
#1871 = PLANE ( 'NONE',  #1751 ) ;
#1872 = ORIENTED_EDGE ( 'NONE', *, *, #4805, .T. ) ;
#1873 = FACE_OUTER_BOUND ( 'NONE', #2902, .T. ) ;
#1874 = CARTESIAN_POINT ( 'NONE',  ( 4.125000000000000000, -1.146000000000000352, 0.3149999999999998912 ) ) ;
#1875 =( NAMED_UNIT ( * ) SI_UNIT ( $, .STERADIAN. ) SOLID_ANGLE_UNIT ( ) );
#1876 = EDGE_LOOP ( 'NONE', ( #2316, #3401, #4817, #1798 ) ) ;
#1877 = DIRECTION ( 'NONE',  ( 0.0000000000000000000, -0.0000000000000000000, 1.000000000000000000 ) ) ;
#1878 = CARTESIAN_POINT ( 'NONE',  ( 2.189999999999999503, 1.217892925670841731, 1.270000000000000240 ) ) ;
#1879 = CARTESIAN_POINT ( 'NONE',  ( 5.080000000000000071, 1.399999999999999689, 1.070000000000000284 ) ) ;
#1880 =( GEOMETRIC_REPRESENTATION_CONTEXT ( 3 ) GLOBAL_UNCERTAINTY_ASSIGNED_CONTEXT ( ( #1223 ) ) GLOBAL_UNIT_ASSIGNED_CONTEXT ( ( #2187, #640, #1721 ) ) REPRESENTATION_CONTEXT ( 'NONE', 'WORKASPACE' ) );
#1881 = LINE ( 'NONE', #1933, #4459 ) ;
#1882 = VECTOR ( 'NONE', #1225, 1000.000000000000000 ) ;
#1883 = CARTESIAN_POINT ( 'NONE',  ( 5.080000000000000071, 1.399999999999999689, 1.270000000000000018 ) ) ;
#1884 = LINE ( 'NONE', #13, #1975 ) ;
#1885 = ORIENTED_EDGE ( 'NONE', *, *, #4779, .T. ) ;
#1886 = VECTOR ( 'NONE', #761, 1000.000000000000000 ) ;
#1887 = CARTESIAN_POINT ( 'NONE',  ( -3.030000000000000249, -1.399999999999999911, 1.269999999999999574 ) ) ;
#1888 = EDGE_CURVE ( 'NONE', #988, #2215, #1927, .T. ) ;
#1889 = ORIENTED_EDGE ( 'NONE', *, *, #503, .T. ) ;
#1890 = PRESENTATION_STYLE_ASSIGNMENT (( #4204 ) ) ;
#1891 = VECTOR ( 'NONE', #2563, 1000.000000000000000 ) ;
#1892 = MECHANICAL_DESIGN_GEOMETRIC_PRESENTATION_REPRESENTATION (  '', ( #3174 ), #1880 ) ;
#1893 = SURFACE_STYLE_FILL_AREA ( #3803 ) ;
#1894 = CARTESIAN_POINT ( 'NONE',  ( 5.080000000000000071, -1.400000000000000133, 1.269999999999999574 ) ) ;
#1895 = ADVANCED_FACE ( 'NONE', ( #1854 ), #4517, .F. ) ;
#1896 =( GEOMETRIC_REPRESENTATION_CONTEXT ( 3 ) GLOBAL_UNCERTAINTY_ASSIGNED_CONTEXT ( ( #1911 ) ) GLOBAL_UNIT_ASSIGNED_CONTEXT ( ( #2410, #147, #909 ) ) REPRESENTATION_CONTEXT ( 'NONE', 'WORKASPACE' ) );
#1897 = EDGE_LOOP ( 'NONE', ( #1163, #1655, #635, #1383, #3020 ) ) ;
#1898 = CONTEXT_DEPENDENT_SHAPE_REPRESENTATION ( #1845, #706 ) ;
#1899 = CARTESIAN_POINT ( 'NONE',  ( 2.539999999999999591, -1.400000000000001021, 0.9200000000000002620 ) ) ;
#1900 =( BOUNDED_CURVE ( )  B_SPLINE_CURVE ( 3, ( #2575, #2243, #3365, #747 ),
 .UNSPECIFIED., .F., .T. ) 
 B_SPLINE_CURVE_WITH_KNOTS ( ( 4, 4 ),
 ( 4.979981375522491760, 6.283185307179586232 ),
 .UNSPECIFIED. ) 
 CURVE ( )  GEOMETRIC_REPRESENTATION_ITEM ( )  RATIONAL_B_SPLINE_CURVE ( ( 1.000000000000000000, 0.8634088596862038445, 0.8634088596862038445, 1.000000000000000000 ) ) 
 REPRESENTATION_ITEM ( '' )  );
#1901 = VECTOR ( 'NONE', #1248, 1000.000000000000000 ) ;
#1902 = LINE ( 'NONE', #4566, #4065 ) ;
#1903 = CARTESIAN_POINT ( 'NONE',  ( 2.539999999999999591, 0.9099999999999999201, -1.270000000000000240 ) ) ;
#1904 = ORIENTED_EDGE ( 'NONE', *, *, #4811, .T. ) ;
#1905 = DIRECTION ( 'NONE',  ( 1.000000000000000000, 0.0000000000000000000, -0.0000000000000000000 ) ) ;
#1906 = EDGE_LOOP ( 'NONE', ( #1035, #4016, #3151, #2943, #3335, #2181 ) ) ;
#1907 =( GEOMETRIC_REPRESENTATION_CONTEXT ( 3 ) GLOBAL_UNCERTAINTY_ASSIGNED_CONTEXT ( ( #4426 ) ) GLOBAL_UNIT_ASSIGNED_CONTEXT ( ( #2246, #294, #3022 ) ) REPRESENTATION_CONTEXT ( 'NONE', 'WORKASPACE' ) );
#1908 = SURFACE_STYLE_USAGE ( .BOTH. , #1960 ) ;
#1909 = CARTESIAN_POINT ( 'NONE',  ( -2.190000000000002611, 1.217892925670840398, -1.270000000000000018 ) ) ;
#1910 =( LENGTH_UNIT ( ) NAMED_UNIT ( * ) SI_UNIT ( .MILLI., .METRE. ) );
#1911 = UNCERTAINTY_MEASURE_WITH_UNIT (LENGTH_MEASURE( 1.000000000000000082E-05 ), #2410, 'distance_accuracy_value', 'NONE');
#1912 = AXIS2_PLACEMENT_3D ( 'NONE', #4476, #3172, #4753 ) ;
#1913 = CARTESIAN_POINT ( 'NONE',  ( -0.1350000000000003419, 12.69999999999999929, 0.1350000000000002864 ) ) ;
#1914 = STYLED_ITEM ( 'NONE', ( #2739 ), #3132 ) ;
#1915 = ORIENTED_EDGE ( 'NONE', *, *, #525, .T. ) ;
#1916 = CARTESIAN_POINT ( 'NONE',  ( -2.049999999999998046, 1.399999999999999689, 1.070000000000000284 ) ) ;
#1917 = UNCERTAINTY_MEASURE_WITH_UNIT (LENGTH_MEASURE( 1.000000000000000082E-05 ), #3198, 'distance_accuracy_value', 'NONE');
#1918 = ORIENTED_EDGE ( 'NONE', *, *, #2727, .F. ) ;
#1919 = MECHANICAL_DESIGN_GEOMETRIC_PRESENTATION_REPRESENTATION (  '', ( #185 ), #3520 ) ;
#1920 =( NAMED_UNIT ( * ) SI_UNIT ( $, .STERADIAN. ) SOLID_ANGLE_UNIT ( ) );
#1921 = VECTOR ( 'NONE', #814, 1000.000000000000000 ) ;
#1922 = VERTEX_POINT ( 'NONE', #3509 ) ;
#1923 = DIRECTION ( 'NONE',  ( 1.000000000000000000, -0.0000000000000000000, 0.0000000000000000000 ) ) ;
#1924 = ADVANCED_FACE ( 'NONE', ( #3133 ), #3862, .F. ) ;
#1925 = STYLED_ITEM ( 'NONE', ( #926 ), #3894 ) ;
#1926 =( NAMED_UNIT ( * ) SI_UNIT ( $, .STERADIAN. ) SOLID_ANGLE_UNIT ( ) );
#1927 = LINE ( 'NONE', #3451, #546 ) ;
#1928 = DIRECTION ( 'NONE',  ( -1.000000000000000000, 0.0000000000000000000, 0.0000000000000000000 ) ) ;
#1929 = ORIENTED_EDGE ( 'NONE', *, *, #2695, .F. ) ;
#1930 = PRESENTATION_STYLE_ASSIGNMENT (( #129 ) ) ;
#1931 = ADVANCED_FACE ( 'NONE', ( #2028 ), #4689, .T. ) ;
#1932 = LINE ( 'NONE', #1879, #1341 ) ;
#1933 = CARTESIAN_POINT ( 'NONE',  ( 0.2360000000000009590, -1.146000000000000352, 0.0000000000000000000 ) ) ;
#1934 = COLOUR_RGB ( '',0.1019607843137254888, 0.1019607843137254888, 0.1019607843137254888 ) ;
#1935 = CARTESIAN_POINT ( 'NONE',  ( -0.2360000000000005149, -1.146000000000000352, 0.0000000000000000000 ) ) ;
#1936 = FACE_OUTER_BOUND ( 'NONE', #3997, .T. ) ;
#1937 = STYLED_ITEM ( 'NONE', ( #858 ), #4897 ) ;
#1938 = CARTESIAN_POINT ( 'NONE',  ( -2.049999999999998046, 1.399999999999999689, 1.270000000000000018 ) ) ;
#1939 = PRESENTATION_LAYER_ASSIGNMENT (  '', '', ( #4108 ) ) ;
#1940 = ORIENTED_EDGE ( 'NONE', *, *, #1170, .T. ) ;
#1941 = FACE_OUTER_BOUND ( 'NONE', #1250, .T. ) ;
#1942 = ORIENTED_EDGE ( 'NONE', *, *, #2659, .F. ) ;
#1943 = PRODUCT_DEFINITION_FORMATION_WITH_SPECIFIED_SOURCE ( 'ANY', '', #1565, .NOT_KNOWN. ) ;
#1944 =( GEOMETRIC_REPRESENTATION_CONTEXT ( 3 ) GLOBAL_UNCERTAINTY_ASSIGNED_CONTEXT ( ( #4679 ) ) GLOBAL_UNIT_ASSIGNED_CONTEXT ( ( #2148, #3704, #4856 ) ) REPRESENTATION_CONTEXT ( 'NONE', 'WORKASPACE' ) );
#1945 = PRESENTATION_STYLE_ASSIGNMENT (( #2725 ) ) ;
#1946 = FACE_OUTER_BOUND ( 'NONE', #1719, .T. ) ;
#1947 = ORIENTED_EDGE ( 'NONE', *, *, #3771, .F. ) ;
#1948 = CARTESIAN_POINT ( 'NONE',  ( 5.080000000000000071, 1.199999999999999956, 1.270000000000000018 ) ) ;
#1949 = DIRECTION ( 'NONE',  ( 0.0000000000000000000, 0.0000000000000000000, 1.000000000000000000 ) ) ;
#1950 = PRODUCT_RELATED_PRODUCT_CATEGORY ( 'part', '', ( #1864 ) ) ;
#1951 = DIRECTION ( 'NONE',  ( -0.0000000000000000000, 0.0000000000000000000, -1.000000000000000000 ) ) ;
#1952 = CARTESIAN_POINT ( 'NONE',  ( -0.3428820572744450401, 1.252882057274445016, -1.262882057274444803 ) ) ;
#1953 = CARTESIAN_POINT ( 'NONE',  ( -3.030000000000001581, -1.400000000000000355, -1.270000000000000240 ) ) ;
#1954 = PRESENTATION_STYLE_ASSIGNMENT (( #2651 ) ) ;
#1955 = DIRECTION ( 'NONE',  ( 1.000000000000000000, 0.0000000000000000000, 0.0000000000000000000 ) ) ;
#1956 = EDGE_CURVE ( 'NONE', #2734, #2569, #3885, .T. ) ;
#1957 = ORIENTED_EDGE ( 'NONE', *, *, #28, .F. ) ;
#1958 = DIRECTION ( 'NONE',  ( -1.000000000000000000, 0.0000000000000000000, 0.0000000000000000000 ) ) ;
#1959 = LINE ( 'NONE', #365, #114 ) ;
#1960 = SURFACE_SIDE_STYLE ('',( #3844 ) ) ;
#1961 = LINE ( 'NONE', #1573, #4330 ) ;
#1962 = EDGE_CURVE ( 'NONE', #1173, #3915, #882, .T. ) ;
#1963 = SURFACE_SIDE_STYLE ('',( #368 ) ) ;
#1964 = UNCERTAINTY_MEASURE_WITH_UNIT (LENGTH_MEASURE( 1.000000000000000082E-05 ), #4298, 'distance_accuracy_value', 'NONE');
#1965 = PRESENTATION_LAYER_ASSIGNMENT (  '', '', ( #1160 ) ) ;
#1966 = ORIENTED_EDGE ( 'NONE', *, *, #2395, .F. ) ;
#1967 = CARTESIAN_POINT ( 'NONE',  ( 2.882882057274443799, 1.252882057274442795, 1.262882057274445913 ) ) ;
#1968 = SURFACE_STYLE_USAGE ( .BOTH. , #4658 ) ;
#1969 = EDGE_CURVE ( 'NONE', #4464, #1052, #2327, .T. ) ;
#1970 = VECTOR ( 'NONE', #2900, 1000.000000000000000 ) ;
#1971 = VERTEX_POINT ( 'NONE', #2755 ) ;
#1972 = MECHANICAL_DESIGN_GEOMETRIC_PRESENTATION_REPRESENTATION (  '', ( #2283 ), #3091 ) ;
#1973 = CARTESIAN_POINT ( 'NONE',  ( -0.3349999999999999645, 12.69999999999999929, 0.3349999999999999090 ) ) ;
#1974 = DIRECTION ( 'NONE',  ( -1.000000000000000000, -0.0000000000000000000, -0.0000000000000000000 ) ) ;
#1975 = VECTOR ( 'NONE', #3040, 1000.000000000000000 ) ;
#1976 = VECTOR ( 'NONE', #4048, 1000.000000000000114 ) ;
#1977 = ORIENTED_EDGE ( 'NONE', *, *, #1449, .T. ) ;
#1978 = CARTESIAN_POINT ( 'NONE',  ( -5.080000000000000071, -1.400000000000001021, 0.9200000000000003730 ) ) ;
#1979 = CONTEXT_DEPENDENT_SHAPE_REPRESENTATION ( #2451, #4191 ) ;
#1980 =( LENGTH_UNIT ( ) NAMED_UNIT ( * ) SI_UNIT ( .MILLI., .METRE. ) );
#1981 = STYLED_ITEM ( 'NONE', ( #1266 ), #859 ) ;
#1982 = CARTESIAN_POINT ( 'NONE',  ( -0.4899999999999997691, 1.399999999999999689, -1.069999999999999840 ) ) ;
#1983 = VECTOR ( 'NONE', #4185, 1000.000000000000000 ) ;
#1984 = DIRECTION ( 'NONE',  ( 0.0000000000000000000, -0.0000000000000000000, -1.000000000000000000 ) ) ;
#1985 = PLANE ( 'NONE',  #2822 ) ;
#1986 = ORIENTED_EDGE ( 'NONE', *, *, #2633, .F. ) ;
#1987 = CYLINDRICAL_SURFACE ( 'NONE', #1615, 0.1999999999999998723 ) ;
#1988 =( GEOMETRIC_REPRESENTATION_CONTEXT ( 3 ) GLOBAL_UNCERTAINTY_ASSIGNED_CONTEXT ( ( #1025 ) ) GLOBAL_UNIT_ASSIGNED_CONTEXT ( ( #4806, #218, #4005 ) ) REPRESENTATION_CONTEXT ( 'NONE', 'WORKASPACE' ) );
#1989 = FACE_OUTER_BOUND ( 'NONE', #4925, .T. ) ;
#1990 = ADVANCED_FACE ( 'NONE', ( #1800 ), #289, .F. ) ;
#1991 = VECTOR ( 'NONE', #3938, 1000.000000000000000 ) ;
#1992 = FILL_AREA_STYLE_COLOUR ( '', #104 ) ;
#1993 = SURFACE_STYLE_USAGE ( .BOTH. , #3972 ) ;
#1994 = ADVANCED_FACE ( 'NONE', ( #4059 ), #2946, .F. ) ;
#1995 = DIRECTION ( 'NONE',  ( 0.0000000000000000000, -1.000000000000000000, -1.548860246407863583E-16 ) ) ;
#1996 = DIRECTION ( 'NONE',  ( 0.0000000000000000000, -0.0000000000000000000, -1.000000000000000000 ) ) ;
#1997 = LINE ( 'NONE', #3974, #3856 ) ;
#1998 = VECTOR ( 'NONE', #4102, 1000.000000000000000 ) ;
#1999 = ORIENTED_EDGE ( 'NONE', *, *, #1022, .T. ) ;
#2000 = EDGE_CURVE ( 'NONE', #4006, #1780, #3627, .T. ) ;
#2001 = AXIS2_PLACEMENT_3D ( 'NONE', #591, #209, #4421 ) ;
#2002 = ORIENTED_EDGE ( 'NONE', *, *, #260, .F. ) ;
#2003 =( LENGTH_UNIT ( ) NAMED_UNIT ( * ) SI_UNIT ( .MILLI., .METRE. ) );
#2004 = CYLINDRICAL_SURFACE ( 'NONE', #250, 0.1999999999999998723 ) ;
#2005 = SURFACE_STYLE_USAGE ( .BOTH. , #4035 ) ;
#2006 = MECHANICAL_DESIGN_GEOMETRIC_PRESENTATION_REPRESENTATION (  '', ( #418 ), #2958 ) ;
#2007 = FILL_AREA_STYLE_COLOUR ( '', #1671 ) ;
#2008 = CARTESIAN_POINT ( 'NONE',  ( -5.080000000000000071, 0.0000000000000000000, 0.9200000000000003730 ) ) ;
#2009 = CARTESIAN_POINT ( 'NONE',  ( 5.080000000000000071, 1.199999999999999956, 1.070000000000000284 ) ) ;
#2010 = VERTEX_POINT ( 'NONE', #1712 ) ;
#2011 =( NAMED_UNIT ( * ) PLANE_ANGLE_UNIT ( ) SI_UNIT ( $, .RADIAN. ) );
#2012 = PRESENTATION_LAYER_ASSIGNMENT (  '', '', ( #813 ) ) ;
#2013 = SURFACE_STYLE_FILL_AREA ( #3517 ) ;
#2014 = UNCERTAINTY_MEASURE_WITH_UNIT (LENGTH_MEASURE( 1.000000000000000082E-05 ), #2051, 'distance_accuracy_value', 'NONE');
#2015 = CARTESIAN_POINT ( 'NONE',  ( 2.776000000000001133, -1.146000000000000352, -0.7700000000000000178 ) ) ;
#2016 =( NAMED_UNIT ( * ) PLANE_ANGLE_UNIT ( ) SI_UNIT ( $, .RADIAN. ) );
#2017 = MECHANICAL_DESIGN_GEOMETRIC_PRESENTATION_REPRESENTATION (  '', ( #986 ), #3944 ) ;
#2018 =( LENGTH_UNIT ( ) NAMED_UNIT ( * ) SI_UNIT ( .MILLI., .METRE. ) );
#2019 = ORIENTED_EDGE ( 'NONE', *, *, #240, .F. ) ;
#2020 = EDGE_CURVE ( 'NONE', #2368, #3840, #1030, .T. ) ;
#2021 =( GEOMETRIC_REPRESENTATION_CONTEXT ( 3 ) GLOBAL_UNCERTAINTY_ASSIGNED_CONTEXT ( ( #1528 ) ) GLOBAL_UNIT_ASSIGNED_CONTEXT ( ( #3252, #2887, #1855 ) ) REPRESENTATION_CONTEXT ( 'NONE', 'WORKASPACE' ) );
#2022 = DIRECTION ( 'NONE',  ( 1.000000000000000000, 0.0000000000000000000, -0.0000000000000000000 ) ) ;
#2023 =( GEOMETRIC_REPRESENTATION_CONTEXT ( 3 ) GLOBAL_UNCERTAINTY_ASSIGNED_CONTEXT ( ( #1216 ) ) GLOBAL_UNIT_ASSIGNED_CONTEXT ( ( #3764, #3460, #710 ) ) REPRESENTATION_CONTEXT ( 'NONE', 'WORKASPACE' ) );
#2024 = ORIENTED_EDGE ( 'NONE', *, *, #1862, .F. ) ;
#2025 = ADVANCED_FACE ( 'NONE', ( #3292 ), #4785, .F. ) ;
#2026 = VERTEX_POINT ( 'NONE', #2195 ) ;
#2027 = DIRECTION ( 'NONE',  ( 0.0000000000000000000, 1.000000000000000000, -0.0000000000000000000 ) ) ;
#2028 = FACE_OUTER_BOUND ( 'NONE', #3983, .T. ) ;
#2029 = VERTEX_POINT ( 'NONE', #2969 ) ;
#2030 = LINE ( 'NONE', #469, #3779 ) ;
#2031 = ORIENTED_EDGE ( 'NONE', *, *, #4050, .F. ) ;
#2032 = DIRECTION ( 'NONE',  ( 0.7071067811865477948, -0.7071067811865473507, 0.0000000000000000000 ) ) ;
#2033 =( BOUNDED_CURVE ( )  B_SPLINE_CURVE ( 3, ( #2328, #2303, #1541, #2272 ),
 .UNSPECIFIED., .F., .T. ) 
 B_SPLINE_CURVE_WITH_KNOTS ( ( 4, 4 ),
 ( -8.881784197001252323E-16, 1.303203931657098025 ),
 .UNSPECIFIED. ) 
 CURVE ( )  GEOMETRIC_REPRESENTATION_ITEM ( )  RATIONAL_B_SPLINE_CURVE ( ( 1.000000000000000000, 0.8634088596862029563, 0.8634088596862029563, 1.000000000000000000 ) ) 
 REPRESENTATION_ITEM ( '' )  );
#2034 = DIRECTION ( 'NONE',  ( -0.0000000000000000000, -0.0000000000000000000, -1.000000000000000000 ) ) ;
#2035 = SURFACE_SIDE_STYLE ('',( #3920 ) ) ;
#2036 = CLOSED_SHELL ( 'NONE', ( #4906, #3457, #2291, #1014, #925, #3765, #991, #837, #1312, #560, #4206, #3232, #4451, #3996, #1443, #826, #2885, #594, #2025, #4053, #217, #1722, #2071, #3088, #4695, #4199, #1538, #2518, #3608, #370, #3332, #4774, #2665, #1545, #4563, #4742, #4837, #2719, #4931, #4897, #3888, #2846, #117, #1696, #4638, #3643, #2601, #1924, #3203, #2281, #4629, #146, #1931, #20, #3918, #2908, #2512, #3131, #4688, #3289, #2788, #3894, #1269, #3426, #3795, #4514, #235, #2986, #3620, #865, #672, #760, #2194, #1203, #3024, #3666, #122, #1357, #3739, #1071, #3382, #3585, #4747, #3066, #859, #1404, #1703, #4869, #4106, #2224 ) ) ;
#2037 = DIRECTION ( 'NONE',  ( -0.7071067811865473507, -0.7071067811865477948, 0.0000000000000000000 ) ) ;
#2038 =( LENGTH_UNIT ( ) NAMED_UNIT ( * ) SI_UNIT ( .MILLI., .METRE. ) );
#2039 = FILL_AREA_STYLE ('',( #896 ) ) ;
#2040 = CARTESIAN_POINT ( 'NONE',  ( 4.732386869124892925, 1.235625935704191880, -1.267613130875109073 ) ) ;
#2041 = EDGE_CURVE ( 'NONE', #3231, #2191, #2644, .T. ) ;
#2043 = STYLED_ITEM ( 'NONE', ( #1640 ), #1071 ) ;
#2042 = CARTESIAN_POINT ( 'NONE',  ( 0.3350000000000001865, 0.3464101615137765156, 0.3349999999999999090 ) ) ;
#2044 = ORIENTED_EDGE ( 'NONE', *, *, #2298, .F. ) ;
#2045 = COLOUR_RGB ( '',0.1019607843137254888, 0.1019607843137254888, 0.1019607843137254888 ) ;
#2046 = VERTEX_POINT ( 'NONE', #3390 ) ;
#2047 = SURFACE_SIDE_STYLE ('',( #3508 ) ) ;
#2048 = EDGE_CURVE ( 'NONE', #319, #2617, #1900, .T. ) ;
#2049 = CARTESIAN_POINT ( 'NONE',  ( 5.080000000000000071, -1.146000000000000352, -0.7700000000000000178 ) ) ;
#2050 = VECTOR ( 'NONE', #2492, 1000.000000000000000 ) ;
#2051 =( LENGTH_UNIT ( ) NAMED_UNIT ( * ) SI_UNIT ( .MILLI., .METRE. ) );
#2052 = VECTOR ( 'NONE', #3069, 1000.000000000000000 ) ;
#2053 = LINE ( 'NONE', #2078, #2711 ) ;
#2054 = ORIENTED_EDGE ( 'NONE', *, *, #4437, .F. ) ;
#2055 = CARTESIAN_POINT ( 'NONE',  ( 4.646797325730100958, 1.343202674269899921, 1.238119048685103918 ) ) ;
#2056 = VECTOR ( 'NONE', #4592, 1000.000000000000000 ) ;
#2057 = PRESENTATION_LAYER_ASSIGNMENT (  '', '', ( #3819 ) ) ;
#2058 = LINE ( 'NONE', #2084, #385 ) ;
#2059 = ORIENTED_EDGE ( 'NONE', *, *, #2298, .T. ) ;
#2060 = COLOUR_RGB ( '',0.1019607843137254888, 0.1019607843137254888, 0.1019607843137254888 ) ;
#2061 =( BOUNDED_CURVE ( )  B_SPLINE_CURVE ( 3, ( #1073, #3388, #1847, #1454 ),
 .UNSPECIFIED., .F., .T. ) 
 B_SPLINE_CURVE_WITH_KNOTS ( ( 4, 4 ),
 ( 3.141592653589793116, 3.409185048727580103 ),
 .UNSPECIFIED. ) 
 CURVE ( )  GEOMETRIC_REPRESENTATION_ITEM ( )  RATIONAL_B_SPLINE_CURVE ( ( 1.000000000000000000, 0.9940417555543827888, 0.9940417555543827888, 1.000000000000000000 ) ) 
 REPRESENTATION_ITEM ( '' )  );
#2062 = SURFACE_STYLE_USAGE ( .BOTH. , #1700 ) ;
#2063 = FILL_AREA_STYLE_COLOUR ( '', #2238 ) ;
#2064 = FACE_OUTER_BOUND ( 'NONE', #2745, .T. ) ;
#2065 = EDGE_LOOP ( 'NONE', ( #1714, #574, #3056, #2838, #645, #1588, #4173, #556, #1167, #60 ) ) ;
#2066 = CARTESIAN_POINT ( 'NONE',  ( 4.730000000000001315, 1.217892925670841509, -1.270000000000000018 ) ) ;
#2067 = AXIS2_PLACEMENT_3D ( 'NONE', #2505, #4062, #3558 ) ;
#2068 = CARTESIAN_POINT ( 'NONE',  ( -0.3350000000000000755, 0.3464101615137764600, -0.3350000000000001310 ) ) ;
#2069 = VERTEX_POINT ( 'NONE', #4908 ) ;
#2070 = FILL_AREA_STYLE ('',( #3239 ) ) ;
#2071 = ADVANCED_FACE ( 'NONE', ( #22 ), #1871, .T. ) ;
#2072 = EDGE_LOOP ( 'NONE', ( #1284, #2950, #669, #1049, #1529, #163, #1210, #3683, #1929, #4581 ) ) ;
#2073 = CARTESIAN_POINT ( 'NONE',  ( -0.9549999999999994049, -1.400000000000001021, -0.3150000000000001132 ) ) ;
#2074 = FILL_AREA_STYLE ('',( #1400 ) ) ;
#2075 = VECTOR ( 'NONE', #4678, 1000.000000000000000 ) ;
#2076 = PLANE ( 'NONE',  #4344 ) ;
#2077 = EDGE_LOOP ( 'NONE', ( #753, #2669, #2971, #3302, #630 ) ) ;
#2078 = CARTESIAN_POINT ( 'NONE',  ( 0.0000000000000000000, -1.146000000000000352, 0.3149999999999998912 ) ) ;
#2079 =( LENGTH_UNIT ( ) NAMED_UNIT ( * ) SI_UNIT ( .MILLI., .METRE. ) );
#2080 = ORIENTED_EDGE ( 'NONE', *, *, #382, .T. ) ;
#2081 = EDGE_CURVE ( 'NONE', #2026, #2850, #3751, .T. ) ;
#2082 = VECTOR ( 'NONE', #973, 1000.000000000000000 ) ;
#2083 = CARTESIAN_POINT ( 'NONE',  ( 0.3349999999999999090, 0.3464101615137764600, -0.3350000000000001310 ) ) ;
#2084 = CARTESIAN_POINT ( 'NONE',  ( 5.080000000000000071, -0.9100000000000008082, 0.9200000000000007061 ) ) ;
#2085 = EDGE_LOOP ( 'NONE', ( #1375, #4719, #3889, #981 ) ) ;
#2086 = PLANE ( 'NONE',  #2338 ) ;
#2087 =( NAMED_UNIT ( * ) PLANE_ANGLE_UNIT ( ) SI_UNIT ( $, .RADIAN. ) );
#2088 = EDGE_CURVE ( 'NONE', #2479, #1846, #1563, .T. ) ;
#2089 = FILL_AREA_STYLE ('',( #4119 ) ) ;
#2090 = STYLED_ITEM ( 'NONE', ( #539 ), #3795 ) ;
#2091 = SURFACE_STYLE_USAGE ( .BOTH. , #479 ) ;
#2092 = SURFACE_SIDE_STYLE ('',( #4025 ) ) ;
#2093 = CARTESIAN_POINT ( 'NONE',  ( -1.584999999999999964, -1.400000000000001021, -0.3150000000000001132 ) ) ;
#2094 = SURFACE_STYLE_FILL_AREA ( #3214 ) ;
#2095 = EDGE_LOOP ( 'NONE', ( #4019, #1940, #2342, #3041, #290, #1614 ) ) ;
#2096 = STYLED_ITEM ( 'NONE', ( #3331 ), #4629 ) ;
#2097 = LINE ( 'NONE', #2499, #3667 ) ;
#2098 = ORIENTED_EDGE ( 'NONE', *, *, #4071, .F. ) ;
#2099 = SURFACE_SIDE_STYLE ('',( #4528 ) ) ;
#2100 = AXIS2_PLACEMENT_3D ( 'NONE', #4717, #1661, #4786 ) ;
#2101 =( NAMED_UNIT ( * ) PLANE_ANGLE_UNIT ( ) SI_UNIT ( $, .RADIAN. ) );
#2102 = SURFACE_STYLE_USAGE ( .BOTH. , #512 ) ;
#2103 = VERTEX_POINT ( 'NONE', #1098 ) ;
#2104 =( LENGTH_UNIT ( ) NAMED_UNIT ( * ) SI_UNIT ( .MILLI., .METRE. ) );
#2105 = FILL_AREA_STYLE ('',( #604 ) ) ;
#2106 = ORIENTED_EDGE ( 'NONE', *, *, #3125, .F. ) ;
#2107 = CARTESIAN_POINT ( 'NONE',  ( -0.3350000000000000755, 12.35358983848622216, -0.3350000000000001310 ) ) ;
#2108 = AXIS2_PLACEMENT_3D ( 'NONE', #2578, #1828, #3080 ) ;
#2109 = FACE_OUTER_BOUND ( 'NONE', #2507, .T. ) ;
#2110 = ORIENTED_EDGE ( 'NONE', *, *, #28, .T. ) ;
#2111 = EDGE_CURVE ( 'NONE', #872, #4902, #3200, .T. ) ;
#2112 = FILL_AREA_STYLE_COLOUR ( '', #1298 ) ;
#2113 = SURFACE_STYLE_FILL_AREA ( #2089 ) ;
#2114 = CARTESIAN_POINT ( 'NONE',  ( -4.843999999999998529, -1.146000000000000796, -1.270000000000000240 ) ) ;
#2115 = EDGE_CURVE ( 'NONE', #1971, #2010, #4129, .T. ) ;
#2116 = PRESENTATION_STYLE_ASSIGNMENT (( #3258 ) ) ;
#2117 = LINE ( 'NONE', #3718, #3893 ) ;
#2118 =( LENGTH_UNIT ( ) NAMED_UNIT ( * ) SI_UNIT ( .MILLI., .METRE. ) );
#2119 = ORIENTED_EDGE ( 'NONE', *, *, #806, .F. ) ;
#2120 = STYLED_ITEM ( 'NONE', ( #692 ), #20 ) ;
#2121 = CARTESIAN_POINT ( 'NONE',  ( 0.2360000000000009590, -1.146000000000000352, -0.7700000000000000178 ) ) ;
#2122 = ORIENTED_EDGE ( 'NONE', *, *, #2320, .T. ) ;
#2123 = CARTESIAN_POINT ( 'NONE',  ( 0.1350000000000003142, 12.69999999999999929, -3.276879700422614743E-17 ) ) ;
#2124 = CARTESIAN_POINT ( 'NONE',  ( 4.737117942725555864, 1.252882057274444572, 1.262882057274445025 ) ) ;
#2125 = ORIENTED_EDGE ( 'NONE', *, *, #1100, .T. ) ;
#2126 = FILL_AREA_STYLE ('',( #1384 ) ) ;
#2127 = CARTESIAN_POINT ( 'NONE',  ( -4.646797325730100070, 1.343202674269898811, -1.238119048685105250 ) ) ;
#2128 = DIRECTION ( 'NONE',  ( -0.7071067811865473507, -0.7071067811865477948, 0.0000000000000000000 ) ) ;
#2129 = VECTOR ( 'NONE', #4577, 1000.000000000000000 ) ;
#2130 = VERTEX_POINT ( 'NONE', #3019 ) ;
#2131 =( LENGTH_UNIT ( ) NAMED_UNIT ( * ) SI_UNIT ( .MILLI., .METRE. ) );
#2132 = PRESENTATION_LAYER_ASSIGNMENT (  '', '', ( #1418 ) ) ;
#2133 = EDGE_CURVE ( 'NONE', #3102, #4286, #4558, .T. ) ;
#2134 = DIRECTION ( 'NONE',  ( 0.0000000000000000000, 1.000000000000000000, 0.0000000000000000000 ) ) ;
#2135 = SURFACE_SIDE_STYLE ('',( #1415 ) ) ;
#2136 = DIRECTION ( 'NONE',  ( 0.0000000000000000000, 1.000000000000000000, 1.548860246407863583E-16 ) ) ;
#2137 = PLANE ( 'NONE',  #3139 ) ;
#2138 = EDGE_CURVE ( 'NONE', #2798, #3231, #2773, .T. ) ;
#2139 = DIRECTION ( 'NONE',  ( 0.0000000000000000000, 1.000000000000000000, 0.0000000000000000000 ) ) ;
#2140 = LINE ( 'NONE', #4384, #2221 ) ;
#2141 = AXIS2_PLACEMENT_3D ( 'NONE', #624, #1775, #3284 ) ;
#2142 = ORIENTED_EDGE ( 'NONE', *, *, #3802, .T. ) ;
#2143 = CARTESIAN_POINT ( 'NONE',  ( -4.125000000000000000, 1.399999999999999689, 0.3149999999999999467 ) ) ;
#2144 = EDGE_CURVE ( 'NONE', #971, #1922, #901, .T. ) ;
#2145 = CARTESIAN_POINT ( 'NONE',  ( 2.973202674269900481, 1.343202674269899033, -1.238119048685105472 ) ) ;
#2146 =( GEOMETRIC_REPRESENTATION_CONTEXT ( 3 ) GLOBAL_UNCERTAINTY_ASSIGNED_CONTEXT ( ( #4121 ) ) GLOBAL_UNIT_ASSIGNED_CONTEXT ( ( #3801, #534, #4738 ) ) REPRESENTATION_CONTEXT ( 'NONE', 'WORKASPACE' ) );
#2147 = FILL_AREA_STYLE ('',( #2502 ) ) ;
#2148 =( LENGTH_UNIT ( ) NAMED_UNIT ( * ) SI_UNIT ( .MILLI., .METRE. ) );
#2149 = VERTEX_POINT ( 'NONE', #3170 ) ;
#2150 = SHAPE_REPRESENTATION_RELATIONSHIP ( 'NONE' , 'NONE' ,  #4593, #4518 ) ;
#2151 = ORIENTED_EDGE ( 'NONE', *, *, #1843, .F. ) ;
#2152 = VECTOR ( 'NONE', #3217, 1000.000000000000000 ) ;
#2153 = PLANE ( 'NONE',  #3849 ) ;
#2154 =( NAMED_UNIT ( * ) PLANE_ANGLE_UNIT ( ) SI_UNIT ( $, .RADIAN. ) );
#2155 = COLOUR_RGB ( '',0.1019607843137254888, 0.1019607843137254888, 0.1019607843137254888 ) ;
#2156 = ORIENTED_EDGE ( 'NONE', *, *, #2933, .T. ) ;
#2157 = CARTESIAN_POINT ( 'NONE',  ( 2.539999999999999591, -0.9099999999999999201, 1.270000000000001128 ) ) ;
#2158 = CARTESIAN_POINT ( 'NONE',  ( -2.190000000000001723, 1.399999999999999689, 1.270000000000000018 ) ) ;
#2159 = PLANE ( 'NONE',  #1849 ) ;
#2160 = FILL_AREA_STYLE_COLOUR ( '', #1412 ) ;
#2161 = COLOUR_RGB ( '',0.1019607843137254888, 0.1019607843137254888, 0.1019607843137254888 ) ;
#2162 = PRESENTATION_STYLE_ASSIGNMENT (( #2543 ) ) ;
#2163 = CARTESIAN_POINT ( 'NONE',  ( -4.125000000000000000, -1.400000000000001021, -0.3150000000000001132 ) ) ;
#2164 = UNCERTAINTY_MEASURE_WITH_UNIT (LENGTH_MEASURE( 1.000000000000000082E-05 ), #1243, 'distance_accuracy_value', 'NONE');
#2165 = STYLED_ITEM ( 'NONE', ( #4572 ), #3981 ) ;
#2166 = PLANE ( 'NONE',  #3980 ) ;
#2167 = EDGE_CURVE ( 'NONE', #961, #3749, #524, .T. ) ;
#2168 = UNCERTAINTY_MEASURE_WITH_UNIT (LENGTH_MEASURE( 1.000000000000000082E-05 ), #1082, 'distance_accuracy_value', 'NONE');
#2169 = VERTEX_POINT ( 'NONE', #2427 ) ;
#2170 = DIRECTION ( 'NONE',  ( 0.0000000000000000000, -0.0000000000000000000, 1.000000000000000000 ) ) ;
#2171 = COLOUR_RGB ( '',0.1019607843137254888, 0.1019607843137254888, 0.1019607843137254888 ) ;
#2172 = CARTESIAN_POINT ( 'NONE',  ( 2.189999999999999059, 1.199999999999999734, -1.269999999999999796 ) ) ;
#2173 = DIRECTION ( 'NONE',  ( 0.7071067811865499042, -0.7071067811865451302, 0.0000000000000000000 ) ) ;
#2174 =( GEOMETRIC_REPRESENTATION_CONTEXT ( 3 ) GLOBAL_UNCERTAINTY_ASSIGNED_CONTEXT ( ( #1426 ) ) GLOBAL_UNIT_ASSIGNED_CONTEXT ( ( #2839, #4840, #611 ) ) REPRESENTATION_CONTEXT ( 'NONE', 'WORKASPACE' ) );
#2175 = EDGE_CURVE ( 'NONE', #1173, #1689, #2797, .T. ) ;
#2176 = ORIENTED_EDGE ( 'NONE', *, *, #2659, .T. ) ;
#2177 =( NAMED_UNIT ( * ) SI_UNIT ( $, .STERADIAN. ) SOLID_ANGLE_UNIT ( ) );
#2178 = VERTEX_POINT ( 'NONE', #140 ) ;
#2179 = AXIS2_PLACEMENT_3D ( 'NONE', #1126, #2559, #1905 ) ;
#2180 = COLOUR_RGB ( '',0.1019607843137254888, 0.1019607843137254888, 0.1019607843137254888 ) ;
#2181 = ORIENTED_EDGE ( 'NONE', *, *, #2870, .F. ) ;
#2182 =( GEOMETRIC_REPRESENTATION_CONTEXT ( 3 ) GLOBAL_UNCERTAINTY_ASSIGNED_CONTEXT ( ( #4483 ) ) GLOBAL_UNIT_ASSIGNED_CONTEXT ( ( #1590, #2751, #1202 ) ) REPRESENTATION_CONTEXT ( 'NONE', 'WORKASPACE' ) );
#2183 = VECTOR ( 'NONE', #95, 1000.000000000000000 ) ;
#2184 = FILL_AREA_STYLE ('',( #2585 ) ) ;
#2185 =( BOUNDED_CURVE ( )  B_SPLINE_CURVE ( 3, ( #3060, #1878, #4546, #3402 ),
 .UNSPECIFIED., .F., .F. ) 
 B_SPLINE_CURVE_WITH_KNOTS ( ( 4, 4 ),
 ( 0.0000000000000000000, 0.2675923951378024190 ),
 .UNSPECIFIED. ) 
 CURVE ( )  GEOMETRIC_REPRESENTATION_ITEM ( )  RATIONAL_B_SPLINE_CURVE ( ( 1.000000000000000000, 0.9940417555543821226, 0.9940417555543821226, 1.000000000000000000 ) ) 
 REPRESENTATION_ITEM ( '' )  );
#2186 = FACE_OUTER_BOUND ( 'NONE', #3171, .T. ) ;
#2187 =( LENGTH_UNIT ( ) NAMED_UNIT ( * ) SI_UNIT ( .MILLI., .METRE. ) );
#2188 = CARTESIAN_POINT ( 'NONE',  ( -4.589999999999997193, -1.400000000000001465, -1.270000000000000240 ) ) ;
#2189 = CARTESIAN_POINT ( 'NONE',  ( 4.125000000000000000, -1.146000000000000352, -0.3150000000000001132 ) ) ;
#2190 = VERTEX_POINT ( 'NONE', #2371 ) ;
#2191 = VERTEX_POINT ( 'NONE', #2042 ) ;
#2192 = CARTESIAN_POINT ( 'NONE',  ( 0.0000000000000000000, -1.146000000000000352, 0.0000000000000000000 ) ) ;
#2193 = DIRECTION ( 'NONE',  ( 0.0000000000000000000, 0.0000000000000000000, 1.000000000000000000 ) ) ;
#2194 = ADVANCED_FACE ( 'NONE', ( #3907 ), #164, .F. ) ;
#2195 = CARTESIAN_POINT ( 'NONE',  ( -4.843999999999997641, -1.146000000000001018, 0.7700000000000000178 ) ) ;
#2196 = VERTEX_POINT ( 'NONE', #2748 ) ;
#2197 = DIRECTION ( 'NONE',  ( 0.0000000000000000000, 0.0000000000000000000, 1.000000000000000000 ) ) ;
#2198 = UNCERTAINTY_MEASURE_WITH_UNIT (LENGTH_MEASURE( 1.000000000000000082E-05 ), #3312, 'distance_accuracy_value', 'NONE');
#2199 = DIRECTION ( 'NONE',  ( 0.0000000000000000000, -0.0000000000000000000, -1.000000000000000000 ) ) ;
#2200 = EDGE_CURVE ( 'NONE', #1807, #2456, #75, .T. ) ;
#2201 = CARTESIAN_POINT ( 'NONE',  ( -4.843999999999997641, -1.146000000000000796, -0.7699999999999999067 ) ) ;
#2202 = SURFACE_STYLE_USAGE ( .BOTH. , #3710 ) ;
#2203 = COLOUR_RGB ( '',0.1019607843137254888, 0.1019607843137254888, 0.1019607843137254888 ) ;
#2204 = PLANE ( 'NONE',  #2179 ) ;
#2205 = CARTESIAN_POINT ( 'NONE',  ( 0.4900000000000024891, -1.400000000000000577, -1.270000000000000240 ) ) ;
#2206 = CARTESIAN_POINT ( 'NONE',  ( 3.030000000000002913, -1.400000000000000133, 0.7700000000000006839 ) ) ;
#2207 = VECTOR ( 'NONE', #1391, 1000.000000000000000 ) ;
#2208 = SURFACE_STYLE_FILL_AREA ( #2656 ) ;
#2209 = AXIS2_PLACEMENT_3D ( 'NONE', #4496, #2128, #1763 ) ;
#2210 = DIRECTION ( 'NONE',  ( 0.7071067811865477948, -0.7071067811865473507, 0.0000000000000000000 ) ) ;
#2211 = PRESENTATION_LAYER_ASSIGNMENT (  '', '', ( #1981 ) ) ;
#2212 = UNCERTAINTY_MEASURE_WITH_UNIT (LENGTH_MEASURE( 1.000000000000000082E-05 ), #74, 'distance_accuracy_value', 'NONE');
#2213 = CARTESIAN_POINT ( 'NONE',  ( 0.0000000000000000000, -1.146000000000000352, 0.0000000000000000000 ) ) ;
#2214 = CARTESIAN_POINT ( 'NONE',  ( -4.589999999999998970, 1.399999999999999467, -1.069999999999999840 ) ) ;
#2215 = VERTEX_POINT ( 'NONE', #3528 ) ;
#2216 = EDGE_LOOP ( 'NONE', ( #586, #4685, #4529, #4353, #4912 ) ) ;
#2217 = COLOUR_RGB ( '',0.1019607843137254888, 0.1019607843137254888, 0.1019607843137254888 ) ;
#2218 = CARTESIAN_POINT ( 'NONE',  ( -4.737117942725556752, 1.252882057274442351, -1.262882057274445469 ) ) ;
#2219 = LINE ( 'NONE', #2622, #1732 ) ;
#2220 =( BOUNDED_CURVE ( )  B_SPLINE_CURVE ( 3, ( #1982, #4667, #1733, #2476 ),
 .UNSPECIFIED., .F., .F. ) 
 B_SPLINE_CURVE_WITH_KNOTS ( ( 4, 4 ),
 ( -8.881784197001252323E-16, 1.303203931657095138 ),
 .UNSPECIFIED. ) 
 CURVE ( )  GEOMETRIC_REPRESENTATION_ITEM ( )  RATIONAL_B_SPLINE_CURVE ( ( 1.000000000000000000, 0.8634088596862035114, 0.8634088596862035114, 1.000000000000000000 ) ) 
 REPRESENTATION_ITEM ( '' )  );
#2221 = VECTOR ( 'NONE', #1396, 1000.000000000000000 ) ;
#2222 = ORIENTED_EDGE ( 'NONE', *, *, #553, .F. ) ;
#2223 =( NAMED_UNIT ( * ) PLANE_ANGLE_UNIT ( ) SI_UNIT ( $, .RADIAN. ) );
#2224 = ADVANCED_FACE ( 'N', ( #1946 ), #1634, .T. ) ;
#2225 =( NAMED_UNIT ( * ) PLANE_ANGLE_UNIT ( ) SI_UNIT ( $, .RADIAN. ) );
#2226 =( GEOMETRIC_REPRESENTATION_CONTEXT ( 3 ) GLOBAL_UNCERTAINTY_ASSIGNED_CONTEXT ( ( #3007 ) ) GLOBAL_UNIT_ASSIGNED_CONTEXT ( ( #4831, #4083, #3015 ) ) REPRESENTATION_CONTEXT ( 'NONE', 'WORKASPACE' ) );
#2227 = DIRECTION ( 'NONE',  ( -0.7071067811865453523, -0.7071067811865497932, 0.0000000000000000000 ) ) ;
#2228 = CARTESIAN_POINT ( 'NONE',  ( 0.0000000000000000000, -1.146000000000000352, 0.3149999999999998912 ) ) ;
#2229 = ADVANCED_FACE ( 'NONE', ( #644 ), #3694, .F. ) ;
#2230 = ORIENTED_EDGE ( 'NONE', *, *, #3671, .F. ) ;
#2231 = FILL_AREA_STYLE ('',( #3375 ) ) ;
#2232 = PRESENTATION_LAYER_ASSIGNMENT (  '', '', ( #410 ) ) ;
#2233 =( LENGTH_UNIT ( ) NAMED_UNIT ( * ) SI_UNIT ( .MILLI., .METRE. ) );
#2234 = CARTESIAN_POINT ( 'NONE',  ( 5.080000000000000071, -1.400000000000000133, -0.7700000000000000178 ) ) ;
#2235 = EDGE_CURVE ( 'NONE', #508, #1662, #549, .T. ) ;
#2236 =( GEOMETRIC_REPRESENTATION_CONTEXT ( 3 ) GLOBAL_UNCERTAINTY_ASSIGNED_CONTEXT ( ( #1772 ) ) GLOBAL_UNIT_ASSIGNED_CONTEXT ( ( #2131, #1017, #4400 ) ) REPRESENTATION_CONTEXT ( 'NONE', 'WORKASPACE' ) );
#2237 = CARTESIAN_POINT ( 'NONE',  ( 0.0000000000000000000, 12.69999999999999929, 0.0000000000000000000 ) ) ;
#2238 = COLOUR_RGB ( '',0.1019607843137254888, 0.1019607843137254888, 0.1019607843137254888 ) ;
#2239 = ORIENTED_EDGE ( 'NONE', *, *, #4842, .F. ) ;
#2240 = ORIENTED_EDGE ( 'NONE', *, *, #167, .T. ) ;
#2241 = VECTOR ( 'NONE', #3843, 1000.000000000000000 ) ;
#2242 =( LENGTH_UNIT ( ) NAMED_UNIT ( * ) SI_UNIT ( .MILLI., .METRE. ) );
#2243 = CARTESIAN_POINT ( 'NONE',  ( -0.4332026742698993904, 1.343202674269899699, 1.238119048685103918 ) ) ;
#2244 = ORIENTED_EDGE ( 'NONE', *, *, #705, .T. ) ;
#2245 = FILL_AREA_STYLE ('',( #1121 ) ) ;
#2246 =( LENGTH_UNIT ( ) NAMED_UNIT ( * ) SI_UNIT ( .MILLI., .METRE. ) );
#2248 = PRESENTATION_STYLE_ASSIGNMENT (( #342 ) ) ;
#2247 = STYLED_ITEM ( 'NONE', ( #589 ), #4747 ) ;
#2249 = CARTESIAN_POINT ( 'NONE',  ( 5.080000000000000959, -0.9100000000000004752, 0.9200000000000003730 ) ) ;
#2250 = ORIENTED_EDGE ( 'NONE', *, *, #1226, .T. ) ;
#2251 = DIRECTION ( 'NONE',  ( 0.0000000000000000000, 0.0000000000000000000, 1.000000000000000000 ) ) ;
#2252 = LINE ( 'NONE', #3349, #3901 ) ;
#2253 = EDGE_CURVE ( 'NONE', #3832, #971, #2140, .T. ) ;
#2254 =( NAMED_UNIT ( * ) PLANE_ANGLE_UNIT ( ) SI_UNIT ( $, .RADIAN. ) );
#2255 = CARTESIAN_POINT ( 'NONE',  ( 5.080000000000000071, -0.9100000000000005862, 0.0000000000000000000 ) ) ;
#2256 = FILL_AREA_STYLE_COLOUR ( '', #4177 ) ;
#2257 = PLANE ( 'NONE',  #4486 ) ;
#2258 = UNCERTAINTY_MEASURE_WITH_UNIT (LENGTH_MEASURE( 1.000000000000000082E-05 ), #999, 'distance_accuracy_value', 'NONE');
#2259 = LINE ( 'NONE', #3796, #384 ) ;
#2260 = EDGE_CURVE ( 'NONE', #3011, #2798, #1350, .T. ) ;
#2261 = ORIENTED_EDGE ( 'NONE', *, *, #1411, .T. ) ;
#2262 = CARTESIAN_POINT ( 'NONE',  ( -0.1350000000000003419, 12.69999999999999929, 2.184586466948410137E-17 ) ) ;
#2263 = VERTEX_POINT ( 'NONE', #573 ) ;
#2264 = DIRECTION ( 'NONE',  ( -0.0000000000000000000, 1.000000000000000000, 0.0000000000000000000 ) ) ;
#2265 = FILL_AREA_STYLE_COLOUR ( '', #541 ) ;
#2266 = EDGE_CURVE ( 'NONE', #3772, #4316, #2916, .T. ) ;
#2267 = CARTESIAN_POINT ( 'NONE',  ( 0.3349999999999999090, 0.3464101615137764600, -0.3350000000000001310 ) ) ;
#2268 =( NAMED_UNIT ( * ) PLANE_ANGLE_UNIT ( ) SI_UNIT ( $, .RADIAN. ) );
#2269 = SHAPE_DEFINITION_REPRESENTATION ( #3469, #4282 ) ;
#2270 = SURFACE_SIDE_STYLE ('',( #3025 ) ) ;
#2271 = FILL_AREA_STYLE_COLOUR ( '', #776 ) ;
#2272 = CARTESIAN_POINT ( 'NONE',  ( 4.737117942725556752, 1.252882057274445016, -1.262882057274445025 ) ) ;
#2273 = VERTEX_POINT ( 'NONE', #4730 ) ;
#2274 = VERTEX_POINT ( 'NONE', #1296 ) ;
#2275 = CARTESIAN_POINT ( 'NONE',  ( -3.247106781186548385, -1.617106781186547160, -1.270000000000000240 ) ) ;
#2276 = CARTESIAN_POINT ( 'NONE',  ( -3.494999999999999218, 1.399999999999999689, -0.3150000000000001688 ) ) ;
#2277 = VECTOR ( 'NONE', #3940, 1000.000000000000114 ) ;
#2278 = FILL_AREA_STYLE_COLOUR ( '', #4776 ) ;
#2279 = SURFACE_STYLE_USAGE ( .BOTH. , #2684 ) ;
#2280 = SURFACE_STYLE_USAGE ( .BOTH. , #2589 ) ;
#2281 = ADVANCED_FACE ( 'NONE', ( #4357, #3597 ), #653, .F. ) ;
#2282 = MECHANICAL_DESIGN_GEOMETRIC_PRESENTATION_REPRESENTATION (  '', ( #3093 ), #1336 ) ;
#2283 = STYLED_ITEM ( 'NONE', ( #119 ), #205 ) ;
#2284 = DIRECTION ( 'NONE',  ( 0.0000000000000000000, -0.0000000000000000000, 1.000000000000000000 ) ) ;
#2285 = SURFACE_STYLE_USAGE ( .BOTH. , #93 ) ;
#2287 = ORIENTED_EDGE ( 'NONE', *, *, #4539, .T. ) ;
#2286 = MECHANICAL_DESIGN_GEOMETRIC_PRESENTATION_REPRESENTATION (  '', ( #156 ), #2537 ) ;
#2288 =( GEOMETRIC_REPRESENTATION_CONTEXT ( 3 ) GLOBAL_UNCERTAINTY_ASSIGNED_CONTEXT ( ( #924 ) ) GLOBAL_UNIT_ASSIGNED_CONTEXT ( ( #2419, #2362, #3591 ) ) REPRESENTATION_CONTEXT ( 'NONE', 'WORKASPACE' ) );
#2289 =( NAMED_UNIT ( * ) PLANE_ANGLE_UNIT ( ) SI_UNIT ( $, .RADIAN. ) );
#2290 = EDGE_LOOP ( 'NONE', ( #2398, #3583, #1489, #2504, #3122, #4055 ) ) ;
#2291 = ADVANCED_FACE ( 'NONE', ( #4861 ), #3342, .F. ) ;
#2292 =( GEOMETRIC_REPRESENTATION_CONTEXT ( 3 ) GLOBAL_UNCERTAINTY_ASSIGNED_CONTEXT ( ( #2360 ) ) GLOBAL_UNIT_ASSIGNED_CONTEXT ( ( #420, #2254, #4600 ) ) REPRESENTATION_CONTEXT ( 'NONE', 'WORKASPACE' ) );
#2293 = CARTESIAN_POINT ( 'NONE',  ( -5.080000000000000071, 0.9099999999999999201, 0.0000000000000000000 ) ) ;
#2294 =( NAMED_UNIT ( * ) PLANE_ANGLE_UNIT ( ) SI_UNIT ( $, .RADIAN. ) );
#2295 = PRESENTATION_LAYER_ASSIGNMENT (  '', '', ( #3575 ) ) ;
#2296 = VERTEX_POINT ( 'NONE', #1123 ) ;
#2297 = CARTESIAN_POINT ( 'NONE',  ( 0.0000000000000000000, 0.0000000000000000000, 0.0000000000000000000 ) ) ;
#2298 = EDGE_CURVE ( 'NONE', #2479, #4229, #1078, .T. ) ;
#2299 = CARTESIAN_POINT ( 'NONE',  ( 0.4900000000000017120, 1.399999999999999689, 1.070000000000000284 ) ) ;
#2300 = VECTOR ( 'NONE', #1275, 1000.000000000000114 ) ;
#2301 = SURFACE_SIDE_STYLE ('',( #3425 ) ) ;
#2302 = LINE ( 'NONE', #2705, #2860 ) ;
#2303 = CARTESIAN_POINT ( 'NONE',  ( 4.590000000000001634, 1.399999999999999689, -1.163653726294448187 ) ) ;
#2304 = ORIENTED_EDGE ( 'NONE', *, *, #4779, .F. ) ;
#2305 = ORIENTED_EDGE ( 'NONE', *, *, #1127, .F. ) ;
#2306 = VECTOR ( 'NONE', #1230, 1000.000000000000000 ) ;
#2307 = CARTESIAN_POINT ( 'NONE',  ( 5.080000000000000071, 1.199999999999999956, -1.070000000000000062 ) ) ;
#2308 = DIRECTION ( 'NONE',  ( 0.7071067811865477948, 0.7071067811865473507, 0.0000000000000000000 ) ) ;
#2309 = VECTOR ( 'NONE', #4009, 1000.000000000000000 ) ;
#2310 = FACE_OUTER_BOUND ( 'NONE', #2077, .T. ) ;
#2311 = UNCERTAINTY_MEASURE_WITH_UNIT (LENGTH_MEASURE( 1.000000000000000082E-05 ), #1980, 'distance_accuracy_value', 'NONE');
#2312 = PRESENTATION_LAYER_ASSIGNMENT (  '', '', ( #1440 ) ) ;
#2313 = CARTESIAN_POINT ( 'NONE',  ( 1.832893218813452130, -1.617106781186547160, -1.270000000000000240 ) ) ;
#2314 = ORIENTED_EDGE ( 'NONE', *, *, #320, .T. ) ;
#2315 = FILL_AREA_STYLE_COLOUR ( '', #38 ) ;
#2316 = ORIENTED_EDGE ( 'NONE', *, *, #3555, .F. ) ;
#2317 = UNCERTAINTY_MEASURE_WITH_UNIT (LENGTH_MEASURE( 1.000000000000000082E-05 ), #3233, 'distance_accuracy_value', 'NONE');
#2318 = PRESENTATION_LAYER_ASSIGNMENT (  '', '', ( #185 ) ) ;
#2319 = PRESENTATION_STYLE_ASSIGNMENT (( #1198 ) ) ;
#2320 = EDGE_CURVE ( 'NONE', #2479, #1807, #2580, .T. ) ;
#2321 = STYLED_ITEM ( 'NONE', ( #4524 ), #3666 ) ;
#2322 = EDGE_LOOP ( 'NONE', ( #333, #3309, #2176, #400 ) ) ;
#2323 = LINE ( 'NONE', #102, #1517 ) ;
#2324 = VECTOR ( 'NONE', #1996, 1000.000000000000000 ) ;
#2325 = DIRECTION ( 'NONE',  ( 0.0000000000000000000, 1.000000000000000000, 0.0000000000000000000 ) ) ;
#2326 = EDGE_CURVE ( 'NONE', #4226, #3264, #315, .T. ) ;
#2327 = LINE ( 'NONE', #1953, #626 ) ;
#2328 = CARTESIAN_POINT ( 'NONE',  ( 4.590000000000001634, 1.399999999999999689, -1.069999999999999840 ) ) ;
#2329 = EDGE_LOOP ( 'NONE', ( #192, #3098, #1361, #1255, #1731, #3386, #1999, #1072, #4497, #4208 ) ) ;
#2330 = PRESENTATION_LAYER_ASSIGNMENT (  '', '', ( #4349 ) ) ;
#2331 = FILL_AREA_STYLE ('',( #3868 ) ) ;
#2332 = SURFACE_SIDE_STYLE ('',( #2386 ) ) ;
#2333 = CARTESIAN_POINT ( 'NONE',  ( 5.080000000000000071, 1.199999999999999956, -1.070000000000000062 ) ) ;
#2334 = PRESENTATION_LAYER_ASSIGNMENT (  '', '', ( #1132 ) ) ;
#2335 = CARTESIAN_POINT ( 'NONE',  ( 0.0000000000000000000, -0.9099999999999999201, -1.270000000000000240 ) ) ;
#2336 = CARTESIAN_POINT ( 'NONE',  ( -2.540000000000000036, 0.9099999999999993650, -0.9200000000000000400 ) ) ;
#2337 = LINE ( 'NONE', #3949, #4004 ) ;
#2338 = AXIS2_PLACEMENT_3D ( 'NONE', #3028, #4543, #1102 ) ;
#2339 = COLOUR_RGB ( '',0.1019607843137254888, 0.1019607843137254888, 0.1019607843137254888 ) ;
#2340 = ORIENTED_EDGE ( 'NONE', *, *, #4606, .F. ) ;
#2341 = CARTESIAN_POINT ( 'NONE',  ( 4.125000000000000000, 1.399999999999999689, -0.3150000000000001688 ) ) ;
#2342 = ORIENTED_EDGE ( 'NONE', *, *, #1106, .T. ) ;
#2343 = LINE ( 'NONE', #3879, #683 ) ;
#2344 = EDGE_LOOP ( 'NONE', ( #860, #3180, #602, #32, #3587 ) ) ;
#2345 = PRODUCT_DEFINITION_SHAPE ( 'NONE', 'NONE',  #4939 ) ;
#2346 = LINE ( 'NONE', #1948, #2555 ) ;
#2347 = SHAPE_DEFINITION_REPRESENTATION ( #2709, #2547 ) ;
#2348 = DIRECTION ( 'NONE',  ( -0.5773502691896257311, 0.5773502691896235106, -0.5773502691896280625 ) ) ;
#2349 = EDGE_CURVE ( 'NONE', #3048, #3192, #1829, .T. ) ;
#2350 = CARTESIAN_POINT ( 'NONE',  ( 4.737117942725556752, 1.252882057274444794, -1.262882057274445025 ) ) ;
#2351 =( LENGTH_UNIT ( ) NAMED_UNIT ( * ) SI_UNIT ( .MILLI., .METRE. ) );
#2352 = PLANE ( 'NONE',  #830 ) ;
#2353 = ORIENTED_EDGE ( 'NONE', *, *, #3555, .T. ) ;
#2354 = DIRECTION ( 'NONE',  ( 0.4472135954999579277, -0.7745966692414835153, 0.4472135954999578722 ) ) ;
#2355 = EDGE_CURVE ( 'NONE', #595, #481, #1033, .T. ) ;
#2356 =( NAMED_UNIT ( * ) PLANE_ANGLE_UNIT ( ) SI_UNIT ( $, .RADIAN. ) );
#2357 = CARTESIAN_POINT ( 'NONE',  ( 5.080000000000000071, -1.400000000000000133, 1.269999999999999574 ) ) ;
#2358 = CARTESIAN_POINT ( 'NONE',  ( -2.973202674269901369, 1.343202674269900365, 1.238119048685103918 ) ) ;
#2359 = FACE_OUTER_BOUND ( 'NONE', #1906, .T. ) ;
#2360 = UNCERTAINTY_MEASURE_WITH_UNIT (LENGTH_MEASURE( 1.000000000000000082E-05 ), #420, 'distance_accuracy_value', 'NONE');
#2361 = EDGE_CURVE ( 'NONE', #4229, #3652, #1510, .T. ) ;
#2362 =( NAMED_UNIT ( * ) PLANE_ANGLE_UNIT ( ) SI_UNIT ( $, .RADIAN. ) );
#2363 = ORIENTED_EDGE ( 'NONE', *, *, #4724, .T. ) ;
#2364 = CARTESIAN_POINT ( 'NONE',  ( 2.889999999999997460, 1.199999999999999956, 1.270000000000000018 ) ) ;
#2365 = FACE_BOUND ( 'NONE', #935, .T. ) ;
#2366 = AXIS2_PLACEMENT_3D ( 'NONE', #1147, #1080, #2600 ) ;
#2367 = PRODUCT_DEFINITION_CONTEXT ( 'detailed design', #1534, 'design' ) ;
#2368 = VERTEX_POINT ( 'NONE', #1485 ) ;
#2369 = AXIS2_PLACEMENT_3D ( 'NONE', #1584, #4927, #378 ) ;
#2370 = UNCERTAINTY_MEASURE_WITH_UNIT (LENGTH_MEASURE( 1.000000000000000082E-05 ), #451, 'distance_accuracy_value', 'NONE');
#2371 = CARTESIAN_POINT ( 'NONE',  ( -2.890000000000001457, -1.260000000000000453, 1.270000000000000018 ) ) ;
#2372 = ORIENTED_EDGE ( 'NONE', *, *, #2020, .T. ) ;
#2373 = APPLICATION_PROTOCOL_DEFINITION ( 'draft international standard', 'automotive_design', 1998, #827 ) ;
#2374 = VECTOR ( 'NONE', #4448, 1000.000000000000000 ) ;
#2375 = LINE ( 'NONE', #804, #2306 ) ;
#2376 = MECHANICAL_DESIGN_GEOMETRIC_PRESENTATION_REPRESENTATION (  '', ( #472 ), #2681 ) ;
#2377 = LINE ( 'NONE', #2350, #2277 ) ;
#2378 = AXIS2_PLACEMENT_3D ( 'NONE', #3275, #4442, #1056 ) ;
#2379 = FILL_AREA_STYLE ('',( #4314 ) ) ;
#2380 =( NAMED_UNIT ( * ) SI_UNIT ( $, .STERADIAN. ) SOLID_ANGLE_UNIT ( ) );
#2381 = VERTEX_POINT ( 'NONE', #1804 ) ;
#2382 =( NAMED_UNIT ( * ) PLANE_ANGLE_UNIT ( ) SI_UNIT ( $, .RADIAN. ) );
#2383 = ORIENTED_EDGE ( 'NONE', *, *, #1317, .F. ) ;
#2384 = LINE ( 'NONE', #4694, #886 ) ;
#2385 = PRESENTATION_LAYER_ASSIGNMENT (  '', '', ( #165 ) ) ;
#2386 = SURFACE_STYLE_FILL_AREA ( #3586 ) ;
#2387 =( BOUNDED_CURVE ( )  B_SPLINE_CURVE ( 3, ( #1589, #3108, #833, #3506 ),
 .UNSPECIFIED., .F., .T. ) 
 B_SPLINE_CURVE_WITH_KNOTS ( ( 4, 4 ),
 ( 2.874000258452003909, 3.141592653589794004 ),
 .UNSPECIFIED. ) 
 CURVE ( )  GEOMETRIC_REPRESENTATION_ITEM ( )  RATIONAL_B_SPLINE_CURVE ( ( 1.000000000000000000, 0.9940417555543827888, 0.9940417555543827888, 1.000000000000000000 ) ) 
 REPRESENTATION_ITEM ( '' )  );
#2388 = LINE ( 'NONE', #1309, #4851 ) ;
#2389 = ADVANCED_FACE ( 'NONE', ( #3319 ), #4133, .F. ) ;
#2390 = COLOUR_RGB ( '',0.1019607843137254888, 0.1019607843137254888, 0.1019607843137254888 ) ;
#2391 = CARTESIAN_POINT ( 'NONE',  ( -2.049999999999998046, 1.399999999999999689, 1.070000000000000284 ) ) ;
#2392 = CARTESIAN_POINT ( 'NONE',  ( -2.540000000000000036, -1.400000000000001021, 0.9200000000000002620 ) ) ;
#2393 =( LENGTH_UNIT ( ) NAMED_UNIT ( * ) SI_UNIT ( .MILLI., .METRE. ) );
#2394 = CARTESIAN_POINT ( 'NONE',  ( 0.2360000000000008480, -1.146000000000000352, -0.7699999999999997957 ) ) ;
#2395 = EDGE_CURVE ( 'NONE', #3029, #928, #2375, .T. ) ;
#2396 = CARTESIAN_POINT ( 'NONE',  ( 2.887613130875107625, 1.235625935704190548, 1.267613130875109517 ) ) ;
#2397 = MECHANICAL_DESIGN_GEOMETRIC_PRESENTATION_REPRESENTATION (  '', ( #1440 ), #254 ) ;
#2398 = ORIENTED_EDGE ( 'NONE', *, *, #2133, .T. ) ;
#2399 = CARTESIAN_POINT ( 'NONE',  ( 0.3349999999999999090, 12.35358983848622216, -0.3350000000000001310 ) ) ;
#2400 = CARTESIAN_POINT ( 'NONE',  ( 5.080000000000000071, 1.399999999999999689, -0.3150000000000001688 ) ) ;
#2401 = AXIS2_PLACEMENT_3D ( 'NONE', #1815, #4733, #1299 ) ;
#2402 = CARTESIAN_POINT ( 'NONE',  ( 2.539999999999999591, -1.400000000000001021, -0.9200000000000003730 ) ) ;
#2403 = VERTEX_POINT ( 'NONE', #3448 ) ;
#2404 = LINE ( 'NONE', #2188, #2152 ) ;
#2405 = COLOUR_RGB ( '',0.1019607843137254888, 0.1019607843137254888, 0.1019607843137254888 ) ;
#2406 =( LENGTH_UNIT ( ) NAMED_UNIT ( * ) SI_UNIT ( .MILLI., .METRE. ) );
#2407 = VERTEX_POINT ( 'NONE', #490 ) ;
#2408 = CARTESIAN_POINT ( 'NONE',  ( 0.3350000000000000200, 12.35358983848622216, 0.3349999999999999090 ) ) ;
#2409 = AXIS2_PLACEMENT_3D ( 'NONE', #3845, #4626, #2713 ) ;
#2410 =( LENGTH_UNIT ( ) NAMED_UNIT ( * ) SI_UNIT ( .MILLI., .METRE. ) );
#2411 = SURFACE_STYLE_FILL_AREA ( #4757 ) ;
#2412 = CARTESIAN_POINT ( 'NONE',  ( -0.3428820572744452067, 1.252882057274445238, 1.262882057274445025 ) ) ;
#2413 = ORIENTED_EDGE ( 'NONE', *, *, #698, .T. ) ;
#2414 = DIRECTION ( 'NONE',  ( -0.7071067811865473507, -0.7071067811865477948, 0.0000000000000000000 ) ) ;
#2415 = MECHANICAL_DESIGN_GEOMETRIC_PRESENTATION_REPRESENTATION (  '', ( #1773 ), #2491 ) ;
#2416 = SURFACE_SIDE_STYLE ('',( #2760 ) ) ;
#2417 = EDGE_CURVE ( 'NONE', #237, #4607, #4263, .T. ) ;
#2418 =( BOUNDED_CURVE ( )  B_SPLINE_CURVE ( 3, ( #893, #3188, #4726, #2816 ),
 .UNSPECIFIED., .F., .T. ) 
 B_SPLINE_CURVE_WITH_KNOTS ( ( 4, 4 ),
 ( -1.776356839400250465E-15, 1.303203931657098913 ),
 .UNSPECIFIED. ) 
 CURVE ( )  GEOMETRIC_REPRESENTATION_ITEM ( )  RATIONAL_B_SPLINE_CURVE ( ( 1.000000000000000000, 0.8634088596862025122, 0.8634088596862025122, 1.000000000000000000 ) ) 
 REPRESENTATION_ITEM ( '' )  );
#2419 =( LENGTH_UNIT ( ) NAMED_UNIT ( * ) SI_UNIT ( .MILLI., .METRE. ) );
#2420 = STYLED_ITEM ( 'NONE', ( #4871 ), #4638 ) ;
#2421 =( NAMED_UNIT ( * ) SI_UNIT ( $, .STERADIAN. ) SOLID_ANGLE_UNIT ( ) );
#2422 = PLANE ( 'NONE',  #2825 ) ;
#2423 = ORIENTED_EDGE ( 'NONE', *, *, #1805, .F. ) ;
#2424 =( GEOMETRIC_REPRESENTATION_CONTEXT ( 3 ) GLOBAL_UNCERTAINTY_ASSIGNED_CONTEXT ( ( #4635 ) ) GLOBAL_UNIT_ASSIGNED_CONTEXT ( ( #4647, #2382, #127 ) ) REPRESENTATION_CONTEXT ( 'NONE', 'WORKASPACE' ) );
#2425 = EDGE_CURVE ( 'NONE', #609, #2010, #3081, .T. ) ;
#2426 = SURFACE_SIDE_STYLE ('',( #1893 ) ) ;
#2427 = CARTESIAN_POINT ( 'NONE',  ( -2.776000000000000245, -1.146000000000000130, -0.7700000000000000178 ) ) ;
#2428 = PRESENTATION_LAYER_ASSIGNMENT (  '', '', ( #2813 ) ) ;
#2429 = VERTEX_POINT ( 'NONE', #2778 ) ;
#2430 = DIRECTION ( 'NONE',  ( 0.0000000000000000000, 0.0000000000000000000, 1.000000000000000000 ) ) ;
#2431 = EDGE_CURVE ( 'NONE', #3805, #2046, #879, .T. ) ;
#2432 = CARTESIAN_POINT ( 'NONE',  ( -3.030000000000001581, -1.400000000000000355, -1.270000000000000240 ) ) ;
#2433 = CARTESIAN_POINT ( 'NONE',  ( -2.192386869124892890, 1.235625935704189438, 1.267613130875109517 ) ) ;
#2434 = ORIENTED_EDGE ( 'NONE', *, *, #4168, .F. ) ;
#2435 = PRESENTATION_STYLE_ASSIGNMENT (( #4788 ) ) ;
#2436 = DIRECTION ( 'NONE',  ( 0.0000000000000000000, -0.0000000000000000000, 1.000000000000000000 ) ) ;
#2437 = ORIENTED_EDGE ( 'NONE', *, *, #3496, .F. ) ;
#2438 = DIRECTION ( 'NONE',  ( 0.5773502691896253980, -0.5773502691896235106, -0.5773502691896285066 ) ) ;
#2439 = FILL_AREA_STYLE ('',( #812 ) ) ;
#2440 = FILL_AREA_STYLE_COLOUR ( '', #4422 ) ;
#2441 = SURFACE_STYLE_FILL_AREA ( #2714 ) ;
#2442 = CARTESIAN_POINT ( 'NONE',  ( -3.811648262644353991E-17, 0.9099999999999994760, 0.9200000000000004841 ) ) ;
#2443 = SURFACE_STYLE_FILL_AREA ( #2767 ) ;
#2444 = LINE ( 'NONE', #3545, #195 ) ;
#2445 = DIRECTION ( 'NONE',  ( 0.0000000000000000000, 0.4999999999999983347, 0.8660254037844397068 ) ) ;
#2446 = VECTOR ( 'NONE', #331, 1000.000000000000000 ) ;
#2447 = EDGE_CURVE ( 'NONE', #1780, #3624, #2323, .T. ) ;
#2448 = ORIENTED_EDGE ( 'NONE', *, *, #1449, .F. ) ;
#2449 = FACE_OUTER_BOUND ( 'NONE', #1536, .T. ) ;
#2450 = PRESENTATION_LAYER_ASSIGNMENT (  '', '', ( #3494 ) ) ;
#2451 =( REPRESENTATION_RELATIONSHIP ('NONE','NONE', #4282, #2547 ) REPRESENTATION_RELATIONSHIP_WITH_TRANSFORMATION ( #409 )SHAPE_REPRESENTATION_RELATIONSHIP( ) );
#2452 = ORIENTED_EDGE ( 'NONE', *, *, #212, .F. ) ;
#2453 = DIRECTION ( 'NONE',  ( 0.0000000000000000000, 0.8660254037844397068, 0.4999999999999983347 ) ) ;
#2454 = STYLED_ITEM ( 'NONE', ( #228 ), #1696 ) ;
#2455 = LINE ( 'NONE', #1304, #1790 ) ;
#2456 = VERTEX_POINT ( 'NONE', #2752 ) ;
#2457 = SURFACE_STYLE_FILL_AREA ( #199 ) ;
#2458 = ORIENTED_EDGE ( 'NONE', *, *, #2235, .T. ) ;
#2459 = LINE ( 'NONE', #2107, #4087 ) ;
#2460 =( LENGTH_UNIT ( ) NAMED_UNIT ( * ) SI_UNIT ( .MILLI., .METRE. ) );
#2461 = ORIENTED_EDGE ( 'NONE', *, *, #4257, .T. ) ;
#2462 = FACE_OUTER_BOUND ( 'NONE', #2707, .T. ) ;
#2463 =( NAMED_UNIT ( * ) SI_UNIT ( $, .STERADIAN. ) SOLID_ANGLE_UNIT ( ) );
#2464 = LINE ( 'NONE', #1241, #3169 ) ;
#2465 = FILL_AREA_STYLE_COLOUR ( '', #2045 ) ;
#2466 = CARTESIAN_POINT ( 'NONE',  ( 2.197117942725554052, 1.252882057274445460, 1.262882057274445025 ) ) ;
#2467 = DIRECTION ( 'NONE',  ( -0.0000000000000000000, 0.0000000000000000000, -1.000000000000000000 ) ) ;
#2468 = UNCERTAINTY_MEASURE_WITH_UNIT (LENGTH_MEASURE( 1.000000000000000082E-05 ), #3945, 'distance_accuracy_value', 'NONE');
#2469 = COLOUR_RGB ( '',0.1019607843137254888, 0.1019607843137254888, 0.1019607843137254888 ) ;
#2470 = PRESENTATION_STYLE_ASSIGNMENT (( #3191 ) ) ;
#2471 = EDGE_LOOP ( 'NONE', ( #2372, #4455, #2363, #286, #1083, #742, #344, #3523, #3245, #141 ) ) ;
#2472 = LINE ( 'NONE', #3716, #561 ) ;
#2473 = CARTESIAN_POINT ( 'NONE',  ( -3.030000000000000693, 1.399999999999999689, -1.069999999999999840 ) ) ;
#2474 = ORIENTED_EDGE ( 'NONE', *, *, #4480, .T. ) ;
#2475 = EDGE_CURVE ( 'NONE', #1922, #2525, #506, .T. ) ;
#2476 = CARTESIAN_POINT ( 'NONE',  ( -0.3428820572744450401, 1.252882057274445016, -1.262882057274444803 ) ) ;
#2477 =( GEOMETRIC_REPRESENTATION_CONTEXT ( 3 ) GLOBAL_UNCERTAINTY_ASSIGNED_CONTEXT ( ( #1111 ) ) GLOBAL_UNIT_ASSIGNED_CONTEXT ( ( #1285, #810, #1666 ) ) REPRESENTATION_CONTEXT ( 'NONE', 'WORKASPACE' ) );
#2478 = LINE ( 'NONE', #2805, #995 ) ;
#2479 = VERTEX_POINT ( 'NONE', #1638 ) ;
#2480 = DIRECTION ( 'NONE',  ( 0.0000000000000000000, 0.0000000000000000000, 1.000000000000000000 ) ) ;
#2481 = ORIENTED_EDGE ( 'NONE', *, *, #175, .F. ) ;
#2482 = CARTESIAN_POINT ( 'NONE',  ( 5.080000000000000071, 1.399999999999999689, 1.270000000000000018 ) ) ;
#2483 = EDGE_CURVE ( 'NONE', #1045, #1452, #4613, .T. ) ;
#2484 = MECHANICAL_DESIGN_GEOMETRIC_PRESENTATION_REPRESENTATION (  '', ( #3039 ), #2487 ) ;
#2485 = FILL_AREA_STYLE ('',( #4441 ) ) ;
#2486 = ORIENTED_EDGE ( 'NONE', *, *, #615, .F. ) ;
#2487 =( GEOMETRIC_REPRESENTATION_CONTEXT ( 3 ) GLOBAL_UNCERTAINTY_ASSIGNED_CONTEXT ( ( #4828 ) ) GLOBAL_UNIT_ASSIGNED_CONTEXT ( ( #1315, #3209, #950 ) ) REPRESENTATION_CONTEXT ( 'NONE', 'WORKASPACE' ) );
#2488 =( LENGTH_UNIT ( ) NAMED_UNIT ( * ) SI_UNIT ( .MILLI., .METRE. ) );
#2489 = EDGE_CURVE ( 'NONE', #2783, #4791, #3234, .T. ) ;
#2490 = SURFACE_SIDE_STYLE ('',( #614 ) ) ;
#2491 =( GEOMETRIC_REPRESENTATION_CONTEXT ( 3 ) GLOBAL_UNCERTAINTY_ASSIGNED_CONTEXT ( ( #2959 ) ) GLOBAL_UNIT_ASSIGNED_CONTEXT ( ( #3487, #1519, #3790 ) ) REPRESENTATION_CONTEXT ( 'NONE', 'WORKASPACE' ) );
#2492 = DIRECTION ( 'NONE',  ( -1.000000000000000000, 0.0000000000000000000, -0.0000000000000000000 ) ) ;
#2493 = PRESENTATION_STYLE_ASSIGNMENT (( #2867 ) ) ;
#2494 = LINE ( 'NONE', #4424, #4511 ) ;
#2495 = SURFACE_SIDE_STYLE ('',( #1422 ) ) ;
#2496 = SURFACE_SIDE_STYLE ('',( #2094 ) ) ;
#2497 = ORIENTED_EDGE ( 'NONE', *, *, #2200, .F. ) ;
#2498 = AXIS2_PLACEMENT_3D ( 'NONE', #3140, #4247, #4627 ) ;
#2499 = CARTESIAN_POINT ( 'NONE',  ( 2.539999999999999147, 0.9099999999999995870, -0.9199999999999999289 ) ) ;
#2500 = SURFACE_STYLE_FILL_AREA ( #4715 ) ;
#2501 = PRESENTATION_LAYER_ASSIGNMENT (  '', '', ( #1302 ) ) ;
#2502 = FILL_AREA_STYLE_COLOUR ( '', #238 ) ;
#2503 = CARTESIAN_POINT ( 'NONE',  ( 3.030000000000001137, 1.399999999999999689, -1.069999999999999840 ) ) ;
#2504 = ORIENTED_EDGE ( 'NONE', *, *, #1041, .T. ) ;
#2505 = CARTESIAN_POINT ( 'NONE',  ( -1.584999999999999964, -1.400000000000001021, -0.3150000000000001132 ) ) ;
#2506 = EDGE_CURVE ( 'NONE', #3085, #1865, #3858, .T. ) ;
#2507 = EDGE_LOOP ( 'NONE', ( #2314, #2904, #4044, #1310, #897, #1665, #1077, #847, #2434, #94 ) ) ;
#2508 = CARTESIAN_POINT ( 'NONE',  ( -5.080000000000000071, -0.9099999999999999201, 0.9200000000000002620 ) ) ;
#2509 =( LENGTH_UNIT ( ) NAMED_UNIT ( * ) SI_UNIT ( .MILLI., .METRE. ) );
#2510 = ORIENTED_EDGE ( 'NONE', *, *, #480, .F. ) ;
#2511 = PLANE ( 'NONE',  #47 ) ;
#2512 = ADVANCED_FACE ( 'NONE', ( #1177 ), #2004, .T. ) ;
#2513 = CARTESIAN_POINT ( 'NONE',  ( 5.080000000000000071, 1.199999999999999956, -1.269999999999999796 ) ) ;
#2514 = DIRECTION ( 'NONE',  ( 0.0000000000000000000, 1.000000000000000000, 1.548860246407863583E-16 ) ) ;
#2515 = SURFACE_STYLE_USAGE ( .BOTH. , #2135 ) ;
#2516 = PLANE ( 'NONE',  #1120 ) ;
#2517 = CARTESIAN_POINT ( 'NONE',  ( 4.590000000000001634, -1.399999999999999689, -1.270000000000000240 ) ) ;
#2518 = ADVANCED_FACE ( 'NONE', ( #1004 ), #3194, .F. ) ;
#2519 = CARTESIAN_POINT ( 'NONE',  ( -5.080000000000000071, -1.400000000000001021, -0.9200000000000003730 ) ) ;
#2520 = ORIENTED_EDGE ( 'NONE', *, *, #4354, .T. ) ;
#2521 = DIRECTION ( 'NONE',  ( -1.000000000000000000, 0.0000000000000000000, 0.0000000000000000000 ) ) ;
#2522 = MECHANICAL_DESIGN_GEOMETRIC_PRESENTATION_REPRESENTATION (  '', ( #3819 ), #3577 ) ;
#2523 = CARTESIAN_POINT ( 'NONE',  ( -0.3350000000000000755, 12.69999999999999929, -0.3350000000000001310 ) ) ;
#2524 = SURFACE_STYLE_FILL_AREA ( #2876 ) ;
#2525 = VERTEX_POINT ( 'NONE', #4714 ) ;
#2526 = DIRECTION ( 'NONE',  ( -0.0000000000000000000, 0.0000000000000000000, -1.000000000000000000 ) ) ;
#2527 = DIRECTION ( 'NONE',  ( 1.000000000000000000, -0.0000000000000000000, 0.0000000000000000000 ) ) ;
#2528 = ORIENTED_EDGE ( 'NONE', *, *, #3758, .T. ) ;
#2529 = COLOUR_RGB ( '',0.1019607843137254888, 0.1019607843137254888, 0.1019607843137254888 ) ;
#2530 = SURFACE_SIDE_STYLE ('',( #1740 ) ) ;
#2531 = MECHANICAL_DESIGN_GEOMETRIC_PRESENTATION_REPRESENTATION (  '', ( #938 ), #3166 ) ;
#2532 = SURFACE_STYLE_USAGE ( .BOTH. , #2884 ) ;
#2533 = PRESENTATION_LAYER_ASSIGNMENT (  '', '', ( #3318 ) ) ;
#2534 = FACE_OUTER_BOUND ( 'NONE', #2216, .T. ) ;
#2535 = ORIENTED_EDGE ( 'NONE', *, *, #2326, .F. ) ;
#2536 = CARTESIAN_POINT ( 'NONE',  ( 0.3499999999999974243, 1.199999999999999956, -1.269999999999999796 ) ) ;
#2537 =( GEOMETRIC_REPRESENTATION_CONTEXT ( 3 ) GLOBAL_UNCERTAINTY_ASSIGNED_CONTEXT ( ( #4918 ) ) GLOBAL_UNIT_ASSIGNED_CONTEXT ( ( #941, #3969, #2738 ) ) REPRESENTATION_CONTEXT ( 'NONE', 'WORKASPACE' ) );
#2538 = CARTESIAN_POINT ( 'NONE',  ( 5.080000000000000071, 1.199999999999999956, 1.270000000000000018 ) ) ;
#2539 =( NAMED_UNIT ( * ) SI_UNIT ( $, .STERADIAN. ) SOLID_ANGLE_UNIT ( ) );
#2540 = EDGE_CURVE ( 'NONE', #1689, #3074, #2898, .T. ) ;
#2541 = DIRECTION ( 'NONE',  ( -0.0000000000000000000, 1.000000000000000000, 0.0000000000000000000 ) ) ;
#2542 = COLOUR_RGB ( '',0.1019607843137254888, 0.1019607843137254888, 0.1019607843137254888 ) ;
#2543 = SURFACE_STYLE_USAGE ( .BOTH. , #1024 ) ;
#2544 = VECTOR ( 'NONE', #3242, 1000.000000000000000 ) ;
#2545 = LINE ( 'NONE', #4803, #4929 ) ;
#2546 = EDGE_CURVE ( 'NONE', #4656, #1715, #4734, .T. ) ;
#2547 = SHAPE_REPRESENTATION ( 'holder', ( #3700 ), #3869 ) ;
#2548 = MECHANICAL_DESIGN_GEOMETRIC_PRESENTATION_REPRESENTATION (  '', ( #397 ), #633 ) ;
#2549 = EDGE_LOOP ( 'NONE', ( #2250, #4504, #3598, #1366 ) ) ;
#2550 = FILL_AREA_STYLE_COLOUR ( '', #2217 ) ;
#2551 = CARTESIAN_POINT ( 'NONE',  ( 1.585000000000000409, -1.400000000000001021, 0.3149999999999998912 ) ) ;
#2552 = VERTEX_POINT ( 'NONE', #1300 ) ;
#2553 = SURFACE_STYLE_USAGE ( .BOTH. , #2972 ) ;
#2554 = ORIENTED_EDGE ( 'NONE', *, *, #643, .F. ) ;
#2555 = VECTOR ( 'NONE', #1923, 1000.000000000000000 ) ;
#2556 = SURFACE_SIDE_STYLE ('',( #3730 ) ) ;
#2557 = COLOUR_RGB ( '',0.1019607843137254888, 0.1019607843137254888, 0.1019607843137254888 ) ;
#2558 = VERTEX_POINT ( 'NONE', #2143 ) ;
#2559 = DIRECTION ( 'NONE',  ( 0.0000000000000000000, -0.0000000000000000000, 1.000000000000000000 ) ) ;
#2560 = LINE ( 'NONE', #4446, #3347 ) ;
#2561 = FILL_AREA_STYLE_COLOUR ( '', #3935 ) ;
#2562 = CARTESIAN_POINT ( 'NONE',  ( -3.494999999999999662, 1.399999999999999689, -0.3150000000000001132 ) ) ;
#2563 = DIRECTION ( 'NONE',  ( 0.5773502691896251759, 0.5773502691896231775, -0.5773502691896289507 ) ) ;
#2564 = CARTESIAN_POINT ( 'NONE',  ( 3.494999999999999662, 1.399999999999999689, -0.3150000000000001132 ) ) ;
#2565 = CARTESIAN_POINT ( 'NONE',  ( -0.3350000000000000755, 12.35358983848622216, -0.3350000000000001310 ) ) ;
#2566 = UNCERTAINTY_MEASURE_WITH_UNIT (LENGTH_MEASURE( 1.000000000000000082E-05 ), #4139, 'distance_accuracy_value', 'NONE');
#2567 = EDGE_CURVE ( 'NONE', #4461, #2992, #3672, .T. ) ;
#2568 = CARTESIAN_POINT ( 'NONE',  ( -4.737117942725556752, 1.252882057274442795, 1.262882057274445913 ) ) ;
#2569 = VERTEX_POINT ( 'NONE', #4389 ) ;
#2570 = ORIENTED_EDGE ( 'NONE', *, *, #4842, .T. ) ;
#2571 = EDGE_CURVE ( 'NONE', #933, #1451, #3759, .T. ) ;
#2572 = CARTESIAN_POINT ( 'NONE',  ( 5.080000000000000071, -1.146000000000000352, -0.7700000000000000178 ) ) ;
#2573 = FACE_OUTER_BOUND ( 'NONE', #23, .T. ) ;
#2574 =( BOUNDED_CURVE ( )  B_SPLINE_CURVE ( 3, ( #3352, #1909, #2983, #395 ),
 .UNSPECIFIED., .F., .T. ) 
 B_SPLINE_CURVE_WITH_KNOTS ( ( 4, 4 ),
 ( 3.141592653589793116, 3.409185048727576550 ),
 .UNSPECIFIED. ) 
 CURVE ( )  GEOMETRIC_REPRESENTATION_ITEM ( )  RATIONAL_B_SPLINE_CURVE ( ( 1.000000000000000000, 0.9940417555543830108, 0.9940417555543830108, 1.000000000000000000 ) ) 
 REPRESENTATION_ITEM ( '' )  );
#2575 = CARTESIAN_POINT ( 'NONE',  ( -0.3428820572744452067, 1.252882057274445238, 1.262882057274445025 ) ) ;
#2576 = ORIENTED_EDGE ( 'NONE', *, *, #2349, .F. ) ;
#2577 = DIRECTION ( 'NONE',  ( -1.000000000000000000, 0.0000000000000000000, 0.0000000000000000000 ) ) ;
#2578 = CARTESIAN_POINT ( 'NONE',  ( -3.829999999999999627, -3.499999999999999556, 0.02000000000000005246 ) ) ;
#2579 = EDGE_LOOP ( 'NONE', ( #4123, #1458, #504, #4559 ) ) ;
#2580 = LINE ( 'NONE', #27, #2623 ) ;
#2581 = FACE_OUTER_BOUND ( 'NONE', #1876, .T. ) ;
#2582 = FILL_AREA_STYLE ('',( #1407 ) ) ;
#2583 = ORIENTED_EDGE ( 'NONE', *, *, #3449, .F. ) ;
#2584 = VECTOR ( 'NONE', #234, 1000.000000000000000 ) ;
#2585 = FILL_AREA_STYLE_COLOUR ( '', #206 ) ;
#2586 = PLANE ( 'NONE',  #570 ) ;
#2587 =( LENGTH_UNIT ( ) NAMED_UNIT ( * ) SI_UNIT ( .MILLI., .METRE. ) );
#2588 =( LENGTH_UNIT ( ) NAMED_UNIT ( * ) SI_UNIT ( .MILLI., .METRE. ) );
#2589 = SURFACE_SIDE_STYLE ('',( #3037 ) ) ;
#2590 = CARTESIAN_POINT ( 'NONE',  ( -4.646797325730101846, 1.343202674269898811, 1.238119048685105472 ) ) ;
#2591 = EDGE_CURVE ( 'NONE', #1139, #1094, #528, .T. ) ;
#2592 = ORIENTED_EDGE ( 'NONE', *, *, #1778, .F. ) ;
#2593 = VERTEX_POINT ( 'NONE', #598 ) ;
#2594 = LINE ( 'NONE', #4125, #4797 ) ;
#2595 = CARTESIAN_POINT ( 'NONE',  ( 3.030000000000002913, -1.400000000000000799, -1.270000000000000240 ) ) ;
#2596 = EDGE_CURVE ( 'NONE', #1807, #166, #2097, .T. ) ;
#2597 = CARTESIAN_POINT ( 'NONE',  ( 4.732386869124892037, 1.235625935704191658, 1.267613130875109517 ) ) ;
#2598 = SURFACE_STYLE_FILL_AREA ( #2646 ) ;
#2599 = SURFACE_STYLE_USAGE ( .BOTH. , #2556 ) ;
#2600 = DIRECTION ( 'NONE',  ( 0.0000000000000000000, -0.0000000000000000000, 1.000000000000000000 ) ) ;
#2601 = ADVANCED_FACE ( 'NONE', ( #2873, #239 ), #4034, .F. ) ;
#2602 = DIRECTION ( 'NONE',  ( -0.0000000000000000000, -1.000000000000000000, 0.0000000000000000000 ) ) ;
#2603 = PRESENTATION_LAYER_ASSIGNMENT (  '', '', ( #3644 ) ) ;
#2604 = ORIENTED_EDGE ( 'NONE', *, *, #1161, .T. ) ;
#2605 = LINE ( 'NONE', #2205, #110 ) ;
#2606 = PRESENTATION_LAYER_ASSIGNMENT (  '', '', ( #4771 ) ) ;
#2607 = FACE_OUTER_BOUND ( 'NONE', #2290, .T. ) ;
#2608 = PRESENTATION_LAYER_ASSIGNMENT (  '', '', ( #4773 ) ) ;
#2609 = SURFACE_SIDE_STYLE ('',( #2208 ) ) ;
#2610 = FILL_AREA_STYLE ('',( #2278 ) ) ;
#2611 = COLOUR_RGB ( '',0.9686274509803921573, 0.8784313725490195957, 0.5999999999999999778 ) ;
#2612 = COLOUR_RGB ( '',0.1019607843137254888, 0.1019607843137254888, 0.1019607843137254888 ) ;
#2613 = UNCERTAINTY_MEASURE_WITH_UNIT (LENGTH_MEASURE( 1.000000000000000082E-05 ), #3021, 'distance_accuracy_value', 'NONE');
#2614 = LINE ( 'NONE', #1938, #2849 ) ;
#2615 = VECTOR ( 'NONE', #4212, 1000.000000000000000 ) ;
#2616 = CARTESIAN_POINT ( 'NONE',  ( 0.0000000000000000000, 12.69999999999999929, 0.1350000000000002864 ) ) ;
#2617 = VERTEX_POINT ( 'NONE', #262 ) ;
#2618 = UNCERTAINTY_MEASURE_WITH_UNIT (LENGTH_MEASURE( 1.000000000000000082E-05 ), #1410, 'distance_accuracy_value', 'NONE');
#2619 = ORIENTED_EDGE ( 'NONE', *, *, #2688, .F. ) ;
#2620 = COLOUR_RGB ( '',0.9686274509803921573, 0.8784313725490195957, 0.5999999999999999778 ) ;
#2621 = LINE ( 'NONE', #287, #1356 ) ;
#2622 = CARTESIAN_POINT ( 'NONE',  ( -4.125000000000000000, -1.400000000000001021, 0.3149999999999998912 ) ) ;
#2623 = VECTOR ( 'NONE', #2199, 1000.000000000000000 ) ;
#2624 = CARTESIAN_POINT ( 'NONE',  ( 4.737117942725555864, 1.252882057274444572, 1.262882057274445025 ) ) ;
#2625 = ORIENTED_EDGE ( 'NONE', *, *, #4161, .T. ) ;
#2626 = DIRECTION ( 'NONE',  ( 1.000000000000000000, 0.0000000000000000000, 0.0000000000000000000 ) ) ;
#2627 = CARTESIAN_POINT ( 'NONE',  ( 5.080000000000000071, 1.399999999999999689, 1.270000000000000018 ) ) ;
#2628 = EDGE_CURVE ( 'NONE', #4316, #2691, #2061, .T. ) ;
#2629 = CARTESIAN_POINT ( 'NONE',  ( -1.151964808265846489E-16, -1.400000000000001021, 0.9200000000000002620 ) ) ;
#2630 = MECHANICAL_DESIGN_GEOMETRIC_PRESENTATION_REPRESENTATION (  '', ( #965 ), #1195 ) ;
#2631 = CARTESIAN_POINT ( 'NONE',  ( 1.585000000000000409, 1.399999999999999689, -0.3150000000000001132 ) ) ;
#2632 = VERTEX_POINT ( 'NONE', #4176 ) ;
#2633 = EDGE_CURVE ( 'NONE', #2850, #3264, #1823, .T. ) ;
#2634 = DIRECTION ( 'NONE',  ( 0.0000000000000000000, -1.000000000000000000, -1.548860246407863583E-16 ) ) ;
#2635 = CARTESIAN_POINT ( 'NONE',  ( 0.1349999999999994815, -1.955334748149388448E-18, 0.1349999999999993427 ) ) ;
#2636 = CARTESIAN_POINT ( 'NONE',  ( 0.1349999999999993705, -7.854054463063771666E-18, -0.1349999999999995925 ) ) ;
#2637 = VECTOR ( 'NONE', #2354, 1000.000000000000000 ) ;
#2638 = CARTESIAN_POINT ( 'NONE',  ( -0.3350000000000000200, 12.35358983848622216, -0.3350000000000001310 ) ) ;
#2639 = DIRECTION ( 'NONE',  ( 0.0000000000000000000, -0.0000000000000000000, -1.000000000000000000 ) ) ;
#2640 = ORIENTED_EDGE ( 'NONE', *, *, #1154, .T. ) ;
#2641 = PLANE ( 'NONE',  #3701 ) ;
#2642 = ORIENTED_EDGE ( 'NONE', *, *, #794, .F. ) ;
#2643 = CARTESIAN_POINT ( 'NONE',  ( -4.589999999999997193, -1.400000000000001465, -1.270000000000000240 ) ) ;
#2644 = LINE ( 'NONE', #2267, #4225 ) ;
#2645 = EDGE_LOOP ( 'NONE', ( #2924, #4416, #494, #2098, #4765, #364 ) ) ;
#2646 = FILL_AREA_STYLE ('',( #1482 ) ) ;
#2648 = SURFACE_STYLE_USAGE ( .BOTH. , #2270 ) ;
#2647 = VECTOR ( 'NONE', #179, 1000.000000000000000 ) ;
#2649 = CARTESIAN_POINT ( 'NONE',  ( 2.539999999999999591, 0.9099999999999993650, -0.9200000000000000400 ) ) ;
#2650 = EDGE_CURVE ( 'NONE', #4153, #933, #4456, .T. ) ;
#2651 = SURFACE_STYLE_USAGE ( .BOTH. , #446 ) ;
#2652 = ORIENTED_EDGE ( 'NONE', *, *, #2842, .F. ) ;
#2653 = LINE ( 'NONE', #1105, #4882 ) ;
#2654 = MECHANICAL_DESIGN_GEOMETRIC_PRESENTATION_REPRESENTATION (  '', ( #3539 ), #2821 ) ;
#2655 = CARTESIAN_POINT ( 'NONE',  ( -4.125000000000000000, -1.146000000000000352, 0.3149999999999998912 ) ) ;
#2656 = FILL_AREA_STYLE ('',( #3061 ) ) ;
#2657 = LINE ( 'NONE', #4166, #160 ) ;
#2658 =( GEOMETRIC_REPRESENTATION_CONTEXT ( 3 ) GLOBAL_UNCERTAINTY_ASSIGNED_CONTEXT ( ( #1524 ) ) GLOBAL_UNIT_ASSIGNED_CONTEXT ( ( #2351, #3886, #2380 ) ) REPRESENTATION_CONTEXT ( 'NONE', 'WORKASPACE' ) );
#2659 = EDGE_CURVE ( 'NONE', #3498, #1651, #2621, .T. ) ;
#2660 =( LENGTH_UNIT ( ) NAMED_UNIT ( * ) SI_UNIT ( .MILLI., .METRE. ) );
#2661 = CARTESIAN_POINT ( 'NONE',  ( -4.125000000000000000, -1.146000000000000352, -0.3150000000000001132 ) ) ;
#2662 = UNCERTAINTY_MEASURE_WITH_UNIT (LENGTH_MEASURE( 1.000000000000000082E-05 ), #3482, 'distance_accuracy_value', 'NONE');
#2663 = CARTESIAN_POINT ( 'NONE',  ( -0.1349999999999995093, 0.0000000000000000000, 0.0000000000000000000 ) ) ;
#2664 = DIRECTION ( 'NONE',  ( 0.7071067811865482389, 0.0000000000000000000, -0.7071067811865469066 ) ) ;
#2665 = ADVANCED_FACE ( 'NONE', ( #4926 ), #3775, .T. ) ;
#2666 = EDGE_LOOP ( 'NONE', ( #4027, #4201, #229, #2699, #1427, #3430 ) ) ;
#2667 = DIRECTION ( 'NONE',  ( 0.0000000000000000000, 1.000000000000000000, -0.0000000000000000000 ) ) ;
#2668 = UNCERTAINTY_MEASURE_WITH_UNIT (LENGTH_MEASURE( 1.000000000000000082E-05 ), #4691, 'distance_accuracy_value', 'NONE');
#2669 = ORIENTED_EDGE ( 'NONE', *, *, #4194, .F. ) ;
#2670 = FILL_AREA_STYLE ('',( #3416 ) ) ;
#2671 =( NAMED_UNIT ( * ) SI_UNIT ( $, .STERADIAN. ) SOLID_ANGLE_UNIT ( ) );
#2672 = SURFACE_STYLE_USAGE ( .BOTH. , #2750 ) ;
#2673 = DIRECTION ( 'NONE',  ( 1.000000000000000000, 0.0000000000000000000, 0.0000000000000000000 ) ) ;
#2674 = VERTEX_POINT ( 'NONE', #4508 ) ;
#2675 = CARTESIAN_POINT ( 'NONE',  ( 5.080000000000000071, 1.199999999999999956, -1.269999999999999796 ) ) ;
#2676 = DIRECTION ( 'NONE',  ( 0.0000000000000000000, 1.000000000000000000, 1.548860246407863583E-16 ) ) ;
#2677 = FILL_AREA_STYLE ('',( #126 ) ) ;
#2678 = ORIENTED_EDGE ( 'NONE', *, *, #2628, .T. ) ;
#2679 = DIRECTION ( 'NONE',  ( 0.8660254037844397068, 0.4999999999999983347, -2.102119307934460514E-16 ) ) ;
#2680 = LINE ( 'NONE', #1491, #1096 ) ;
#2681 =( GEOMETRIC_REPRESENTATION_CONTEXT ( 3 ) GLOBAL_UNCERTAINTY_ASSIGNED_CONTEXT ( ( #484 ) ) GLOBAL_UNIT_ASSIGNED_CONTEXT ( ( #202, #2154, #967 ) ) REPRESENTATION_CONTEXT ( 'NONE', 'WORKASPACE' ) );
#2682 = FILL_AREA_STYLE_COLOUR ( '', #862 ) ;
#2683 = VECTOR ( 'NONE', #2919, 1000.000000000000000 ) ;
#2684 = SURFACE_SIDE_STYLE ('',( #4602 ) ) ;
#2685 = SURFACE_STYLE_USAGE ( .BOTH. , #4196 ) ;
#2686 = FILL_AREA_STYLE ('',( #3005 ) ) ;
#2687 = PRESENTATION_LAYER_ASSIGNMENT (  '', '', ( #4132 ) ) ;
#2688 = EDGE_CURVE ( 'NONE', #33, #72, #2594, .T. ) ;
#2689 = DIRECTION ( 'NONE',  ( 0.7071067811865469066, 0.0000000000000000000, 0.7071067811865482389 ) ) ;
#2691 = VERTEX_POINT ( 'NONE', #2218 ) ;
#2690 = VECTOR ( 'NONE', #4370, 1000.000000000000000 ) ;
#2692 = CARTESIAN_POINT ( 'NONE',  ( -2.890000000000001013, 1.199999999999999734, -1.269999999999999796 ) ) ;
#2693 = DIRECTION ( 'NONE',  ( 0.0000000000000000000, -1.000000000000000000, -1.548860246407863583E-16 ) ) ;
#2694 = ORIENTED_EDGE ( 'NONE', *, *, #327, .T. ) ;
#2695 = EDGE_CURVE ( 'NONE', #2941, #1305, #3750, .T. ) ;
#2696 =( BOUNDED_CURVE ( )  B_SPLINE_CURVE ( 3, ( #4000, #299, #4597, #3057 ),
 .UNSPECIFIED., .F., .T. ) 
 B_SPLINE_CURVE_WITH_KNOTS ( ( 4, 4 ),
 ( 6.015592912041781481, 6.283185307179586232 ),
 .UNSPECIFIED. ) 
 CURVE ( )  GEOMETRIC_REPRESENTATION_ITEM ( )  RATIONAL_B_SPLINE_CURVE ( ( 1.000000000000000000, 0.9940417555543820116, 0.9940417555543820116, 1.000000000000000000 ) ) 
 REPRESENTATION_ITEM ( '' )  );
#2697 = FILL_AREA_STYLE ('',( #436 ) ) ;
#2698 = MECHANICAL_DESIGN_GEOMETRIC_PRESENTATION_REPRESENTATION (  '', ( #1511 ), #1182 ) ;
#2699 = ORIENTED_EDGE ( 'NONE', *, *, #2960, .F. ) ;
#2700 = SURFACE_SIDE_STYLE ('',( #695 ) ) ;
#2701 = DIRECTION ( 'NONE',  ( 0.0000000000000000000, 0.0000000000000000000, 1.000000000000000000 ) ) ;
#2702 = PRESENTATION_STYLE_ASSIGNMENT (( #411 ) ) ;
#2703 = VECTOR ( 'NONE', #3834, 1000.000000000000114 ) ;
#2704 = CARTESIAN_POINT ( 'NONE',  ( 4.590000000000001634, -1.400000000000000133, -0.7700000000000001288 ) ) ;
#2705 = CARTESIAN_POINT ( 'NONE',  ( 0.0000000000000000000, -1.146000000000000352, 0.7700000000000000178 ) ) ;
#2706 = FILL_AREA_STYLE ('',( #1542 ) ) ;
#2707 = EDGE_LOOP ( 'NONE', ( #3476, #2002, #416, #1151, #2340 ) ) ;
#2708 = MECHANICAL_DESIGN_GEOMETRIC_PRESENTATION_REPRESENTATION (  '', ( #3424 ), #2226 ) ;
#2709 = PRODUCT_DEFINITION_SHAPE ( 'NONE', 'NONE',  #919 ) ;
#2710 = LINE ( 'NONE', #4245, #3291 ) ;
#2711 = VECTOR ( 'NONE', #581, 1000.000000000000000 ) ;
#2712 = DIRECTION ( 'NONE',  ( -0.0000000000000000000, 1.000000000000000000, 0.0000000000000000000 ) ) ;
#2713 = DIRECTION ( 'NONE',  ( 0.0000000000000000000, -0.0000000000000000000, 1.000000000000000000 ) ) ;
#2714 = FILL_AREA_STYLE ('',( #516 ) ) ;
#2715 = MECHANICAL_DESIGN_GEOMETRIC_PRESENTATION_REPRESENTATION (  '', ( #3027 ), #1278 ) ;
#2716 = SURFACE_STYLE_USAGE ( .BOTH. , #3008 ) ;
#2717 = ORIENTED_EDGE ( 'NONE', *, *, #1572, .T. ) ;
#2718 = SURFACE_SIDE_STYLE ('',( #1193 ) ) ;
#2719 = ADVANCED_FACE ( 'NONE', ( #1530 ), #4582, .T. ) ;
#2720 = ORIENTED_EDGE ( 'NONE', *, *, #2048, .T. ) ;
#2721 = UNCERTAINTY_MEASURE_WITH_UNIT (LENGTH_MEASURE( 1.000000000000000082E-05 ), #2393, 'distance_accuracy_value', 'NONE');
#2722 = COLOUR_RGB ( '',0.1019607843137254888, 0.1019607843137254888, 0.1019607843137254888 ) ;
#2723 = CARTESIAN_POINT ( 'NONE',  ( -0.9549999999999998490, -1.400000000000001021, -0.3150000000000001132 ) ) ;
#2724 =( NAMED_UNIT ( * ) PLANE_ANGLE_UNIT ( ) SI_UNIT ( $, .RADIAN. ) );
#2725 = SURFACE_STYLE_USAGE ( .BOTH. , #4610 ) ;
#2726 = SURFACE_STYLE_USAGE ( .BOTH. , #4640 ) ;
#2727 = EDGE_CURVE ( 'NONE', #3855, #2403, #1282, .T. ) ;
#2728 = PRESENTATION_LAYER_ASSIGNMENT (  '', '', ( #724 ) ) ;
#2729 = EDGE_LOOP ( 'NONE', ( #652, #3220, #3800, #687, #2882 ) ) ;
#2730 = CARTESIAN_POINT ( 'NONE',  ( -4.125000000000000000, 1.399999999999999689, -0.3150000000000001132 ) ) ;
#2731 = CARTESIAN_POINT ( 'NONE',  ( -2.890000000000001457, 1.217892925670841731, 1.270000000000000018 ) ) ;
#2732 = EDGE_CURVE ( 'NONE', #252, #595, #3654, .T. ) ;
#2733 = FILL_AREA_STYLE_COLOUR ( '', #4271 ) ;
#2734 = VERTEX_POINT ( 'NONE', #246 ) ;
#2735 = LINE ( 'NONE', #606, #3675 ) ;
#2736 = VECTOR ( 'NONE', #2467, 1000.000000000000000 ) ;
#2737 = CARTESIAN_POINT ( 'NONE',  ( 2.539999999999999591, -0.9099999999999999201, -1.270000000000000240 ) ) ;
#2738 =( NAMED_UNIT ( * ) SI_UNIT ( $, .STERADIAN. ) SOLID_ANGLE_UNIT ( ) );
#2739 = PRESENTATION_STYLE_ASSIGNMENT (( #1648 ) ) ;
#2740 = PRESENTATION_LAYER_ASSIGNMENT (  '', '', ( #1937 ) ) ;
#2741 = SURFACE_STYLE_USAGE ( .BOTH. , #2766 ) ;
#2742 = COLOUR_RGB ( '',0.1019607843137254888, 0.1019607843137254888, 0.1019607843137254888 ) ;
#2743 = ORIENTED_EDGE ( 'NONE', *, *, #1512, .F. ) ;
#2744 = LINE ( 'NONE', #1194, #2183 ) ;
#2745 = EDGE_LOOP ( 'NONE', ( #791, #4215, #4761, #1337 ) ) ;
#2746 = MECHANICAL_DESIGN_GEOMETRIC_PRESENTATION_REPRESENTATION (  '', ( #2976 ), #4510 ) ;
#2747 =( NAMED_UNIT ( * ) PLANE_ANGLE_UNIT ( ) SI_UNIT ( $, .RADIAN. ) );
#2748 = CARTESIAN_POINT ( 'NONE',  ( 1.585000000000000409, -1.146000000000000352, 0.3149999999999998912 ) ) ;
#2749 = ORIENTED_EDGE ( 'NONE', *, *, #2144, .F. ) ;
#2750 = SURFACE_SIDE_STYLE ('',( #4587 ) ) ;
#2751 =( NAMED_UNIT ( * ) PLANE_ANGLE_UNIT ( ) SI_UNIT ( $, .RADIAN. ) );
#2752 = CARTESIAN_POINT ( 'NONE',  ( 2.539999999999999591, -0.9099999999999999201, -0.9200000000000003730 ) ) ;
#2753 = EDGE_CURVE ( 'NONE', #2196, #609, #2053, .T. ) ;
#2754 = DIRECTION ( 'NONE',  ( 0.0000000000000000000, -0.0000000000000000000, 1.000000000000000000 ) ) ;
#2755 = CARTESIAN_POINT ( 'NONE',  ( 1.585000000000000409, 1.399999999999999689, 0.3149999999999999467 ) ) ;
#2756 = DIRECTION ( 'NONE',  ( 0.7071067811865489050, 0.7071067811865462405, 0.0000000000000000000 ) ) ;
#2757 = ORIENTED_EDGE ( 'NONE', *, *, #1188, .F. ) ;
#2758 = FACE_OUTER_BOUND ( 'NONE', #3574, .T. ) ;
#2759 = EDGE_CURVE ( 'NONE', #2069, #2850, #4815, .T. ) ;
#2760 = SURFACE_STYLE_FILL_AREA ( #1267 ) ;
#2761 =( NAMED_UNIT ( * ) SI_UNIT ( $, .STERADIAN. ) SOLID_ANGLE_UNIT ( ) );
#2762 = PRESENTATION_STYLE_ASSIGNMENT (( #2812 ) ) ;
#2763 = UNCERTAINTY_MEASURE_WITH_UNIT (LENGTH_MEASURE( 1.000000000000000082E-05 ), #3522, 'distance_accuracy_value', 'NONE');
#2764 = AXIS2_PLACEMENT_3D ( 'NONE', #1746, #2134, #1130 ) ;
#2765 =( GEOMETRIC_REPRESENTATION_CONTEXT ( 3 ) GLOBAL_UNCERTAINTY_ASSIGNED_CONTEXT ( ( #3075 ) ) GLOBAL_UNIT_ASSIGNED_CONTEXT ( ( #1562, #2724, #1169 ) ) REPRESENTATION_CONTEXT ( 'NONE', 'WORKASPACE' ) );
#2766 = SURFACE_SIDE_STYLE ('',( #1673 ) ) ;
#2767 = FILL_AREA_STYLE ('',( #2465 ) ) ;
#2768 = CARTESIAN_POINT ( 'NONE',  ( -2.236166980751356839E-16, 0.9099999999999996980, -1.270000000000000240 ) ) ;
#2769 = DIRECTION ( 'NONE',  ( 1.000000000000000000, -0.0000000000000000000, 0.0000000000000000000 ) ) ;
#2770 = VECTOR ( 'NONE', #4136, 1000.000000000000000 ) ;
#2771 = EDGE_LOOP ( 'NONE', ( #1235, #2985, #4544, #3827 ) ) ;
#2772 = STYLED_ITEM ( 'NONE', ( #1606 ), #560 ) ;
#2773 = LINE ( 'NONE', #3957, #4069 ) ;
#2774 = EDGE_LOOP ( 'NONE', ( #2554, #1181, #1757, #4415 ) ) ;
#2775 = CARTESIAN_POINT ( 'NONE',  ( -5.080000000000000071, -1.400000000000001021, -0.9200000000000003730 ) ) ;
#2776 = ORIENTED_EDGE ( 'NONE', *, *, #1658, .T. ) ;
#2777 = VECTOR ( 'NONE', #37, 1000.000000000000000 ) ;
#2778 = CARTESIAN_POINT ( 'NONE',  ( -4.589999999999998970, 1.399999999999999467, 1.070000000000000506 ) ) ;
#2779 = ORIENTED_EDGE ( 'NONE', *, *, #449, .T. ) ;
#2780 = DIRECTION ( 'NONE',  ( 1.000000000000000000, 0.0000000000000000000, -0.0000000000000000000 ) ) ;
#2781 =( NAMED_UNIT ( * ) PLANE_ANGLE_UNIT ( ) SI_UNIT ( $, .RADIAN. ) );
#2782 = EDGE_CURVE ( 'NONE', #4464, #2169, #2856, .T. ) ;
#2783 = VERTEX_POINT ( 'NONE', #3606 ) ;
#2784 = MECHANICAL_DESIGN_GEOMETRIC_PRESENTATION_REPRESENTATION (  '', ( #785 ), #2939 ) ;
#2785 = DIRECTION ( 'NONE',  ( -1.000000000000000000, 0.0000000000000000000, -0.0000000000000000000 ) ) ;
#2786 = STYLED_ITEM ( 'NONE', ( #4031 ), #2281 ) ;
#2787 = CARTESIAN_POINT ( 'NONE',  ( 5.080000000000000071, -1.400000000000000133, 1.269999999999999574 ) ) ;
#2788 = ADVANCED_FACE ( 'NONE', ( #3179 ), #2832, .F. ) ;
#2789 = CARTESIAN_POINT ( 'NONE',  ( 5.080000000000000071, 1.399999999999999689, -1.069999999999999618 ) ) ;
#2790 = MECHANICAL_DESIGN_GEOMETRIC_PRESENTATION_REPRESENTATION (  '', ( #3590 ), #1036 ) ;
#2791 = PLANE ( 'NONE',  #942 ) ;
#2792 = LINE ( 'NONE', #4325, #4213 ) ;
#2793 = FACE_OUTER_BOUND ( 'NONE', #832, .T. ) ;
#2794 = DIRECTION ( 'NONE',  ( -0.0000000000000000000, 0.0000000000000000000, -1.000000000000000000 ) ) ;
#2795 = DIRECTION ( 'NONE',  ( 0.7071067811865489050, -0.7071067811865462405, 0.0000000000000000000 ) ) ;
#2796 = CARTESIAN_POINT ( 'NONE',  ( 5.080000000000000071, 1.399999999999999689, -0.3150000000000001688 ) ) ;
#2797 = LINE ( 'NONE', #3150, #4711 ) ;
#2798 = VERTEX_POINT ( 'NONE', #1382 ) ;
#2799 =( NAMED_UNIT ( * ) PLANE_ANGLE_UNIT ( ) SI_UNIT ( $, .RADIAN. ) );
#2800 = CARTESIAN_POINT ( 'NONE',  ( -2.973202674269900481, 1.343202674269900365, -1.238119048685103252 ) ) ;
#2801 = ORIENTED_EDGE ( 'NONE', *, *, #2596, .F. ) ;
#2802 = LINE ( 'NONE', #4615, #1166 ) ;
#2803 = STYLED_ITEM ( 'NONE', ( #3817 ), #3739 ) ;
#2804 = DIRECTION ( 'NONE',  ( -1.000000000000000000, 0.0000000000000000000, 2.427318296609338447E-16 ) ) ;
#2805 = CARTESIAN_POINT ( 'NONE',  ( 0.9550000000000000711, -1.146000000000000352, -0.3150000000000001132 ) ) ;
#2806 = EDGE_LOOP ( 'NONE', ( #964, #3282, #1569, #2757 ) ) ;
#2807 = DIRECTION ( 'NONE',  ( -0.0000000000000000000, 1.000000000000000000, 0.0000000000000000000 ) ) ;
#2808 = ORIENTED_EDGE ( 'NONE', *, *, #567, .F. ) ;
#2809 =( GEOMETRIC_REPRESENTATION_CONTEXT ( 3 ) GLOBAL_UNCERTAINTY_ASSIGNED_CONTEXT ( ( #4170 ) ) GLOBAL_UNIT_ASSIGNED_CONTEXT ( ( #2038, #3521, #4303 ) ) REPRESENTATION_CONTEXT ( 'NONE', 'WORKASPACE' ) );
#2810 = DIRECTION ( 'NONE',  ( 1.000000000000000000, 0.0000000000000000000, -0.0000000000000000000 ) ) ;
#2811 = DIRECTION ( 'NONE',  ( 1.000000000000000000, 0.0000000000000000000, -0.0000000000000000000 ) ) ;
#2812 = SURFACE_STYLE_USAGE ( .BOTH. , #891 ) ;
#2813 = STYLED_ITEM ( 'NONE', ( #2162 ), #4563 ) ;
#2814 = CARTESIAN_POINT ( 'NONE',  ( -0.3500000000000000333, -1.259999999999999787, -1.270000000000000240 ) ) ;
#2815 = EDGE_CURVE ( 'NONE', #4692, #2296, #2903, .T. ) ;
#2816 = CARTESIAN_POINT ( 'NONE',  ( 2.197117942725554940, 1.252882057274444572, -1.262882057274445025 ) ) ;
#2817 = AXIS2_PLACEMENT_3D ( 'NONE', #3227, #2811, #3999 ) ;
#2818 = CARTESIAN_POINT ( 'NONE',  ( 2.049999999999999378, 1.399999999999999467, 1.163653726294448409 ) ) ;
#2819 = EDGE_LOOP ( 'NONE', ( #1707, #108, #1788, #513, #2678, #456 ) ) ;
#2820 = UNCERTAINTY_MEASURE_WITH_UNIT (LENGTH_MEASURE( 1.000000000000000082E-05 ), #3875, 'distance_accuracy_value', 'NONE');
#2821 =( GEOMETRIC_REPRESENTATION_CONTEXT ( 3 ) GLOBAL_UNCERTAINTY_ASSIGNED_CONTEXT ( ( #2618 ) ) GLOBAL_UNIT_ASSIGNED_CONTEXT ( ( #1410, #4188, #1875 ) ) REPRESENTATION_CONTEXT ( 'NONE', 'WORKASPACE' ) );
#2822 = AXIS2_PLACEMENT_3D ( 'NONE', #1903, #1209, #105 ) ;
#2823 = EDGE_CURVE ( 'NONE', #3832, #3074, #1663, .T. ) ;
#2824 = AXIS2_PLACEMENT_3D ( 'NONE', #4063, #2807, #2436 ) ;
#2825 = AXIS2_PLACEMENT_3D ( 'NONE', #4475, #4845, #4801 ) ;
#2826 = ORIENTED_EDGE ( 'NONE', *, *, #139, .F. ) ;
#2827 = CARTESIAN_POINT ( 'NONE',  ( -0.4900000000000001021, -1.400000000000000133, 0.7700000000000001288 ) ) ;
#2828 = SURFACE_STYLE_USAGE ( .BOTH. , #4056 ) ;
#2829 = ORIENTED_EDGE ( 'NONE', *, *, #3960, .T. ) ;
#2830 = PRESENTATION_STYLE_ASSIGNMENT (( #1684 ) ) ;
#2831 = ORIENTED_EDGE ( 'NONE', *, *, #3837, .T. ) ;
#2832 = PLANE ( 'NONE',  #2067 ) ;
#2833 = SURFACE_SIDE_STYLE ('',( #1759 ) ) ;
#2834 = ORIENTED_EDGE ( 'NONE', *, *, #2650, .F. ) ;
#2835 = DIRECTION ( 'NONE',  ( 1.000000000000000000, 0.0000000000000000000, 0.0000000000000000000 ) ) ;
#2836 = CARTESIAN_POINT ( 'NONE',  ( 4.730000000000000426, 1.199999999999999734, 1.270000000000000240 ) ) ;
#2837 = CARTESIAN_POINT ( 'NONE',  ( -2.540000000000000480, 0.9099999999999995870, -1.270000000000000240 ) ) ;
#2838 = ORIENTED_EDGE ( 'NONE', *, *, #567, .T. ) ;
#2839 =( LENGTH_UNIT ( ) NAMED_UNIT ( * ) SI_UNIT ( .MILLI., .METRE. ) );
#2840 = FILL_AREA_STYLE_COLOUR ( '', #4380 ) ;
#2841 = CARTESIAN_POINT ( 'NONE',  ( -1.584999999999999964, -1.400000000000001021, -0.3150000000000001132 ) ) ;
#2842 = EDGE_CURVE ( 'NONE', #1222, #2190, #3582, .T. ) ;
#2843 = SURFACE_STYLE_USAGE ( .BOTH. , #3167 ) ;
#2844 = MECHANICAL_DESIGN_GEOMETRIC_PRESENTATION_REPRESENTATION (  '', ( #3726 ), #4375 ) ;
#2845 = ORIENTED_EDGE ( 'NONE', *, *, #2857, .T. ) ;
#2846 = ADVANCED_FACE ( 'NONE', ( #1687 ), #934, .F. ) ;
#2847 = CARTESIAN_POINT ( 'NONE',  ( 5.080000000000000071, 1.399999999999999689, -0.3150000000000001688 ) ) ;
#2848 =( GEOMETRIC_REPRESENTATION_CONTEXT ( 3 ) GLOBAL_UNCERTAINTY_ASSIGNED_CONTEXT ( ( #3621 ) ) GLOBAL_UNIT_ASSIGNED_CONTEXT ( ( #42, #3097, #762 ) ) REPRESENTATION_CONTEXT ( 'NONE', 'WORKASPACE' ) );
#2849 = VECTOR ( 'NONE', #789, 1000.000000000000000 ) ;
#2850 = VERTEX_POINT ( 'NONE', #4180 ) ;
#2851 = FILL_AREA_STYLE ('',( #170 ) ) ;
#2852 = AXIS2_PLACEMENT_3D ( 'NONE', #784, #2712, #1085 ) ;
#2853 = FILL_AREA_STYLE ('',( #4414 ) ) ;
#2854 = ORIENTED_EDGE ( 'NONE', *, *, #1506, .F. ) ;
#2855 = VECTOR ( 'NONE', #63, 1000.000000000000000 ) ;
#2856 = LINE ( 'NONE', #4392, #402 ) ;
#2857 = EDGE_CURVE ( 'NONE', #118, #1743, #3781, .T. ) ;
#2858 = EDGE_LOOP ( 'NONE', ( #694, #597, #3247, #1324 ) ) ;
#2859 = DIRECTION ( 'NONE',  ( 1.000000000000000000, 0.0000000000000000000, -0.0000000000000000000 ) ) ;
#2860 = VECTOR ( 'NONE', #3836, 1000.000000000000000 ) ;
#2861 = CARTESIAN_POINT ( 'NONE',  ( -4.737117942725556752, 1.252882057274442351, -1.262882057274445469 ) ) ;
#2862 = ORIENTED_EDGE ( 'NONE', *, *, #4922, .T. ) ;
#2863 = SURFACE_SIDE_STYLE ('',( #3613 ) ) ;
#2864 = MECHANICAL_DESIGN_GEOMETRIC_PRESENTATION_REPRESENTATION (  '', ( #3415 ), #1430 ) ;
#2865 = DIRECTION ( 'NONE',  ( -0.5773502691896256200, -0.5773502691896235106, -0.5773502691896282846 ) ) ;
#2866 = DIRECTION ( 'NONE',  ( 0.0000000000000000000, 1.548860246407863583E-16, -1.000000000000000000 ) ) ;
#2867 = SURFACE_STYLE_USAGE ( .BOTH. , #2092 ) ;
#2868 = PRESENTATION_LAYER_ASSIGNMENT (  '', '', ( #3424 ) ) ;
#2869 = LINE ( 'NONE', #2519, #4054 ) ;
#2870 = EDGE_CURVE ( 'NONE', #872, #3222, #1403, .T. ) ;
#2871 = DIRECTION ( 'NONE',  ( -1.618212197739558882E-16, 0.0000000000000000000, -1.000000000000000000 ) ) ;
#2872 = ORIENTED_EDGE ( 'NONE', *, *, #553, .T. ) ;
#2873 = FACE_OUTER_BOUND ( 'NONE', #1320, .T. ) ;
#2874 = VECTOR ( 'NONE', #759, 1000.000000000000000 ) ;
#2875 = EDGE_CURVE ( 'NONE', #3749, #2941, #1432, .T. ) ;
#2876 = FILL_AREA_STYLE ('',( #2550 ) ) ;
#2877 = COLOUR_RGB ( '',0.1019607843137254888, 0.1019607843137254888, 0.1019607843137254888 ) ;
#2878 = CARTESIAN_POINT ( 'NONE',  ( -2.190000000000002611, 1.217892925670840398, 1.270000000000000018 ) ) ;
#2879 = EDGE_LOOP ( 'NONE', ( #845, #2230, #1966, #4883, #521, #245 ) ) ;
#2880 = DIRECTION ( 'NONE',  ( 1.820488722457007780E-16, 1.051059653967226806E-16, 1.000000000000000000 ) ) ;
#2881 = DIRECTION ( 'NONE',  ( 0.0000000000000000000, -1.000000000000000000, -1.548860246407863583E-16 ) ) ;
#2882 = ORIENTED_EDGE ( 'NONE', *, *, #900, .T. ) ;
#2883 = SURFACE_STYLE_USAGE ( .BOTH. , #2530 ) ;
#2884 = SURFACE_SIDE_STYLE ('',( #4042 ) ) ;
#2885 = ADVANCED_FACE ( 'NONE', ( #1873 ), #4858, .T. ) ;
#2886 = ORIENTED_EDGE ( 'NONE', *, *, #2115, .F. ) ;
#2887 =( NAMED_UNIT ( * ) PLANE_ANGLE_UNIT ( ) SI_UNIT ( $, .RADIAN. ) );
#2888 = VECTOR ( 'NONE', #707, 1000.000000000000000 ) ;
#2889 = LINE ( 'NONE', #2562, #2207 ) ;
#2890 = DIRECTION ( 'NONE',  ( 0.0000000000000000000, -0.0000000000000000000, 1.000000000000000000 ) ) ;
#2891 =( NAMED_UNIT ( * ) PLANE_ANGLE_UNIT ( ) SI_UNIT ( $, .RADIAN. ) );
#2892 = MECHANICAL_DESIGN_GEOMETRIC_PRESENTATION_REPRESENTATION (  '', ( #2247 ), #2174 ) ;
#2893 = CARTESIAN_POINT ( 'NONE',  ( -4.589999999999998970, 1.399999999999999467, 1.070000000000000506 ) ) ;
#2894 =( BOUNDED_CURVE ( )  B_SPLINE_CURVE ( 3, ( #1916, #4609, #373, #4174 ),
 .UNSPECIFIED., .F., .T. ) 
 B_SPLINE_CURVE_WITH_KNOTS ( ( 4, 4 ),
 ( 3.141592653589793116, 4.444796585246906240 ),
 .UNSPECIFIED. ) 
 CURVE ( )  GEOMETRIC_REPRESENTATION_ITEM ( )  RATIONAL_B_SPLINE_CURVE ( ( 1.000000000000000000, 0.8634088596862001808, 0.8634088596862001808, 1.000000000000000000 ) ) 
 REPRESENTATION_ITEM ( '' )  );
#2895 =( REPRESENTATION_RELATIONSHIP ('NONE','NONE', #4282, #4593 ) REPRESENTATION_RELATIONSHIP_WITH_TRANSFORMATION ( #3447 )SHAPE_REPRESENTATION_RELATIONSHIP( ) );
#2896 = ORIENTED_EDGE ( 'NONE', *, *, #4135, .T. ) ;
#2897 = AXIS2_PLACEMENT_3D ( 'NONE', #2009, #1928, #4671 ) ;
#2898 = LINE ( 'NONE', #1709, #1605 ) ;
#2899 = DIRECTION ( 'NONE',  ( -1.000000000000000000, 0.0000000000000000000, 0.0000000000000000000 ) ) ;
#2900 = DIRECTION ( 'NONE',  ( -0.0000000000000000000, -1.000000000000000000, -0.0000000000000000000 ) ) ;
#2901 = CARTESIAN_POINT ( 'NONE',  ( 5.080000000000000071, 1.399999999999999689, -1.269999999999999796 ) ) ;
#2902 = EDGE_LOOP ( 'NONE', ( #2240, #470, #800, #3272, #483, #809 ) ) ;
#2903 = LINE ( 'NONE', #1306, #2945 ) ;
#2904 = ORIENTED_EDGE ( 'NONE', *, *, #3350, .T. ) ;
#2905 = EDGE_CURVE ( 'NONE', #2196, #2407, #4115, .T. ) ;
#2906 = ORIENTED_EDGE ( 'NONE', *, *, #3732, .T. ) ;
#2907 = SURFACE_STYLE_FILL_AREA ( #1791 ) ;
#2908 = ADVANCED_FACE ( 'NONE', ( #1827 ), #3340, .F. ) ;
#2909 =( LENGTH_UNIT ( ) NAMED_UNIT ( * ) SI_UNIT ( .MILLI., .METRE. ) );
#2910 =( LENGTH_UNIT ( ) NAMED_UNIT ( * ) SI_UNIT ( .MILLI., .METRE. ) );
#2911 = FACE_OUTER_BOUND ( 'NONE', #536, .T. ) ;
#2912 = SURFACE_STYLE_FILL_AREA ( #4826 ) ;
#2913 = ORIENTED_EDGE ( 'NONE', *, *, #4288, .T. ) ;
#2914 = UNCERTAINTY_MEASURE_WITH_UNIT (LENGTH_MEASURE( 1.000000000000000082E-05 ), #1087, 'distance_accuracy_value', 'NONE');
#2915 = CARTESIAN_POINT ( 'NONE',  ( -0.3428820572744452067, 1.252882057274445238, 1.262882057274445025 ) ) ;
#2916 = LINE ( 'NONE', #1678, #169 ) ;
#2917 = ORIENTED_EDGE ( 'NONE', *, *, #346, .F. ) ;
#2918 = SURFACE_SIDE_STYLE ('',( #356 ) ) ;
#2919 = DIRECTION ( 'NONE',  ( 0.0000000000000000000, 0.0000000000000000000, 1.000000000000000000 ) ) ;
#2920 = VECTOR ( 'NONE', #227, 1000.000000000000000 ) ;
#2921 = MECHANICAL_DESIGN_GEOMETRIC_PRESENTATION_REPRESENTATION (  '', ( #2120 ), #768 ) ;
#2922 =( NAMED_UNIT ( * ) SI_UNIT ( $, .STERADIAN. ) SOLID_ANGLE_UNIT ( ) );
#2923 = DIRECTION ( 'NONE',  ( 0.0000000000000000000, -1.548860246407863583E-16, 1.000000000000000000 ) ) ;
#2924 = ORIENTED_EDGE ( 'NONE', *, *, #2431, .F. ) ;
#2925 =( LENGTH_UNIT ( ) NAMED_UNIT ( * ) SI_UNIT ( .MILLI., .METRE. ) );
#2926 = EDGE_LOOP ( 'NONE', ( #1885, #1032, #3605, #4339 ) ) ;
#2927 = AXIS2_PLACEMENT_3D ( 'NONE', #159, #4003, #3544 ) ;
#2928 = SURFACE_STYLE_USAGE ( .BOTH. , #966 ) ;
#2929 = PRESENTATION_LAYER_ASSIGNMENT (  '', '', ( #156 ) ) ;
#2930 =( NAMED_UNIT ( * ) SI_UNIT ( $, .STERADIAN. ) SOLID_ANGLE_UNIT ( ) );
#2931 = VECTOR ( 'NONE', #1863, 1000.000000000000000 ) ;
#2932 = ORIENTED_EDGE ( 'NONE', *, *, #794, .T. ) ;
#2933 = EDGE_CURVE ( 'NONE', #4040, #1222, #2346, .T. ) ;
#2934 = DIRECTION ( 'NONE',  ( 0.0000000000000000000, -0.0000000000000000000, 1.000000000000000000 ) ) ;
#2935 = FACE_OUTER_BOUND ( 'NONE', #717, .T. ) ;
#2936 = PRESENTATION_LAYER_ASSIGNMENT (  '', '', ( #4540 ) ) ;
#2937 = EDGE_CURVE ( 'NONE', #1689, #971, #4665, .T. ) ;
#2938 =( LENGTH_UNIT ( ) NAMED_UNIT ( * ) SI_UNIT ( .MILLI., .METRE. ) );
#2939 =( GEOMETRIC_REPRESENTATION_CONTEXT ( 3 ) GLOBAL_UNCERTAINTY_ASSIGNED_CONTEXT ( ( #4223 ) ) GLOBAL_UNIT_ASSIGNED_CONTEXT ( ( #1006, #723, #1119 ) ) REPRESENTATION_CONTEXT ( 'NONE', 'WORKASPACE' ) );
#2940 = DIRECTION ( 'NONE',  ( 0.0000000000000000000, -0.0000000000000000000, 1.000000000000000000 ) ) ;
#2941 = VERTEX_POINT ( 'NONE', #3806 ) ;
#2942 = PRESENTATION_LAYER_ASSIGNMENT (  '', '', ( #550 ) ) ;
#2943 = ORIENTED_EDGE ( 'NONE', *, *, #1688, .F. ) ;
#2944 =( NAMED_UNIT ( * ) PLANE_ANGLE_UNIT ( ) SI_UNIT ( $, .RADIAN. ) );
#2945 = VECTOR ( 'NONE', #149, 1000.000000000000000 ) ;
#2946 = PLANE ( 'NONE',  #3183 ) ;
#2947 = ORIENTED_EDGE ( 'NONE', *, *, #2591, .T. ) ;
#2948 = SURFACE_SIDE_STYLE ('',( #3677 ) ) ;
#2949 = DIRECTION ( 'NONE',  ( 1.000000000000000000, 0.0000000000000000000, 0.0000000000000000000 ) ) ;
#2950 = ORIENTED_EDGE ( 'NONE', *, *, #2937, .T. ) ;
#2951 = CARTESIAN_POINT ( 'NONE',  ( -0.4900000000000008793, -1.400000000000000799, -1.270000000000000240 ) ) ;
#2952 = ORIENTED_EDGE ( 'NONE', *, *, #442, .F. ) ;
#2953 =( NAMED_UNIT ( * ) PLANE_ANGLE_UNIT ( ) SI_UNIT ( $, .RADIAN. ) );
#2954 = EDGE_CURVE ( 'NONE', #2617, #3553, #3129, .T. ) ;
#2955 = SURFACE_STYLE_USAGE ( .BOTH. , #4355 ) ;
#2956 = CARTESIAN_POINT ( 'NONE',  ( 0.9550000000000000711, -1.146000000000000352, 0.3149999999999998912 ) ) ;
#2957 = FACE_OUTER_BOUND ( 'NONE', #3157, .T. ) ;
#2958 =( GEOMETRIC_REPRESENTATION_CONTEXT ( 3 ) GLOBAL_UNCERTAINTY_ASSIGNED_CONTEXT ( ( #713 ) ) GLOBAL_UNIT_ASSIGNED_CONTEXT ( ( #914, #4792, #4417 ) ) REPRESENTATION_CONTEXT ( 'NONE', 'WORKASPACE' ) );
#2959 = UNCERTAINTY_MEASURE_WITH_UNIT (LENGTH_MEASURE( 1.000000000000000082E-05 ), #3487, 'distance_accuracy_value', 'NONE');
#2960 = EDGE_CURVE ( 'NONE', #1753, #136, #4261, .T. ) ;
#2961 = COLOUR_RGB ( '',0.1019607843137254888, 0.1019607843137254888, 0.1019607843137254888 ) ;
#2962 = DIRECTION ( 'NONE',  ( 0.5773502691896253980, -0.5773502691896235106, -0.5773502691896285066 ) ) ;
#2963 = ORIENTED_EDGE ( 'NONE', *, *, #1347, .F. ) ;
#2964 = ORIENTED_EDGE ( 'NONE', *, *, #3934, .F. ) ;
#2965 = DIRECTION ( 'NONE',  ( 1.000000000000000000, 0.0000000000000000000, -0.0000000000000000000 ) ) ;
#2966 = COLOUR_RGB ( '',0.1019607843137254888, 0.1019607843137254888, 0.1019607843137254888 ) ;
#2967 = EDGE_CURVE ( 'NONE', #2558, #4520, #4642, .T. ) ;
#2968 = CARTESIAN_POINT ( 'NONE',  ( -0.7071067811865475727, -1.400000000000001021, 1.627106781186546725 ) ) ;
#2969 = CARTESIAN_POINT ( 'NONE',  ( 0.4900000000000026001, -1.400000000000000577, -1.270000000000000240 ) ) ;
#2970 = COLOUR_RGB ( '',0.1019607843137254888, 0.1019607843137254888, 0.1019607843137254888 ) ;
#2971 = ORIENTED_EDGE ( 'NONE', *, *, #3299, .T. ) ;
#2972 = SURFACE_SIDE_STYLE ('',( #2598 ) ) ;
#2973 = CARTESIAN_POINT ( 'NONE',  ( 0.0000000000000000000, -1.146000000000000352, -0.7700000000000000178 ) ) ;
#2974 = FILL_AREA_STYLE ('',( #1055 ) ) ;
#2975 = CARTESIAN_POINT ( 'NONE',  ( 5.080000000000000071, 1.399999999999999689, 1.070000000000000284 ) ) ;
#2976 = STYLED_ITEM ( 'NONE', ( #1802 ), #4518 ) ;
#2977 = SURFACE_STYLE_USAGE ( .BOTH. , #756 ) ;
#2978 = PRODUCT_DEFINITION_SHAPE ( 'NONE', 'NONE',  #4937 ) ;
#2979 =( LENGTH_UNIT ( ) NAMED_UNIT ( * ) SI_UNIT ( .MILLI., .METRE. ) );
#2980 = SURFACE_STYLE_USAGE ( .BOTH. , #679 ) ;
#2981 = LINE ( 'NONE', #347, #2777 ) ;
#2982 = FACE_OUTER_BOUND ( 'NONE', #1003, .T. ) ;
#2983 = CARTESIAN_POINT ( 'NONE',  ( -2.192386869124893334, 1.235625935704189660, -1.267613130875109517 ) ) ;
#2984 = SURFACE_STYLE_USAGE ( .BOTH. , #2099 ) ;
#2985 = ORIENTED_EDGE ( 'NONE', *, *, #4321, .T. ) ;
#2986 = ADVANCED_FACE ( 'NONE', ( #3477 ), #749, .T. ) ;
#2987 = ORIENTED_EDGE ( 'NONE', *, *, #4017, .F. ) ;
#2988 = DIRECTION ( 'NONE',  ( 0.0000000000000000000, -0.0000000000000000000, 1.000000000000000000 ) ) ;
#2989 = FILL_AREA_STYLE ('',( #4853 ) ) ;
#2990 = FILL_AREA_STYLE_COLOUR ( '', #92 ) ;
#2991 = EDGE_CURVE ( 'NONE', #237, #4040, #2387, .T. ) ;
#2992 = VERTEX_POINT ( 'NONE', #78 ) ;
#2993 = FILL_AREA_STYLE ('',( #3369 ) ) ;
#2994 = CARTESIAN_POINT ( 'NONE',  ( 4.729999999999997762, -1.260000000000001563, 1.269999999999999574 ) ) ;
#2995 = DIRECTION ( 'NONE',  ( 0.0000000000000000000, 0.0000000000000000000, 1.000000000000000000 ) ) ;
#2996 = EDGE_CURVE ( 'NONE', #3112, #4520, #100, .T. ) ;
#2997 = VECTOR ( 'NONE', #1349, 1000.000000000000000 ) ;
#2998 = ORIENTED_EDGE ( 'NONE', *, *, #4010, .F. ) ;
#2999 = PRESENTATION_STYLE_ASSIGNMENT (( #1518 ) ) ;
#3000 = VECTOR ( 'NONE', #1114, 1000.000000000000000 ) ;
#3001 = DIRECTION ( 'NONE',  ( -0.0000000000000000000, 1.000000000000000000, 0.0000000000000000000 ) ) ;
#3002 =( GEOMETRIC_REPRESENTATION_CONTEXT ( 3 ) GLOBAL_UNCERTAINTY_ASSIGNED_CONTEXT ( ( #1583 ) ) GLOBAL_UNIT_ASSIGNED_CONTEXT ( ( #2909, #659, #2539 ) ) REPRESENTATION_CONTEXT ( 'NONE', 'WORKASPACE' ) );
#3003 = CARTESIAN_POINT ( 'NONE',  ( 5.080000000000000071, -1.400000000000000133, -0.7700000000000000178 ) ) ;
#3004 =( NAMED_UNIT ( * ) PLANE_ANGLE_UNIT ( ) SI_UNIT ( $, .RADIAN. ) );
#3005 = FILL_AREA_STYLE_COLOUR ( '', #4085 ) ;
#3006 = COLOUR_RGB ( '',0.9686274509803921573, 0.8784313725490195957, 0.5999999999999999778 ) ;
#3007 = UNCERTAINTY_MEASURE_WITH_UNIT (LENGTH_MEASURE( 1.000000000000000082E-05 ), #4831, 'distance_accuracy_value', 'NONE');
#3008 = SURFACE_SIDE_STYLE ('',( #4249 ) ) ;
#3009 = STYLED_ITEM ( 'NONE', ( #959 ), #1990 ) ;
#3010 = LINE ( 'NONE', #4553, #619 ) ;
#3011 = VERTEX_POINT ( 'NONE', #1419 ) ;
#3012 = UNCERTAINTY_MEASURE_WITH_UNIT (LENGTH_MEASURE( 1.000000000000000082E-05 ), #4155, 'distance_accuracy_value', 'NONE');
#3013 = EDGE_LOOP ( 'NONE', ( #3202, #4569, #3505, #2834, #3071, #1947 ) ) ;
#3014 = COLOUR_RGB ( '',0.9686274509803921573, 0.8784313725490195957, 0.5999999999999999778 ) ;
#3015 =( NAMED_UNIT ( * ) SI_UNIT ( $, .STERADIAN. ) SOLID_ANGLE_UNIT ( ) );
#3016 = PLANE ( 'NONE',  #4128 ) ;
#3017 = EDGE_CURVE ( 'NONE', #1651, #1715, #2472, .T. ) ;
#3018 = COLOUR_RGB ( '',0.1019607843137254888, 0.1019607843137254888, 0.1019607843137254888 ) ;
#3019 = CARTESIAN_POINT ( 'NONE',  ( -0.9549999999999997380, -1.146000000000000352, -0.3150000000000001132 ) ) ;
#3020 = ORIENTED_EDGE ( 'NONE', *, *, #2815, .T. ) ;
#3021 =( LENGTH_UNIT ( ) NAMED_UNIT ( * ) SI_UNIT ( .MILLI., .METRE. ) );
#3022 =( NAMED_UNIT ( * ) SI_UNIT ( $, .STERADIAN. ) SOLID_ANGLE_UNIT ( ) );
#3023 = COLOUR_RGB ( '',0.1019607843137254888, 0.1019607843137254888, 0.1019607843137254888 ) ;
#3024 = ADVANCED_FACE ( 'NONE', ( #3307 ), #1277, .T. ) ;
#3025 = SURFACE_STYLE_FILL_AREA ( #3343 ) ;
#3026 = LINE ( 'NONE', #700, #1983 ) ;
#3027 = STYLED_ITEM ( 'NONE', ( #3079 ), #2986 ) ;
#3028 = CARTESIAN_POINT ( 'NONE',  ( -0.3350000000000000755, 0.3464101615137764600, -0.3350000000000001310 ) ) ;
#3029 = VERTEX_POINT ( 'NONE', #4713 ) ;
#3030 = EDGE_CURVE ( 'NONE', #3285, #3107, #1040, .T. ) ;
#3031 = VECTOR ( 'NONE', #477, 1000.000000000000000 ) ;
#3032 = SURFACE_STYLE_FILL_AREA ( #2331 ) ;
#3033 = FILL_AREA_STYLE_COLOUR ( '', #1249 ) ;
#3034 = CARTESIAN_POINT ( 'NONE',  ( 0.9550000000000000711, -1.146000000000000352, -0.3150000000000001132 ) ) ;
#3035 = SURFACE_STYLE_FILL_AREA ( #1156 ) ;
#3036 = STYLED_ITEM ( 'NONE', ( #841 ), #3426 ) ;
#3037 = SURFACE_STYLE_FILL_AREA ( #2686 ) ;
#3038 = DIRECTION ( 'NONE',  ( -0.0000000000000000000, -0.0000000000000000000, -1.000000000000000000 ) ) ;
#3039 = STYLED_ITEM ( 'NONE', ( #186 ), #3620 ) ;
#3040 = DIRECTION ( 'NONE',  ( -1.000000000000000000, -0.0000000000000000000, -0.0000000000000000000 ) ) ;
#3041 = ORIENTED_EDGE ( 'NONE', *, *, #1956, .T. ) ;
#3042 = DIRECTION ( 'NONE',  ( 0.0000000000000000000, 1.000000000000000000, -0.0000000000000000000 ) ) ;
#3043 = ORIENTED_EDGE ( 'NONE', *, *, #1264, .T. ) ;
#3044 = PRESENTATION_LAYER_ASSIGNMENT (  '', '', ( #4660 ) ) ;
#3045 = SURFACE_SIDE_STYLE ('',( #1141 ) ) ;
#3046 = FILL_AREA_STYLE_COLOUR ( '', #1493 ) ;
#3047 = CARTESIAN_POINT ( 'NONE',  ( 1.832893218813452130, -1.400000000000001021, 1.627106781186546725 ) ) ;
#3048 = VERTEX_POINT ( 'NONE', #663 ) ;
#3049 = STYLED_ITEM ( 'NONE', ( #764 ), #4299 ) ;
#3050 = FILL_AREA_STYLE_COLOUR ( '', #2469 ) ;
#3051 = SURFACE_STYLE_FILL_AREA ( #3883 ) ;
#3053 = CARTESIAN_POINT ( 'NONE',  ( -2.049999999999998490, -1.399999999999999911, 1.270000000000000240 ) ) ;
#3052 = PRESENTATION_LAYER_ASSIGNMENT (  '', '', ( #2247 ) ) ;
#3054 = CARTESIAN_POINT ( 'NONE',  ( -4.589999999999997193, -1.400000000000001021, -0.7700000000000000178 ) ) ;
#3055 = EDGE_CURVE ( 'NONE', #136, #1797, #2404, .T. ) ;
#3056 = ORIENTED_EDGE ( 'NONE', *, *, #3709, .F. ) ;
#3057 = CARTESIAN_POINT ( 'NONE',  ( -2.890000000000001013, 1.199999999999999734, -1.269999999999999796 ) ) ;
#3058 = COLOUR_RGB ( '',0.1019607843137254888, 0.1019607843137254888, 0.1019607843137254888 ) ;
#3059 = MECHANICAL_DESIGN_GEOMETRIC_PRESENTATION_REPRESENTATION (  '', ( #4427 ), #2658 ) ;
#3060 = CARTESIAN_POINT ( 'NONE',  ( 2.189999999999999059, 1.199999999999999734, 1.270000000000000240 ) ) ;
#3061 = FILL_AREA_STYLE_COLOUR ( '', #4137 ) ;
#3062 = FILL_AREA_STYLE ('',( #1548 ) ) ;
#3063 = MECHANICAL_DESIGN_GEOMETRIC_PRESENTATION_REPRESENTATION (  '', ( #1789 ), #1473 ) ;
#3064 = VECTOR ( 'NONE', #4460, 1000.000000000000000 ) ;
#3065 = DIRECTION ( 'NONE',  ( -0.0000000000000000000, -0.0000000000000000000, -1.000000000000000000 ) ) ;
#3066 = ADVANCED_FACE ( 'NONE', ( #1321 ), #3193, .F. ) ;
#3067 = FILL_AREA_STYLE ('',( #4169 ) ) ;
#3068 = UNCERTAINTY_MEASURE_WITH_UNIT (LENGTH_MEASURE( 1.000000000000000082E-05 ), #4036, 'distance_accuracy_value', 'NONE');
#3069 = DIRECTION ( 'NONE',  ( 1.000000000000000000, 0.0000000000000000000, 0.0000000000000000000 ) ) ;
#3070 = PRODUCT_DEFINITION_SHAPE ( 'NONE', 'NONE',  #4938 ) ;
#3071 = ORIENTED_EDGE ( 'NONE', *, *, #4662, .F. ) ;
#3072 = FILL_AREA_STYLE ('',( #4657 ) ) ;
#3073 = LINE ( 'NONE', #15, #1054 ) ;
#3074 = VERTEX_POINT ( 'NONE', #2827 ) ;
#3075 = UNCERTAINTY_MEASURE_WITH_UNIT (LENGTH_MEASURE( 1.000000000000000082E-05 ), #1562, 'distance_accuracy_value', 'NONE');
#3076 = SURFACE_STYLE_USAGE ( .BOTH. , #3337 ) ;
#3077 = SURFACE_STYLE_USAGE ( .BOTH. , #1653 ) ;
#3078 = ORIENTED_EDGE ( 'NONE', *, *, #741, .F. ) ;
#3079 = PRESENTATION_STYLE_ASSIGNMENT (( #2672 ) ) ;
#3080 = DIRECTION ( 'NONE',  ( 1.000000000000000000, 0.0000000000000000000, 0.0000000000000000000 ) ) ;
#3081 = LINE ( 'NONE', #774, #1273 ) ;
#3082 = CARTESIAN_POINT ( 'NONE',  ( -0.3500000000000002554, 1.199999999999999734, -1.269999999999999796 ) ) ;
#3083 = CARTESIAN_POINT ( 'NONE',  ( -4.730000000000000426, 1.399999999999999689, -1.269999999999999796 ) ) ;
#3084 = FACE_OUTER_BOUND ( 'NONE', #3676, .T. ) ;
#3085 = VERTEX_POINT ( 'NONE', #4359 ) ;
#3086 = PRESENTATION_LAYER_ASSIGNMENT (  '', '', ( #76 ) ) ;
#3087 = FACE_OUTER_BOUND ( 'NONE', #1, .T. ) ;
#3088 = ADVANCED_FACE ( 'NONE', ( #2449 ), #4387, .F. ) ;
#3089 =( BOUNDED_CURVE ( )  B_SPLINE_CURVE ( 3, ( #2893, #3693, #2590, #2568 ),
 .UNSPECIFIED., .F., .T. ) 
 B_SPLINE_CURVE_WITH_KNOTS ( ( 4, 4 ),
 ( 3.141592653589794004, 4.444796585246900023 ),
 .UNSPECIFIED. ) 
 CURVE ( )  GEOMETRIC_REPRESENTATION_ITEM ( )  RATIONAL_B_SPLINE_CURVE ( ( 1.000000000000000000, 0.8634088596862016241, 0.8634088596862016241, 1.000000000000000000 ) ) 
 REPRESENTATION_ITEM ( '' )  );
#3090 = PRESENTATION_LAYER_ASSIGNMENT (  '', '', ( #4374 ) ) ;
#3091 =( GEOMETRIC_REPRESENTATION_CONTEXT ( 3 ) GLOBAL_UNCERTAINTY_ASSIGNED_CONTEXT ( ( #2317 ) ) GLOBAL_UNIT_ASSIGNED_CONTEXT ( ( #3233, #523, #927 ) ) REPRESENTATION_CONTEXT ( 'NONE', 'WORKASPACE' ) );
#3092 = PLANE ( 'NONE',  #1204 ) ;
#3093 = STYLED_ITEM ( 'NONE', ( #984 ), #1238 ) ;
#3094 = COLOUR_RGB ( '',0.1019607843137254888, 0.1019607843137254888, 0.1019607843137254888 ) ;
#3095 = LINE ( 'NONE', #1575, #1586 ) ;
#3096 = EDGE_CURVE ( 'NONE', #631, #3553, #4604, .T. ) ;
#3097 =( NAMED_UNIT ( * ) PLANE_ANGLE_UNIT ( ) SI_UNIT ( $, .RADIAN. ) );
#3098 = ORIENTED_EDGE ( 'NONE', *, *, #842, .T. ) ;
#3099 = PRESENTATION_LAYER_ASSIGNMENT (  '', '', ( #3408 ) ) ;
#3100 = DIRECTION ( 'NONE',  ( -1.000000000000000000, 0.0000000000000000000, -0.0000000000000000000 ) ) ;
#3101 = DIRECTION ( 'NONE',  ( 1.000000000000000000, 0.0000000000000000000, -0.0000000000000000000 ) ) ;
#3102 = VERTEX_POINT ( 'NONE', #9 ) ;
#3103 = MECHANICAL_DESIGN_GEOMETRIC_PRESENTATION_REPRESENTATION (  '', ( #4540 ), #866 ) ;
#3104 = EDGE_CURVE ( 'NONE', #4656, #772, #396, .T. ) ;
#3105 = SURFACE_STYLE_FILL_AREA ( #1587 ) ;
#3106 = STYLED_ITEM ( 'NONE', ( #829 ), #2224 ) ;
#3107 = VERTEX_POINT ( 'NONE', #2638 ) ;
#3108 = CARTESIAN_POINT ( 'NONE',  ( -4.732386869124893813, 1.235625935704190548, 1.267613130875109517 ) ) ;
#3109 = DIRECTION ( 'NONE',  ( 0.0000000000000000000, 0.0000000000000000000, 1.000000000000000000 ) ) ;
#3110 = DIRECTION ( 'NONE',  ( 1.000000000000000000, 0.0000000000000000000, 0.0000000000000000000 ) ) ;
#3111 = SURFACE_STYLE_USAGE ( .BOTH. , #3135 ) ;
#3112 = VERTEX_POINT ( 'NONE', #2661 ) ;
#3113 = VECTOR ( 'NONE', #3362, 1000.000000000000000 ) ;
#3114 = FILL_AREA_STYLE_COLOUR ( '', #2722 ) ;
#3115 = AXIS2_PLACEMENT_3D ( 'NONE', #1781, #4154, #4490 ) ;
#3116 = CARTESIAN_POINT ( 'NONE',  ( -0.3349999999999999090, 12.35358983848622216, 0.3349999999999999090 ) ) ;
#3117 = FILL_AREA_STYLE ('',( #1600 ) ) ;
#3118 = UNCERTAINTY_MEASURE_WITH_UNIT (LENGTH_MEASURE( 1.000000000000000082E-05 ), #2910, 'distance_accuracy_value', 'NONE');
#3119 = EDGE_CURVE ( 'NONE', #4229, #2456, #3847, .T. ) ;
#3120 = CARTESIAN_POINT ( 'NONE',  ( 4.372893218813453942, 1.617106781186547160, -1.270000000000000240 ) ) ;
#3121 = SURFACE_STYLE_FILL_AREA ( #3384 ) ;
#3122 = ORIENTED_EDGE ( 'NONE', *, *, #4295, .T. ) ;
#3123 = VERTEX_POINT ( 'NONE', #787 ) ;
#3124 = UNCERTAINTY_MEASURE_WITH_UNIT (LENGTH_MEASURE( 1.000000000000000082E-05 ), #2242, 'distance_accuracy_value', 'NONE');
#3125 = EDGE_CURVE ( 'NONE', #2525, #2190, #1157, .T. ) ;
#3126 = DIRECTION ( 'NONE',  ( -0.0000000000000000000, -0.0000000000000000000, 1.000000000000000000 ) ) ;
#3127 = VECTOR ( 'NONE', #2795, 1000.000000000000000 ) ;
#3128 = ORIENTED_EDGE ( 'NONE', *, *, #4022, .F. ) ;
#3129 = LINE ( 'NONE', #1201, #4401 ) ;
#3130 = ITEM_DEFINED_TRANSFORMATION ( 'NONE', 'NONE', #592,  #3700 ) ;
#3131 = ADVANCED_FACE ( 'NONE', ( #2310 ), #2257, .T. ) ;
#3132 = MANIFOLD_SOLID_BREP ( 'Imported1', #2036 ) ;
#3133 = FACE_OUTER_BOUND ( 'NONE', #2666, .T. ) ;
#3134 = CARTESIAN_POINT ( 'NONE',  ( 4.125000000000000000, 1.399999999999999689, 0.3149999999999999467 ) ) ;
#3135 = SURFACE_SIDE_STYLE ('',( #58 ) ) ;
#3136 = EDGE_LOOP ( 'NONE', ( #994, #1872, #4648, #1437, #178, #339 ) ) ;
#3137 =( LENGTH_UNIT ( ) NAMED_UNIT ( * ) SI_UNIT ( .MILLI., .METRE. ) );
#3138 =( NAMED_UNIT ( * ) SI_UNIT ( $, .STERADIAN. ) SOLID_ANGLE_UNIT ( ) );
#3139 = AXIS2_PLACEMENT_3D ( 'NONE', #4142, #3818, #1065 ) ;
#3140 = CARTESIAN_POINT ( 'NONE',  ( 1.585000000000000409, -1.400000000000001021, -0.3150000000000001132 ) ) ;
#3141 =( LENGTH_UNIT ( ) NAMED_UNIT ( * ) SI_UNIT ( .MILLI., .METRE. ) );
#3142 = VECTOR ( 'NONE', #1955, 1000.000000000000000 ) ;
#3143 = FILL_AREA_STYLE ('',( #2840 ) ) ;
#3144 = PRESENTATION_LAYER_ASSIGNMENT (  '', '', ( #4427 ) ) ;
#3145 = FILL_AREA_STYLE ('',( #1343 ) ) ;
#3146 = SURFACE_STYLE_FILL_AREA ( #482 ) ;
#3147 = ORIENTED_EDGE ( 'NONE', *, *, #4326, .T. ) ;
#3148 = AXIS2_PLACEMENT_3D ( 'NONE', #4491, #1051, #1483 ) ;
#3149 = EDGE_CURVE ( 'NONE', #3537, #2130, #3767, .T. ) ;
#3150 = CARTESIAN_POINT ( 'NONE',  ( -2.303999999999999826, -1.146000000000000352, 0.7700000000000000178 ) ) ;
#3151 = ORIENTED_EDGE ( 'NONE', *, *, #4724, .F. ) ;
#3152 = DIRECTION ( 'NONE',  ( 0.0000000000000000000, 1.000000000000000000, -0.0000000000000000000 ) ) ;
#3153 = ORIENTED_EDGE ( 'NONE', *, *, #4410, .F. ) ;
#3154 =( LENGTH_UNIT ( ) NAMED_UNIT ( * ) SI_UNIT ( .MILLI., .METRE. ) );
#3155 = LINE ( 'NONE', #1593, #51 ) ;
#3156 =( NAMED_UNIT ( * ) PLANE_ANGLE_UNIT ( ) SI_UNIT ( $, .RADIAN. ) );
#3157 = EDGE_LOOP ( 'NONE', ( #200, #3153, #4283, #3216 ) ) ;
#3158 = PLANE ( 'NONE',  #4804 ) ;
#3159 = EDGE_CURVE ( 'NONE', #3772, #4622, #1672, .T. ) ;
#3160 = DIRECTION ( 'NONE',  ( -1.000000000000000000, 0.0000000000000000000, -0.0000000000000000000 ) ) ;
#3161 = SURFACE_STYLE_USAGE ( .BOTH. , #1601 ) ;
#3162 =( NAMED_UNIT ( * ) SI_UNIT ( $, .STERADIAN. ) SOLID_ANGLE_UNIT ( ) );
#3163 = PLANE ( 'NONE',  #1372 ) ;
#3164 = STYLED_ITEM ( 'NONE', ( #2248 ), #1014 ) ;
#3165 = EDGE_LOOP ( 'NONE', ( #1397, #4130, #375, #2481 ) ) ;
#3166 =( GEOMETRIC_REPRESENTATION_CONTEXT ( 3 ) GLOBAL_UNCERTAINTY_ASSIGNED_CONTEXT ( ( #1371 ) ) GLOBAL_UNIT_ASSIGNED_CONTEXT ( ( #4331, #2747, #3596 ) ) REPRESENTATION_CONTEXT ( 'NONE', 'WORKASPACE' ) );
#3167 = SURFACE_SIDE_STYLE ('',( #3622 ) ) ;
#3168 = AXIS2_PLACEMENT_3D ( 'NONE', #4434, #4362, #2453 ) ;
#3169 = VECTOR ( 'NONE', #1270, 1000.000000000000114 ) ;
#3170 = CARTESIAN_POINT ( 'NONE',  ( -0.3428820572744450401, 1.252882057274445016, -1.262882057274444803 ) ) ;
#3171 = EDGE_LOOP ( 'NONE', ( #1821, #4834, #4579, #4150 ) ) ;
#3172 = DIRECTION ( 'NONE',  ( 0.0000000000000000000, -0.0000000000000000000, 1.000000000000000000 ) ) ;
#3173 = DIRECTION ( 'NONE',  ( 0.7071067811865479058, 0.7071067811865472397, 0.0000000000000000000 ) ) ;
#3174 = STYLED_ITEM ( 'NONE', ( #3636 ), #674 ) ;
#3175 = EDGE_CURVE ( 'NONE', #3367, #2525, #497, .T. ) ;
#3176 = ORIENTED_EDGE ( 'NONE', *, *, #2967, .F. ) ;
#3177 = SURFACE_STYLE_USAGE ( .BOTH. , #2047 ) ;
#3178 = VECTOR ( 'NONE', #2995, 1000.000000000000000 ) ;
#3179 = FACE_OUTER_BOUND ( 'NONE', #2806, .T. ) ;
#3180 = ORIENTED_EDGE ( 'NONE', *, *, #2857, .F. ) ;
#3181 = LINE ( 'NONE', #1236, #1367 ) ;
#3182 = EDGE_CURVE ( 'NONE', #4113, #4162, #1625, .T. ) ;
#3183 = AXIS2_PLACEMENT_3D ( 'NONE', #194, #932, #3703 ) ;
#3184 = CARTESIAN_POINT ( 'NONE',  ( 4.372893218813453942, -1.617106781186547160, -1.270000000000000240 ) ) ;
#3185 =( NAMED_UNIT ( * ) SI_UNIT ( $, .STERADIAN. ) SOLID_ANGLE_UNIT ( ) );
#3186 = EDGE_CURVE ( 'NONE', #2403, #1128, #2337, .T. ) ;
#3187 = VECTOR ( 'NONE', #4360, 1000.000000000000000 ) ;
#3188 = CARTESIAN_POINT ( 'NONE',  ( 2.049999999999999378, 1.399999999999999911, -1.163653726294447743 ) ) ;
#3189 = CARTESIAN_POINT ( 'NONE',  ( 4.737117942725556752, 1.252882057274445016, -1.262882057274445025 ) ) ;
#3190 = DIRECTION ( 'NONE',  ( -1.000000000000000000, 0.0000000000000000000, -0.0000000000000000000 ) ) ;
#3191 = SURFACE_STYLE_USAGE ( .BOTH. , #3235 ) ;
#3192 = VERTEX_POINT ( 'NONE', #1240 ) ;
#3193 = PLANE ( 'NONE',  #2401 ) ;
#3194 = PLANE ( 'NONE',  #636 ) ;
#3195 = ORIENTED_EDGE ( 'NONE', *, *, #412, .F. ) ;
#3196 = DIRECTION ( 'NONE',  ( 2.427318296609338447E-16, 0.0000000000000000000, 1.000000000000000000 ) ) ;
#3197 = ORIENTED_EDGE ( 'NONE', *, *, #1969, .T. ) ;
#3198 =( LENGTH_UNIT ( ) NAMED_UNIT ( * ) SI_UNIT ( .MILLI., .METRE. ) );
#3199 = ORIENTED_EDGE ( 'NONE', *, *, #4354, .F. ) ;
#3200 =( BOUNDED_CURVE ( )  B_SPLINE_CURVE ( 3, ( #1825, #3338, #2597, #2624 ),
 .UNSPECIFIED., .F., .T. ) 
 B_SPLINE_CURVE_WITH_KNOTS ( ( 4, 4 ),
 ( 0.0000000000000000000, 0.2675923951377976451 ),
 .UNSPECIFIED. ) 
 CURVE ( )  GEOMETRIC_REPRESENTATION_ITEM ( )  RATIONAL_B_SPLINE_CURVE ( ( 1.000000000000000000, 0.9940417555543823447, 0.9940417555543823447, 1.000000000000000000 ) ) 
 REPRESENTATION_ITEM ( '' )  );
#3201 = DIRECTION ( 'NONE',  ( 0.7071067811865491270, 0.0000000000000000000, 0.7071067811865459074 ) ) ;
#3202 = ORIENTED_EDGE ( 'NONE', *, *, #1636, .T. ) ;
#3203 = ADVANCED_FACE ( 'NONE', ( #132 ), #3092, .F. ) ;
#3204 = VECTOR ( 'NONE', #4088, 1000.000000000000000 ) ;
#3205 = FILL_AREA_STYLE ('',( #568 ) ) ;
#3206 = PLANE ( 'NONE',  #3896 ) ;
#3207 = MECHANICAL_DESIGN_GEOMETRIC_PRESENTATION_REPRESENTATION (  '', ( #4103 ), #2021 ) ;
#3208 = EDGE_CURVE ( 'NONE', #1556, #609, #4654, .T. ) ;
#3209 =( NAMED_UNIT ( * ) PLANE_ANGLE_UNIT ( ) SI_UNIT ( $, .RADIAN. ) );
#3210 = VERTEX_POINT ( 'NONE', #454 ) ;
#3211 = UNCERTAINTY_MEASURE_WITH_UNIT (LENGTH_MEASURE( 1.000000000000000082E-05 ), #4651, 'distance_accuracy_value', 'NONE');
#3212 = VECTOR ( 'NONE', #2527, 1000.000000000000000 ) ;
#3213 = FILL_AREA_STYLE_COLOUR ( '', #613 ) ;
#3214 = FILL_AREA_STYLE ('',( #1706 ) ) ;
#3215 = PRESENTATION_LAYER_ASSIGNMENT (  '', '', ( #3049 ) ) ;
#3216 = ORIENTED_EDGE ( 'NONE', *, *, #2732, .F. ) ;
#3217 = DIRECTION ( 'NONE',  ( 0.0000000000000000000, 0.0000000000000000000, 1.000000000000000000 ) ) ;
#3218 = LINE ( 'NONE', #2523, #770 ) ;
#3219 = CARTESIAN_POINT ( 'NONE',  ( 2.776000000000001133, -1.146000000000000352, 0.7700000000000000178 ) ) ;
#3220 = ORIENTED_EDGE ( 'NONE', *, *, #2991, .F. ) ;
#3221 = FILL_AREA_STYLE_COLOUR ( '', #1189 ) ;
#3222 = VERTEX_POINT ( 'NONE', #1215 ) ;
#3223 = LINE ( 'NONE', #4818, #4013 ) ;
#3224 = LINE ( 'NONE', #585, #2920 ) ;
#3225 =( LENGTH_UNIT ( ) NAMED_UNIT ( * ) SI_UNIT ( .MILLI., .METRE. ) );
#3226 = ORIENTED_EDGE ( 'NONE', *, *, #1161, .F. ) ;
#3227 = CARTESIAN_POINT ( 'NONE',  ( -3.494999999999999662, -1.400000000000001021, -0.3150000000000001132 ) ) ;
#3228 = DIRECTION ( 'NONE',  ( 0.7071067811865462405, -0.7071067811865489050, 0.0000000000000000000 ) ) ;
#3229 =( LENGTH_UNIT ( ) NAMED_UNIT ( * ) SI_UNIT ( .MILLI., .METRE. ) );
#3230 = SURFACE_SIDE_STYLE ('',( #257 ) ) ;
#3231 = VERTEX_POINT ( 'NONE', #4277 ) ;
#3232 = ADVANCED_FACE ( 'NONE', ( #2359 ), #3895, .F. ) ;
#3233 =( LENGTH_UNIT ( ) NAMED_UNIT ( * ) SI_UNIT ( .MILLI., .METRE. ) );
#3234 =( BOUNDED_CURVE ( )  B_SPLINE_CURVE ( 3, ( #2299, #123, #441, #143 ),
 .UNSPECIFIED., .F., .T. ) 
 B_SPLINE_CURVE_WITH_KNOTS ( ( 4, 4 ),
 ( 3.141592653589793116, 4.444796585246902687 ),
 .UNSPECIFIED. ) 
 CURVE ( )  GEOMETRIC_REPRESENTATION_ITEM ( )  RATIONAL_B_SPLINE_CURVE ( ( 1.000000000000000000, 0.8634088596862007359, 0.8634088596862007359, 1.000000000000000000 ) ) 
 REPRESENTATION_ITEM ( '' )  );
#3236 = AXIS2_PLACEMENT_3D ( 'NONE', #3358, #4900, #3267 ) ;
#3235 = SURFACE_SIDE_STYLE ('',( #4453 ) ) ;
#3237 = PRESENTATION_LAYER_ASSIGNMENT (  '', '', ( #3726 ) ) ;
#3238 = ORIENTED_EDGE ( 'NONE', *, *, #2326, .T. ) ;
#3239 = FILL_AREA_STYLE_COLOUR ( '', #2390 ) ;
#3240 = EDGE_CURVE ( 'NONE', #3123, #3439, #2560, .T. ) ;
#3241 = COLOUR_RGB ( '',0.1019607843137254888, 0.1019607843137254888, 0.1019607843137254888 ) ;
#3242 = DIRECTION ( 'NONE',  ( 0.0000000000000000000, -1.000000000000000000, -0.0000000000000000000 ) ) ;
#3243 = VECTOR ( 'NONE', #2785, 1000.000000000000000 ) ;
#3244 = FACE_OUTER_BOUND ( 'NONE', #3711, .T. ) ;
#3245 = ORIENTED_EDGE ( 'NONE', *, *, #532, .F. ) ;
#3246 =( NAMED_UNIT ( * ) SI_UNIT ( $, .STERADIAN. ) SOLID_ANGLE_UNIT ( ) );
#3247 = ORIENTED_EDGE ( 'NONE', *, *, #1512, .T. ) ;
#3248 =( NAMED_UNIT ( * ) PLANE_ANGLE_UNIT ( ) SI_UNIT ( $, .RADIAN. ) );
#3249 =( GEOMETRIC_REPRESENTATION_CONTEXT ( 3 ) GLOBAL_UNCERTAINTY_ASSIGNED_CONTEXT ( ( #1817 ) ) GLOBAL_UNIT_ASSIGNED_CONTEXT ( ( #1208, #2781, #511 ) ) REPRESENTATION_CONTEXT ( 'NONE', 'WORKASPACE' ) );
#3250 = CARTESIAN_POINT ( 'NONE',  ( -0.4900000000000008793, -1.400000000000000577, -0.7700000000000000178 ) ) ;
#3251 = VERTEX_POINT ( 'NONE', #1765 ) ;
#3252 =( LENGTH_UNIT ( ) NAMED_UNIT ( * ) SI_UNIT ( .MILLI., .METRE. ) );
#3253 = PRESENTATION_STYLE_ASSIGNMENT (( #4047 ) ) ;
#3254 = CARTESIAN_POINT ( 'NONE',  ( 4.843999999999999417, -1.146000000000000352, -0.7700000000000000178 ) ) ;
#3255 = VECTOR ( 'NONE', #3461, 1000.000000000000000 ) ;
#3256 = FACE_BOUND ( 'NONE', #3850, .T. ) ;
#3257 = FILL_AREA_STYLE_COLOUR ( '', #1697 ) ;
#3258 = SURFACE_STYLE_USAGE ( .BOTH. , #3230 ) ;
#3259 = PRESENTATION_LAYER_ASSIGNMENT (  '', '', ( #16 ) ) ;
#3260 = CARTESIAN_POINT ( 'NONE',  ( -2.540000000000000036, -0.9099999999999999201, -0.9200000000000001510 ) ) ;
#3261 = MECHANICAL_DESIGN_GEOMETRIC_PRESENTATION_REPRESENTATION (  '', ( #405 ), #4152 ) ;
#3262 = SURFACE_STYLE_USAGE ( .BOTH. , #2496 ) ;
#3263 = EDGE_CURVE ( 'NONE', #2130, #2178, #180, .T. ) ;
#3264 = VERTEX_POINT ( 'NONE', #230 ) ;
#3265 = PRESENTATION_STYLE_ASSIGNMENT (( #2828 ) ) ;
#3266 = MECHANICAL_DESIGN_GEOMETRIC_PRESENTATION_REPRESENTATION (  '', ( #410 ), #3344 ) ;
#3267 = DIRECTION ( 'NONE',  ( 1.000000000000000000, 0.0000000000000000000, -0.0000000000000000000 ) ) ;
#3268 = CARTESIAN_POINT ( 'NONE',  ( -3.611118645726050584E-31, -1.400000000000001021, -0.9200000000000003730 ) ) ;
#3269 = EDGE_CURVE ( 'NONE', #3192, #3123, #4021, .T. ) ;
#3270 = SURFACE_SIDE_STYLE ('',( #2411 ) ) ;
#3271 = ORIENTED_EDGE ( 'NONE', *, *, #3299, .F. ) ;
#3272 = ORIENTED_EDGE ( 'NONE', *, *, #2111, .T. ) ;
#3273 = STYLED_ITEM ( 'NONE', ( #2493 ), #3643 ) ;
#3274 =( NAMED_UNIT ( * ) PLANE_ANGLE_UNIT ( ) SI_UNIT ( $, .RADIAN. ) );
#3275 = CARTESIAN_POINT ( 'NONE',  ( 0.0000000000000000000, -0.9099999999999999201, -1.270000000000000240 ) ) ;
#3276 = EDGE_LOOP ( 'NONE', ( #4393, #2142, #849, #3043 ) ) ;
#3277 = VECTOR ( 'NONE', #3547, 1000.000000000000000 ) ;
#3278 = SURFACE_STYLE_FILL_AREA ( #522 ) ;
#3279 = LINE ( 'NONE', #593, #1976 ) ;
#3280 =( NAMED_UNIT ( * ) PLANE_ANGLE_UNIT ( ) SI_UNIT ( $, .RADIAN. ) );
#3281 = FILL_AREA_STYLE_COLOUR ( '', #269 ) ;
#3282 = ORIENTED_EDGE ( 'NONE', *, *, #1377, .F. ) ;
#3283 = CARTESIAN_POINT ( 'NONE',  ( 4.843999999999999417, -1.146000000000000352, 0.7700000000000000178 ) ) ;
#3284 = DIRECTION ( 'NONE',  ( -1.618212197739558882E-16, 0.0000000000000000000, -1.000000000000000000 ) ) ;
#3285 = VERTEX_POINT ( 'NONE', #4822 ) ;
#3286 = PRESENTATION_LAYER_ASSIGNMENT (  '', '', ( #3539 ) ) ;
#3287 = DIRECTION ( 'NONE',  ( 1.000000000000000000, 0.0000000000000000000, 0.0000000000000000000 ) ) ;
#3288 = SURFACE_SIDE_STYLE ('',( #4880 ) ) ;
#3289 = ADVANCED_FACE ( 'NONE', ( #1390 ), #1720, .F. ) ;
#3290 =( GEOMETRIC_REPRESENTATION_CONTEXT ( 3 ) GLOBAL_UNCERTAINTY_ASSIGNED_CONTEXT ( ( #1168 ) ) GLOBAL_UNIT_ASSIGNED_CONTEXT ( ( #1135, #1497, #715 ) ) REPRESENTATION_CONTEXT ( 'NONE', 'WORKASPACE' ) );
#3291 = VECTOR ( 'NONE', #4650, 1000.000000000000000 ) ;
#3292 = FACE_OUTER_BOUND ( 'NONE', #4097, .T. ) ;
#3293 = DIRECTION ( 'NONE',  ( 1.820488722457004082E-16, -1.051059653967228901E-16, 1.000000000000000000 ) ) ;
#3294 = VERTEX_POINT ( 'NONE', #2536 ) ;
#3295 = CARTESIAN_POINT ( 'NONE',  ( 0.0000000000000000000, -1.146000000000000352, -0.7700000000000000178 ) ) ;
#3296 = SURFACE_STYLE_FILL_AREA ( #3782 ) ;
#3297 = ORIENTED_EDGE ( 'NONE', *, *, #1750, .T. ) ;
#3298 = PRESENTATION_STYLE_ASSIGNMENT (( #2928 ) ) ;
#3299 = EDGE_CURVE ( 'NONE', #4484, #3367, #565, .T. ) ;
#3300 = CARTESIAN_POINT ( 'NONE',  ( -4.589999999999998970, 1.399999999999999467, -1.069999999999999840 ) ) ;
#3301 =( LENGTH_UNIT ( ) NAMED_UNIT ( * ) SI_UNIT ( .MILLI., .METRE. ) );
#3302 = ORIENTED_EDGE ( 'NONE', *, *, #3175, .T. ) ;
#3303 = FILL_AREA_STYLE_COLOUR ( '', #1531 ) ;
#3304 = EDGE_CURVE ( 'NONE', #1922, #3904, #4070, .T. ) ;
#3305 = CARTESIAN_POINT ( 'NONE',  ( -2.190000000000002167, 1.199999999999999956, 1.270000000000000018 ) ) ;
#3306 = DIRECTION ( 'NONE',  ( -0.0000000000000000000, -1.000000000000000000, -0.0000000000000000000 ) ) ;
#3307 = FACE_OUTER_BOUND ( 'NONE', #1137, .T. ) ;
#3308 = UNCERTAINTY_MEASURE_WITH_UNIT (LENGTH_MEASURE( 1.000000000000000082E-05 ), #216, 'distance_accuracy_value', 'NONE');
#3309 = ORIENTED_EDGE ( 'NONE', *, *, #320, .F. ) ;
#3310 = UNCERTAINTY_MEASURE_WITH_UNIT (LENGTH_MEASURE( 1.000000000000000082E-05 ), #2079, 'distance_accuracy_value', 'NONE');
#3311 = ORIENTED_EDGE ( 'NONE', *, *, #2905, .F. ) ;
#3312 =( LENGTH_UNIT ( ) NAMED_UNIT ( * ) SI_UNIT ( .MILLI., .METRE. ) );
#3313 = AXIS2_PLACEMENT_3D ( 'NONE', #1256, #2754, #2780 ) ;
#3314 = SURFACE_SIDE_STYLE ('',( #4756 ) ) ;
#3315 = LINE ( 'NONE', #2551, #3870 ) ;
#3316 = VERTEX_POINT ( 'NONE', #945 ) ;
#3317 = ORIENTED_EDGE ( 'NONE', *, *, #1170, .F. ) ;
#3318 = STYLED_ITEM ( 'NONE', ( #68 ), #1312 ) ;
#3319 = FACE_OUTER_BOUND ( 'NONE', #2858, .T. ) ;
#3320 = PLANE ( 'NONE',  #4847 ) ;
#3321 = VECTOR ( 'NONE', #3638, 1000.000000000000000 ) ;
#3322 = MECHANICAL_DESIGN_GEOMETRIC_PRESENTATION_REPRESENTATION (  '', ( #2772 ), #4301 ) ;
#3323 = ORIENTED_EDGE ( 'NONE', *, *, #3614, .F. ) ;
#3324 = CARTESIAN_POINT ( 'NONE',  ( 0.3499999999999980904, 1.217892925670840398, 1.270000000000000240 ) ) ;
#3325 = EDGE_CURVE ( 'NONE', #1451, #3772, #2696, .T. ) ;
#3326 = CARTESIAN_POINT ( 'NONE',  ( -2.540000000000000480, 0.9099999999999993650, 0.9200000000000003730 ) ) ;
#3327 = COLOUR_RGB ( '',0.1019607843137254888, 0.1019607843137254888, 0.1019607843137254888 ) ;
#3328 = LINE ( 'NONE', #301, #3731 ) ;
#3329 = FILL_AREA_STYLE_COLOUR ( '', #4703 ) ;
#3330 = AXIS2_PLACEMENT_3D ( 'NONE', #1894, #1048, #4111 ) ;
#3331 = PRESENTATION_STYLE_ASSIGNMENT (( #4916 ) ) ;
#3332 = ADVANCED_FACE ( 'NONE', ( #2935 ), #2586, .F. ) ;
#3333 = FILL_AREA_STYLE ('',( #527 ) ) ;
#3334 = VECTOR ( 'NONE', #2348, 1000.000000000000114 ) ;
#3335 = ORIENTED_EDGE ( 'NONE', *, *, #968, .F. ) ;
#3336 = ORIENTED_EDGE ( 'NONE', *, *, #3954, .F. ) ;
#3337 = SURFACE_SIDE_STYLE ('',( #4109 ) ) ;
#3338 = CARTESIAN_POINT ( 'NONE',  ( 4.730000000000000426, 1.217892925670841509, 1.270000000000000018 ) ) ;
#3339 = ORIENTED_EDGE ( 'NONE', *, *, #1046, .T. ) ;
#3340 = PLANE ( 'NONE',  #714 ) ;
#3341 = PRESENTATION_LAYER_ASSIGNMENT (  '', '', ( #405 ) ) ;
#3342 = PLANE ( 'NONE',  #485 ) ;
#3343 = FILL_AREA_STYLE ('',( #4591 ) ) ;
#3344 =( GEOMETRIC_REPRESENTATION_CONTEXT ( 3 ) GLOBAL_UNCERTAINTY_ASSIGNED_CONTEXT ( ( #1964 ) ) GLOBAL_UNIT_ASSIGNED_CONTEXT ( ( #4298, #4346, #112 ) ) REPRESENTATION_CONTEXT ( 'NONE', 'WORKASPACE' ) );
#3345 = LINE ( 'NONE', #2975, #4466 ) ;
#3346 = PRESENTATION_STYLE_ASSIGNMENT (( #4519 ) ) ;
#3347 = VECTOR ( 'NONE', #274, 1000.000000000000000 ) ;
#3348 = SURFACE_SIDE_STYLE ('',( #3278 ) ) ;
#3349 = CARTESIAN_POINT ( 'NONE',  ( -5.080000000000000071, 0.9099999999999999201, -0.9200000000000002620 ) ) ;
#3350 = EDGE_CURVE ( 'NONE', #4124, #3029, #2605, .T. ) ;
#3351 = COLOUR_RGB ( '',0.1019607843137254888, 0.1019607843137254888, 0.1019607843137254888 ) ;
#3352 = CARTESIAN_POINT ( 'NONE',  ( -2.190000000000002167, 1.199999999999999956, -1.269999999999999796 ) ) ;
#3353 =( NAMED_UNIT ( * ) SI_UNIT ( $, .STERADIAN. ) SOLID_ANGLE_UNIT ( ) );
#3354 = UNCERTAINTY_MEASURE_WITH_UNIT (LENGTH_MEASURE( 1.000000000000000082E-05 ), #850, 'distance_accuracy_value', 'NONE');
#3355 =( GEOMETRIC_REPRESENTATION_CONTEXT ( 3 ) GLOBAL_UNCERTAINTY_ASSIGNED_CONTEXT ( ( #2164 ) ) GLOBAL_UNIT_ASSIGNED_CONTEXT ( ( #1243, #3851, #2421 ) ) REPRESENTATION_CONTEXT ( 'NONE', 'WORKASPACE' ) );
#3356 = DIRECTION ( 'NONE',  ( 0.7071067811865499042, -0.7071067811865451302, 0.0000000000000000000 ) ) ;
#3357 = EDGE_CURVE ( 'NONE', #3123, #166, #3562, .T. ) ;
#3358 = CARTESIAN_POINT ( 'NONE',  ( 5.080000000000000071, -1.146000000000000352, 0.7700000000000000178 ) ) ;
#3359 = ORIENTED_EDGE ( 'NONE', *, *, #139, .T. ) ;
#3360 = UNCERTAINTY_MEASURE_WITH_UNIT (LENGTH_MEASURE( 1.000000000000000082E-05 ), #2660, 'distance_accuracy_value', 'NONE');
#3361 = ORIENTED_EDGE ( 'NONE', *, *, #2753, .T. ) ;
#3362 = DIRECTION ( 'NONE',  ( -0.0000000000000000000, -0.0000000000000000000, -1.000000000000000000 ) ) ;
#3363 = PRESENTATION_STYLE_ASSIGNMENT (( #241 ) ) ;
#3364 = EDGE_CURVE ( 'NONE', #3652, #3085, #4913, .T. ) ;
#3365 = CARTESIAN_POINT ( 'NONE',  ( -0.4899999999999993250, 1.399999999999999467, 1.163653726294448409 ) ) ;
#3366 = MECHANICAL_DESIGN_GEOMETRIC_PRESENTATION_REPRESENTATION (  '', ( #2420 ), #4666 ) ;
#3367 = VERTEX_POINT ( 'NONE', #3326 ) ;
#3368 = DIRECTION ( 'NONE',  ( 0.0000000000000000000, -1.000000000000000000, -0.0000000000000000000 ) ) ;
#3369 = FILL_AREA_STYLE_COLOUR ( '', #1353 ) ;
#3370 = VECTOR ( 'NONE', #2934, 1000.000000000000000 ) ;
#3371 = VECTOR ( 'NONE', #4594, 1000.000000000000114 ) ;
#3372 = PLANE ( 'NONE',  #2366 ) ;
#3373 = PRESENTATION_STYLE_ASSIGNMENT (( #1081 ) ) ;
#3374 = ORIENTED_EDGE ( 'NONE', *, *, #4224, .T. ) ;
#3375 = FILL_AREA_STYLE_COLOUR ( '', #2877 ) ;
#3376 = FILL_AREA_STYLE ('',( #2561 ) ) ;
#3377 = LINE ( 'NONE', #419, #947 ) ;
#3378 = DIRECTION ( 'NONE',  ( 0.0000000000000000000, 0.0000000000000000000, 1.000000000000000000 ) ) ;
#3379 = PLANE ( 'NONE',  #2409 ) ;
#3380 = DIRECTION ( 'NONE',  ( 1.000000000000000000, 0.0000000000000000000, 0.0000000000000000000 ) ) ;
#3381 = FILL_AREA_STYLE ('',( #1861 ) ) ;
#3382 = ADVANCED_FACE ( 'NONE', ( #781 ), #3761, .T. ) ;
#3383 = CARTESIAN_POINT ( 'NONE',  ( 0.0000000000000000000, -1.146000000000000352, 0.3149999999999998912 ) ) ;
#3384 = FILL_AREA_STYLE ('',( #1191 ) ) ;
#3385 = ORIENTED_EDGE ( 'NONE', *, *, #3825, .T. ) ;
#3386 = ORIENTED_EDGE ( 'NONE', *, *, #2506, .T. ) ;
#3387 = EDGE_CURVE ( 'NONE', #4827, #1305, #2653, .T. ) ;
#3388 = CARTESIAN_POINT ( 'NONE',  ( -4.730000000000002203, 1.217892925670840398, -1.270000000000000018 ) ) ;
#3389 = FACE_OUTER_BOUND ( 'NONE', #172, .T. ) ;
#3390 = CARTESIAN_POINT ( 'NONE',  ( 5.080000000000000959, 0.9099999999999994760, 0.9200000000000007061 ) ) ;
#3391 = ORIENTED_EDGE ( 'NONE', *, *, #4168, .T. ) ;
#3392 =( NAMED_UNIT ( * ) SI_UNIT ( $, .STERADIAN. ) SOLID_ANGLE_UNIT ( ) );
#3393 =( NAMED_UNIT ( * ) SI_UNIT ( $, .STERADIAN. ) SOLID_ANGLE_UNIT ( ) );
#3394 = EDGE_CURVE ( 'NONE', #1503, #1807, #3789, .T. ) ;
#3395 = VECTOR ( 'NONE', #4165, 1000.000000000000000 ) ;
#3396 =( GEOMETRIC_REPRESENTATION_CONTEXT ( 3 ) GLOBAL_UNCERTAINTY_ASSIGNED_CONTEXT ( ( #3976 ) ) GLOBAL_UNIT_ASSIGNED_CONTEXT ( ( #4907, #4458, #1398 ) ) REPRESENTATION_CONTEXT ( 'NONE', 'WORKASPACE' ) );
#3397 = CARTESIAN_POINT ( 'NONE',  ( 1.832893218813452130, -1.400000000000001021, -1.627106781186546725 ) ) ;
#3398 =( BOUNDED_CURVE ( )  B_SPLINE_CURVE ( 3, ( #1952, #1617, #4313, #3082 ),
 .UNSPECIFIED., .F., .T. ) 
 B_SPLINE_CURVE_WITH_KNOTS ( ( 4, 4 ),
 ( 6.015592912041785922, 6.283185307179586232 ),
 .UNSPECIFIED. ) 
 CURVE ( )  GEOMETRIC_REPRESENTATION_ITEM ( )  RATIONAL_B_SPLINE_CURVE ( ( 1.000000000000000000, 0.9940417555543821226, 0.9940417555543821226, 1.000000000000000000 ) ) 
 REPRESENTATION_ITEM ( '' )  );
#3399 = ORIENTED_EDGE ( 'NONE', *, *, #2546, .T. ) ;
#3400 = FILL_AREA_STYLE_COLOUR ( '', #3058 ) ;
#3401 = ORIENTED_EDGE ( 'NONE', *, *, #958, .F. ) ;
#3402 = CARTESIAN_POINT ( 'NONE',  ( 2.197117942725554052, 1.252882057274445460, 1.262882057274445025 ) ) ;
#3403 = DIRECTION ( 'NONE',  ( 0.0000000000000000000, -0.0000000000000000000, -1.000000000000000000 ) ) ;
#3404 = CARTESIAN_POINT ( 'NONE',  ( 2.197117942725554940, 1.252882057274444572, -1.262882057274445025 ) ) ;
#3405 = FILL_AREA_STYLE_COLOUR ( '', #890 ) ;
#3406 =( NAMED_UNIT ( * ) SI_UNIT ( $, .STERADIAN. ) SOLID_ANGLE_UNIT ( ) );
#3407 = MECHANICAL_DESIGN_GEOMETRIC_PRESENTATION_REPRESENTATION (  '', ( #691 ), #2023 ) ;
#3408 = STYLED_ITEM ( 'NONE', ( #1692 ), #837 ) ;
#3409 = CARTESIAN_POINT ( 'NONE',  ( 0.0000000000000000000, -1.146000000000000352, -0.3150000000000001132 ) ) ;
#3410 = PRESENTATION_LAYER_ASSIGNMENT (  '', '', ( #1819 ) ) ;
#3411 = LINE ( 'NONE', #819, #4057 ) ;
#3412 = EDGE_LOOP ( 'NONE', ( #44, #4187, #744, #2640, #3226 ) ) ;
#3413 = FILL_AREA_STYLE ('',( #1380 ) ) ;
#3414 = ORIENTED_EDGE ( 'NONE', *, *, #4811, .F. ) ;
#3415 = STYLED_ITEM ( 'NONE', ( #3727 ), #2071 ) ;
#3416 = FILL_AREA_STYLE_COLOUR ( '', #1677 ) ;
#3417 = EDGE_CURVE ( 'NONE', #2069, #3788, #3181, .T. ) ;
#3418 = AXIS2_PLACEMENT_3D ( 'NONE', #4588, #1566, #1591 ) ;
#3419 = ORIENTED_EDGE ( 'NONE', *, *, #1226, .F. ) ;
#3420 = PRODUCT ( 'pin', 'pin', '', ( #1175 ) ) ;
#3421 = DIRECTION ( 'NONE',  ( 0.7071067811865489050, -0.7071067811865462405, 0.0000000000000000000 ) ) ;
#3422 = CONTEXT_DEPENDENT_SHAPE_REPRESENTATION ( #2895, #3070 ) ;
#3423 = DIRECTION ( 'NONE',  ( -0.0000000000000000000, -1.000000000000000000, 0.0000000000000000000 ) ) ;
#3424 = STYLED_ITEM ( 'NONE', ( #1028 ), #2601 ) ;
#3425 = SURFACE_STYLE_FILL_AREA ( #2974 ) ;
#3426 = ADVANCED_FACE ( 'NONE', ( #885 ), #3158, .F. ) ;
#3427 = CARTESIAN_POINT ( 'NONE',  ( -4.730000000000002203, -1.259999999999996678, 1.270000000000000240 ) ) ;
#3428 = VECTOR ( 'NONE', #1144, 1000.000000000000000 ) ;
#3429 = CARTESIAN_POINT ( 'NONE',  ( -2.049999999999997158, -1.400000000000000577, -1.270000000000000240 ) ) ;
#3430 = ORIENTED_EDGE ( 'NONE', *, *, #2266, .F. ) ;
#3431 = VECTOR ( 'NONE', #1134, 1000.000000000000000 ) ;
#3432 =( NAMED_UNIT ( * ) SI_UNIT ( $, .STERADIAN. ) SOLID_ANGLE_UNIT ( ) );
#3433 = PRESENTATION_STYLE_ASSIGNMENT (( #1908 ) ) ;
#3434 = FILL_AREA_STYLE ('',( #1470 ) ) ;
#3435 = VECTOR ( 'NONE', #2865, 1000.000000000000114 ) ;
#3436 = DIRECTION ( 'NONE',  ( 0.7071067811865477948, 0.7071067811865473507, 0.0000000000000000000 ) ) ;
#3437 = PRESENTATION_LAYER_ASSIGNMENT (  '', '', ( #2803 ) ) ;
#3438 = PRESENTATION_STYLE_ASSIGNMENT (( #3495 ) ) ;
#3439 = VERTEX_POINT ( 'NONE', #3890 ) ;
#3440 = ORIENTED_EDGE ( 'NONE', *, *, #3481, .T. ) ;
#3441 = COLOUR_RGB ( '',0.1019607843137254888, 0.1019607843137254888, 0.1019607843137254888 ) ;
#3442 = CARTESIAN_POINT ( 'NONE',  ( 5.080000000000000959, -0.9100000000000000311, -0.9200000000000002620 ) ) ;
#3443 = FILL_AREA_STYLE ('',( #1490 ) ) ;
#3444 = DIRECTION ( 'NONE',  ( 0.7071067811865463515, -0.7071067811865487940, 0.0000000000000000000 ) ) ;
#3445 = ORIENTED_EDGE ( 'NONE', *, *, #4266, .F. ) ;
#3446 = MECHANICAL_DESIGN_GEOMETRIC_PRESENTATION_REPRESENTATION (  '', ( #2813 ), #4898 ) ;
#3447 = ITEM_DEFINED_TRANSFORMATION ( 'NONE', 'NONE', #1716,  #3700 ) ;
#3448 = CARTESIAN_POINT ( 'NONE',  ( 0.1350000000000003419, 12.69999999999999929, 0.1350000000000002587 ) ) ;
#3449 = EDGE_CURVE ( 'NONE', #2798, #128, #3514, .T. ) ;
#3450 = AXIS2_PLACEMENT_3D ( 'NONE', #3491, #88, #4020 ) ;
#3451 = CARTESIAN_POINT ( 'NONE',  ( 4.590000000000000746, -1.400000000000000133, 1.269999999999999574 ) ) ;
#3452 =( NAMED_UNIT ( * ) PLANE_ANGLE_UNIT ( ) SI_UNIT ( $, .RADIAN. ) );
#3453 = FACE_OUTER_BOUND ( 'NONE', #2065, .T. ) ;
#3454 = EDGE_LOOP ( 'NONE', ( #3238, #1986, #3876, #4619 ) ) ;
#3455 = PRESENTATION_LAYER_ASSIGNMENT (  '', '', ( #906 ) ) ;
#3456 = VECTOR ( 'NONE', #1620, 1000.000000000000000 ) ;
#3457 = ADVANCED_FACE ( 'NONE', ( #2758 ), #1987, .T. ) ;
#3458 = LINE ( 'NONE', #4914, #2888 ) ;
#3459 = LINE ( 'NONE', #4892, #374 ) ;
#3460 =( NAMED_UNIT ( * ) PLANE_ANGLE_UNIT ( ) SI_UNIT ( $, .RADIAN. ) );
#3461 = DIRECTION ( 'NONE',  ( -0.0000000000000000000, 1.000000000000000000, 1.548860246407863583E-16 ) ) ;
#3462 = VECTOR ( 'NONE', #3101, 1000.000000000000000 ) ;
#3463 = DIRECTION ( 'NONE',  ( -0.0000000000000000000, 0.0000000000000000000, -1.000000000000000000 ) ) ;
#3464 =( LENGTH_UNIT ( ) NAMED_UNIT ( * ) SI_UNIT ( .MILLI., .METRE. ) );
#3465 = PRESENTATION_STYLE_ASSIGNMENT (( #2280 ) ) ;
#3466 = UNCERTAINTY_MEASURE_WITH_UNIT (LENGTH_MEASURE( 1.000000000000000082E-05 ), #3141, 'distance_accuracy_value', 'NONE');
#3467 = PRESENTATION_STYLE_ASSIGNMENT (( #2716 ) ) ;
#3468 = FACE_OUTER_BOUND ( 'NONE', #1279, .T. ) ;
#3469 = PRODUCT_DEFINITION_SHAPE ( 'NONE', 'NONE',  #258 ) ;
#3470 = VERTEX_POINT ( 'NONE', #3485 ) ;
#3471 = DIRECTION ( 'NONE',  ( 1.000000000000000000, 0.0000000000000000000, 0.0000000000000000000 ) ) ;
#3472 =( NAMED_UNIT ( * ) PLANE_ANGLE_UNIT ( ) SI_UNIT ( $, .RADIAN. ) );
#3473 = ORIENTED_EDGE ( 'NONE', *, *, #498, .F. ) ;
#3474 = CARTESIAN_POINT ( 'NONE',  ( 5.080000000000000071, 1.199999999999999956, 1.070000000000000284 ) ) ;
#3475 = FILL_AREA_STYLE_COLOUR ( '', #316 ) ;
#3476 = ORIENTED_EDGE ( 'NONE', *, *, #3934, .T. ) ;
#3477 = FACE_OUTER_BOUND ( 'NONE', #2729, .T. ) ;
#3478 = FILL_AREA_STYLE_COLOUR ( '', #1824 ) ;
#3479 = CARTESIAN_POINT ( 'NONE',  ( -5.080000000000000071, -0.9099999999999999201, -0.9200000000000003730 ) ) ;
#3480 = FILL_AREA_STYLE ('',( #2007 ) ) ;
#3481 = EDGE_CURVE ( 'NONE', #72, #3048, #4293, .T. ) ;
#3482 =( LENGTH_UNIT ( ) NAMED_UNIT ( * ) SI_UNIT ( .MILLI., .METRE. ) );
#3483 = DIRECTION ( 'NONE',  ( 0.7071067811865462405, -0.7071067811865489050, 0.0000000000000000000 ) ) ;
#3484 = VERTEX_POINT ( 'NONE', #861 ) ;
#3485 = CARTESIAN_POINT ( 'NONE',  ( 4.590000000000001634, 1.399999999999999689, 1.070000000000000284 ) ) ;
#3486 = PRESENTATION_LAYER_ASSIGNMENT (  '', '', ( #4294 ) ) ;
#3487 =( LENGTH_UNIT ( ) NAMED_UNIT ( * ) SI_UNIT ( .MILLI., .METRE. ) );
#3488 = VECTOR ( 'NONE', #3631, 1000.000000000000114 ) ;
#3489 = EDGE_CURVE ( 'NONE', #190, #2479, #2384, .T. ) ;
#3490 = PLANE ( 'NONE',  #4255 ) ;
#3491 = CARTESIAN_POINT ( 'NONE',  ( 4.125000000000000000, -1.400000000000001021, -0.3150000000000001132 ) ) ;
#3492 = CARTESIAN_POINT ( 'NONE',  ( -2.890000000000000568, -1.400000000000001021, -1.269999999999999796 ) ) ;
#3493 = AXIS2_PLACEMENT_3D ( 'NONE', #1555, #3797, #4631 ) ;
#3494 = STYLED_ITEM ( 'NONE', ( #3467 ), #465 ) ;
#3495 = SURFACE_STYLE_USAGE ( .BOTH. , #427 ) ;
#3496 = EDGE_CURVE ( 'NONE', #2456, #3439, #2735, .T. ) ;
#3498 = VERTEX_POINT ( 'NONE', #4762 ) ;
#3497 = PRESENTATION_LAYER_ASSIGNMENT (  '', '', ( #691 ) ) ;
#3499 = SURFACE_STYLE_FILL_AREA ( #3072 ) ;
#3500 = ORIENTED_EDGE ( 'NONE', *, *, #4922, .F. ) ;
#3501 = MECHANICAL_DESIGN_GEOMETRIC_PRESENTATION_REPRESENTATION (  '', ( #4388 ), #3984 ) ;
#3502 = CARTESIAN_POINT ( 'NONE',  ( 5.080000000000000959, 0.9099999999999992539, -0.9200000000000002620 ) ) ;
#3503 = CARTESIAN_POINT ( 'NONE',  ( 2.882882057274443799, 1.252882057274442351, -1.262882057274445469 ) ) ;
#3504 = DIRECTION ( 'NONE',  ( -0.0000000000000000000, 0.0000000000000000000, 1.000000000000000000 ) ) ;
#3505 = ORIENTED_EDGE ( 'NONE', *, *, #2571, .F. ) ;
#3506 = CARTESIAN_POINT ( 'NONE',  ( -4.730000000000002203, 1.199999999999999734, 1.269999999999999796 ) ) ;
#3507 = VECTOR ( 'NONE', #4407, 1000.000000000000000 ) ;
#3508 = SURFACE_STYLE_FILL_AREA ( #530 ) ;
#3509 = CARTESIAN_POINT ( 'NONE',  ( -2.190000000000001279, -1.259999999999997122, 1.270000000000000462 ) ) ;
#3510 = CARTESIAN_POINT ( 'NONE',  ( -4.730000000000002203, 1.199999999999999734, 1.269999999999999796 ) ) ;
#3511 = ORIENTED_EDGE ( 'NONE', *, *, #4010, .T. ) ;
#3512 = DIRECTION ( 'NONE',  ( 0.7071067811865477948, 0.7071067811865473507, 0.0000000000000000000 ) ) ;
#3513 = EDGE_LOOP ( 'NONE', ( #3609, #2437, #2497, #1578, #1564 ) ) ;
#3514 = LINE ( 'NONE', #3561, #2637 ) ;
#3515 = SURFACE_STYLE_USAGE ( .BOTH. , #2332 ) ;
#3516 = CARTESIAN_POINT ( 'NONE',  ( 2.049999999999999822, -1.399999999999999689, -0.7700000000000000178 ) ) ;
#3517 = FILL_AREA_STYLE ('',( #1992 ) ) ;
#3518 = UNCERTAINTY_MEASURE_WITH_UNIT (LENGTH_MEASURE( 1.000000000000000082E-05 ), #2488, 'distance_accuracy_value', 'NONE');
#3519 = EDGE_CURVE ( 'NONE', #3107, #3748, #2459, .T. ) ;
#3520 =( GEOMETRIC_REPRESENTATION_CONTEXT ( 3 ) GLOBAL_UNCERTAINTY_ASSIGNED_CONTEXT ( ( #4576 ) ) GLOBAL_UNIT_ASSIGNED_CONTEXT ( ( #1834, #2953, #734 ) ) REPRESENTATION_CONTEXT ( 'NONE', 'WORKASPACE' ) );
#3521 =( NAMED_UNIT ( * ) PLANE_ANGLE_UNIT ( ) SI_UNIT ( $, .RADIAN. ) );
#3522 =( LENGTH_UNIT ( ) NAMED_UNIT ( * ) SI_UNIT ( .MILLI., .METRE. ) );
#3523 = ORIENTED_EDGE ( 'NONE', *, *, #958, .T. ) ;
#3524 = UNCERTAINTY_MEASURE_WITH_UNIT (LENGTH_MEASURE( 1.000000000000000082E-05 ), #3835, 'distance_accuracy_value', 'NONE');
#3525 = EDGE_CURVE ( 'NONE', #4902, #3470, #10, .T. ) ;
#3526 = PRESENTATION_LAYER_ASSIGNMENT (  '', '', ( #418 ) ) ;
#3527 = DIRECTION ( 'NONE',  ( 0.0000000000000000000, -0.8660254037844397068, 0.4999999999999983347 ) ) ;
#3528 = CARTESIAN_POINT ( 'NONE',  ( 4.590000000000000746, -1.400000000000000133, 0.7700000000000001288 ) ) ;
#3529 = MECHANICAL_DESIGN_GEOMETRIC_PRESENTATION_REPRESENTATION (  '', ( #4660 ), #2809 ) ;
#3530 = ORIENTED_EDGE ( 'NONE', *, *, #4507, .T. ) ;
#3531 = APPLICATION_PROTOCOL_DEFINITION ( 'draft international standard', 'automotive_design', 1998, #660 ) ;
#3532 = CARTESIAN_POINT ( 'NONE',  ( -0.3500000000000002554, -1.400000000000001021, 1.270000000000000018 ) ) ;
#3533 = EDGE_LOOP ( 'NONE', ( #1738, #4836, #2932, #261 ) ) ;
#3534 = CARTESIAN_POINT ( 'NONE',  ( -3.252606517456517246E-16, 0.9099999999999995870, -0.9199999999999999289 ) ) ;
#3535 = DIRECTION ( 'NONE',  ( 0.0000000000000000000, -1.000000000000000000, -0.0000000000000000000 ) ) ;
#3536 = SURFACE_STYLE_FILL_AREA ( #2706 ) ;
#3537 = VERTEX_POINT ( 'NONE', #4741 ) ;
#3538 = DIRECTION ( 'NONE',  ( -0.4472135954999578167, 0.7745966692414834043, 0.4472135954999578722 ) ) ;
#3539 = STYLED_ITEM ( 'NONE', ( #733 ), #4774 ) ;
#3540 = CARTESIAN_POINT ( 'NONE',  ( -3.030000000000001137, 1.399999999999999689, 1.163653726294447965 ) ) ;
#3541 = DIRECTION ( 'NONE',  ( -0.0000000000000000000, -1.000000000000000000, 0.0000000000000000000 ) ) ;
#3542 = FACE_OUTER_BOUND ( 'NONE', #2645, .T. ) ;
#3543 = AXIS2_PLACEMENT_3D ( 'NONE', #518, #4429, #70 ) ;
#3544 = DIRECTION ( 'NONE',  ( 0.7071067811865477948, 0.7071067811865473507, 0.0000000000000000000 ) ) ;
#3545 = CARTESIAN_POINT ( 'NONE',  ( -2.303999999999999382, -1.146000000000000352, 0.0000000000000000000 ) ) ;
#3546 = ORIENTED_EDGE ( 'NONE', *, *, #327, .F. ) ;
#3547 = DIRECTION ( 'NONE',  ( -0.4472135954999565954, 0.7745966692414848476, 0.4472135954999567065 ) ) ;
#3548 = DIRECTION ( 'NONE',  ( 0.0000000000000000000, 0.0000000000000000000, -1.000000000000000000 ) ) ;
#3549 = CARTESIAN_POINT ( 'NONE',  ( -2.540000000000000036, -0.9099999999999999201, 1.270000000000001128 ) ) ;
#3550 = ORIENTED_EDGE ( 'NONE', *, *, #520, .F. ) ;
#3551 =( NAMED_UNIT ( * ) PLANE_ANGLE_UNIT ( ) SI_UNIT ( $, .RADIAN. ) );
#3552 = CARTESIAN_POINT ( 'NONE',  ( -2.190000000000001723, -1.259999999999996900, 1.270000000000000684 ) ) ;
#3553 = VERTEX_POINT ( 'NONE', #538 ) ;
#3554 = PLANE ( 'NONE',  #3313 ) ;
#3555 = EDGE_CURVE ( 'NONE', #1402, #1115, #3630, .T. ) ;
#3556 = DIRECTION ( 'NONE',  ( -1.000000000000000000, 0.0000000000000000000, -0.0000000000000000000 ) ) ;
#3557 = EDGE_LOOP ( 'NONE', ( #2743, #2913, #3500, #1425 ) ) ;
#3558 = DIRECTION ( 'NONE',  ( -1.000000000000000000, 0.0000000000000000000, -0.0000000000000000000 ) ) ;
#3559 =( LENGTH_UNIT ( ) NAMED_UNIT ( * ) SI_UNIT ( .MILLI., .METRE. ) );
#3560 = EDGE_LOOP ( 'NONE', ( #1117, #1103, #2080, #1776 ) ) ;
#3561 = CARTESIAN_POINT ( 'NONE',  ( -0.3350000000000000755, 0.3464101615137764600, -0.3350000000000001310 ) ) ;
#3562 =( BOUNDED_CURVE ( )  B_SPLINE_CURVE ( 3, ( #2, #4499, #4889, #4521 ),
 .UNSPECIFIED., .F., .T. ) 
 B_SPLINE_CURVE_WITH_KNOTS ( ( 4, 4 ),
 ( 3.141592653589793116, 3.409185048727580103 ),
 .UNSPECIFIED. ) 
 CURVE ( )  GEOMETRIC_REPRESENTATION_ITEM ( )  RATIONAL_B_SPLINE_CURVE ( ( 1.000000000000000000, 0.9940417555543827888, 0.9940417555543827888, 1.000000000000000000 ) ) 
 REPRESENTATION_ITEM ( '' )  );
#3563 = DIRECTION ( 'NONE',  ( 0.5773502691896260641, 0.5773502691896260641, 0.5773502691896252870 ) ) ;
#3564 = DIRECTION ( 'NONE',  ( -0.5773502691896265082, -0.5773502691896262862, 0.5773502691896243988 ) ) ;
#3565 = PRESENTATION_LAYER_ASSIGNMENT (  '', '', ( #3725 ) ) ;
#3566 = DIRECTION ( 'NONE',  ( 0.7071067811865489050, -0.7071067811865462405, 0.0000000000000000000 ) ) ;
#3567 = LINE ( 'NONE', #71, #3462 ) ;
#3568 = MECHANICAL_DESIGN_GEOMETRIC_PRESENTATION_REPRESENTATION (  '', ( #3318 ), #83 ) ;
#3569 = ORIENTED_EDGE ( 'NONE', *, *, #4237, .F. ) ;
#3570 = VECTOR ( 'NONE', #4285, 1000.000000000000000 ) ;
#3571 = LINE ( 'NONE', #2796, #232 ) ;
#3572 =( GEOMETRIC_REPRESENTATION_CONTEXT ( 3 ) GLOBAL_UNCERTAINTY_ASSIGNED_CONTEXT ( ( #433 ) ) GLOBAL_UNIT_ASSIGNED_CONTEXT ( ( #4875, #1448, #4848 ) ) REPRESENTATION_CONTEXT ( 'NONE', 'WORKASPACE' ) );
#3573 = DIRECTION ( 'NONE',  ( 0.7071067811865512365, -0.7071067811865439090, 0.0000000000000000000 ) ) ;
#3574 = EDGE_LOOP ( 'NONE', ( #4105, #99, #4787, #389, #3625, #2110 ) ) ;
#3575 = STYLED_ITEM ( 'NONE', ( #2830 ), #1924 ) ;
#3576 = SURFACE_STYLE_FILL_AREA ( #2070 ) ;
#3577 =( GEOMETRIC_REPRESENTATION_CONTEXT ( 3 ) GLOBAL_UNCERTAINTY_ASSIGNED_CONTEXT ( ( #4329 ) ) GLOBAL_UNIT_ASSIGNED_CONTEXT ( ( #708, #1183, #3763 ) ) REPRESENTATION_CONTEXT ( 'NONE', 'WORKASPACE' ) );
#3578 = EDGE_CURVE ( 'NONE', #2029, #2103, #3223, .T. ) ;
#3579 =( NAMED_UNIT ( * ) PLANE_ANGLE_UNIT ( ) SI_UNIT ( $, .RADIAN. ) );
#3580 = PRESENTATION_LAYER_ASSIGNMENT (  '', '', ( #1511 ) ) ;
#3581 =( NAMED_UNIT ( * ) SI_UNIT ( $, .STERADIAN. ) SOLID_ANGLE_UNIT ( ) );
#3582 = LINE ( 'NONE', #4365, #4874 ) ;
#3583 = ORIENTED_EDGE ( 'NONE', *, *, #1417, .T. ) ;
#3584 = AXIS2_PLACEMENT_3D ( 'NONE', #4413, #4086, #1327 ) ;
#3585 = ADVANCED_FACE ( 'NONE', ( #3967 ), #2153, .F. ) ;
#3586 = FILL_AREA_STYLE ('',( #864 ) ) ;
#3587 = ORIENTED_EDGE ( 'NONE', *, *, #2200, .T. ) ;
#3588 = AXIS2_PLACEMENT_3D ( 'NONE', #2627, #697, #1435 ) ;
#3589 = FILL_AREA_STYLE ('',( #2440 ) ) ;
#3590 = STYLED_ITEM ( 'NONE', ( #2435 ), #2788 ) ;
#3591 =( NAMED_UNIT ( * ) SI_UNIT ( $, .STERADIAN. ) SOLID_ANGLE_UNIT ( ) );
#3592 =( NAMED_UNIT ( * ) PLANE_ANGLE_UNIT ( ) SI_UNIT ( $, .RADIAN. ) );
#3593 = SURFACE_SIDE_STYLE ('',( #1345 ) ) ;
#3594 = FILL_AREA_STYLE_COLOUR ( '', #2171 ) ;
#3595 = ORIENTED_EDGE ( 'NONE', *, *, #2020, .F. ) ;
#3596 =( NAMED_UNIT ( * ) SI_UNIT ( $, .STERADIAN. ) SOLID_ANGLE_UNIT ( ) );
#3597 = FACE_BOUND ( 'NONE', #2549, .T. ) ;
#3598 = ORIENTED_EDGE ( 'NONE', *, *, #1291, .T. ) ;
#3599 = AXIS2_PLACEMENT_3D ( 'NONE', #1544, #1877, #4570 ) ;
#3600 =( NAMED_UNIT ( * ) PLANE_ANGLE_UNIT ( ) SI_UNIT ( $, .RADIAN. ) );
#3601 = VERTEX_POINT ( 'NONE', #559 ) ;
#3602 =( NAMED_UNIT ( * ) PLANE_ANGLE_UNIT ( ) SI_UNIT ( $, .RADIAN. ) );
#3603 = COLOUR_RGB ( '',0.1019607843137254888, 0.1019607843137254888, 0.1019607843137254888 ) ;
#3604 = FILL_AREA_STYLE_COLOUR ( '', #2180 ) ;
#3605 = ORIENTED_EDGE ( 'NONE', *, *, #1642, .T. ) ;
#3606 = CARTESIAN_POINT ( 'NONE',  ( 0.4900000000000017120, 1.399999999999999689, 1.070000000000000284 ) ) ;
#3607 =( NAMED_UNIT ( * ) PLANE_ANGLE_UNIT ( ) SI_UNIT ( $, .RADIAN. ) );
#3608 = ADVANCED_FACE ( 'NONE', ( #3680 ), #1333, .F. ) ;
#3609 = ORIENTED_EDGE ( 'NONE', *, *, #3240, .T. ) ;
#3610 = VECTOR ( 'NONE', #4608, 1000.000000000000114 ) ;
#3611 = DIRECTION ( 'NONE',  ( -0.4472135954999578167, -0.7745966692414835153, 0.4472135954999579277 ) ) ;
#3612 = CARTESIAN_POINT ( 'NONE',  ( -2.049999999999997602, -1.400000000000000355, 0.7700000000000005729 ) ) ;
#3613 = SURFACE_STYLE_FILL_AREA ( #4766 ) ;
#3614 = EDGE_CURVE ( 'NONE', #1200, #933, #921, .T. ) ;
#3615 = CARTESIAN_POINT ( 'NONE',  ( -2.540000000000000036, 0.9099999999999999201, -1.270000000000000240 ) ) ;
#3616 = PRESENTATION_LAYER_ASSIGNMENT (  '', '', ( #4260 ) ) ;
#3617 = SURFACE_STYLE_USAGE ( .BOTH. , #4023 ) ;
#3618 = LINE ( 'NONE', #4376, #4454 ) ;
#3619 = PRESENTATION_LAYER_ASSIGNMENT (  '', '', ( #4103 ) ) ;
#3620 = ADVANCED_FACE ( 'NONE', ( #3973 ), #641, .F. ) ;
#3621 = UNCERTAINTY_MEASURE_WITH_UNIT (LENGTH_MEASURE( 1.000000000000000082E-05 ), #42, 'distance_accuracy_value', 'NONE');
#3622 = SURFACE_STYLE_FILL_AREA ( #1652 ) ;
#3623 = PRESENTATION_LAYER_ASSIGNMENT (  '', '', ( #3093 ) ) ;
#3624 = VERTEX_POINT ( 'NONE', #1724 ) ;
#3625 = ORIENTED_EDGE ( 'NONE', *, *, #3357, .T. ) ;
#3626 = SURFACE_SIDE_STYLE ('',( #600 ) ) ;
#3627 = LINE ( 'NONE', #3268, #2544 ) ;
#3628 = EDGE_LOOP ( 'NONE', ( #4033, #2054, #4107, #3656 ) ) ;
#3629 = ORIENTED_EDGE ( 'NONE', *, *, #2088, .T. ) ;
#3630 = LINE ( 'NONE', #3994, #1369 ) ;
#3631 = DIRECTION ( 'NONE',  ( 0.5773502691896253980, -0.5773502691896236216, 0.5773502691896283956 ) ) ;
#3632 = FILL_AREA_STYLE ('',( #675 ) ) ;
#3633 = ORIENTED_EDGE ( 'NONE', *, *, #4669, .F. ) ;
#3634 = PRESENTATION_STYLE_ASSIGNMENT (( #4420 ) ) ;
#3635 = SURFACE_SIDE_STYLE ('',( #2013 ) ) ;
#3636 = PRESENTATION_STYLE_ASSIGNMENT (( #3617 ) ) ;
#3637 = EDGE_CURVE ( 'NONE', #1846, #1639, #507, .T. ) ;
#3638 = DIRECTION ( 'NONE',  ( 1.000000000000000000, -0.0000000000000000000, 0.0000000000000000000 ) ) ;
#3639 =( NAMED_UNIT ( * ) PLANE_ANGLE_UNIT ( ) SI_UNIT ( $, .RADIAN. ) );
#3640 =( LENGTH_UNIT ( ) NAMED_UNIT ( * ) SI_UNIT ( .MILLI., .METRE. ) );
#3641 = MECHANICAL_DESIGN_GEOMETRIC_PRESENTATION_REPRESENTATION (  '', ( #76 ), #3722 ) ;
#3642 = FACE_BOUND ( 'NONE', #2926, .T. ) ;
#3643 = ADVANCED_FACE ( 'NONE', ( #2911 ), #2516, .F. ) ;
#3644 = STYLED_ITEM ( 'NONE', ( #3733 ), #991 ) ;
#3645 = ORIENTED_EDGE ( 'NONE', *, *, #968, .T. ) ;
#3646 = SURFACE_STYLE_FILL_AREA ( #4409 ) ;
#3647 = STYLED_ITEM ( 'NONE', ( #4350 ), #1404 ) ;
#3648 = CARTESIAN_POINT ( 'NONE',  ( 0.4332026742699002231, 1.343202674269898589, -1.238119048685106360 ) ) ;
#3649 =( NAMED_UNIT ( * ) PLANE_ANGLE_UNIT ( ) SI_UNIT ( $, .RADIAN. ) );
#3650 = AXIS2_PLACEMENT_3D ( 'NONE', #2333, #1492, #3378 ) ;
#3651 = DIRECTION ( 'NONE',  ( 0.0000000000000000000, 0.0000000000000000000, 1.000000000000000000 ) ) ;
#3652 = VERTEX_POINT ( 'NONE', #4449 ) ;
#3653 = AXIS2_PLACEMENT_3D ( 'NONE', #1414, #2866, #2514 ) ;
#3654 = LINE ( 'NONE', #1009, #4317 ) ;
#3655 = PLANE ( 'NONE',  #278 ) ;
#3656 = ORIENTED_EDGE ( 'NONE', *, *, #3702, .F. ) ;
#3657 = SURFACE_STYLE_FILL_AREA ( #4066 ) ;
#3658 = SURFACE_STYLE_FILL_AREA ( #3632 ) ;
#3659 = ORIENTED_EDGE ( 'NONE', *, *, #3519, .F. ) ;
#3660 =( LENGTH_UNIT ( ) NAMED_UNIT ( * ) SI_UNIT ( .MILLI., .METRE. ) );
#3661 = SURFACE_STYLE_USAGE ( .BOTH. , #3348 ) ;
#3662 =( GEOMETRIC_REPRESENTATION_CONTEXT ( 3 ) GLOBAL_UNCERTAINTY_ASSIGNED_CONTEXT ( ( #4076 ) ) GLOBAL_UNIT_ASSIGNED_CONTEXT ( ( #2118, #1374, #596 ) ) REPRESENTATION_CONTEXT ( 'NONE', 'WORKASPACE' ) );
#3663 = DIRECTION ( 'NONE',  ( -1.000000000000000000, 0.0000000000000000000, 0.0000000000000000000 ) ) ;
#3664 = CARTESIAN_POINT ( 'NONE',  ( -2.197117942725556716, 1.252882057274441907, 1.262882057274445913 ) ) ;
#3665 = UNCERTAINTY_MEASURE_WITH_UNIT (LENGTH_MEASURE( 1.000000000000000082E-05 ), #3778, 'distance_accuracy_value', 'NONE');
#3666 = ADVANCED_FACE ( 'NONE', ( #2982, #4870 ), #3379, .F. ) ;
#3667 = VECTOR ( 'NONE', #220, 1000.000000000000114 ) ;
#3668 = DIRECTION ( 'NONE',  ( -0.5773502691896260641, 0.5773502691896262862, 0.5773502691896250649 ) ) ;
#3669 = STYLED_ITEM ( 'NONE', ( #1447 ), #3066 ) ;
#3670 = ORIENTED_EDGE ( 'NONE', *, *, #1760, .F. ) ;
#3671 = EDGE_CURVE ( 'NONE', #928, #2632, #1186, .T. ) ;
#3672 = LINE ( 'NONE', #2847, #3187 ) ;
#3673 = FACE_OUTER_BOUND ( 'NONE', #4492, .T. ) ;
#3674 =( NAMED_UNIT ( * ) SI_UNIT ( $, .STERADIAN. ) SOLID_ANGLE_UNIT ( ) );
#3675 = VECTOR ( 'NONE', #2438, 1000.000000000000114 ) ;
#3676 = EDGE_LOOP ( 'NONE', ( #4860, #1057, #1957, #2801, #1192, #3760 ) ) ;
#3677 = SURFACE_STYLE_FILL_AREA ( #2245 ) ;
#3678 = SURFACE_SIDE_STYLE ('',( #4909 ) ) ;
#3679 = ORIENTED_EDGE ( 'NONE', *, *, #474, .T. ) ;
#3680 = FACE_OUTER_BOUND ( 'NONE', #2879, .T. ) ;
#3681 = VECTOR ( 'NONE', #3463, 1000.000000000000000 ) ;
#3682 = CARTESIAN_POINT ( 'NONE',  ( -0.7071067811865475727, -1.400000000000001021, -1.627106781186546725 ) ) ;
#3683 = ORIENTED_EDGE ( 'NONE', *, *, #3387, .T. ) ;
#3684 =( NAMED_UNIT ( * ) PLANE_ANGLE_UNIT ( ) SI_UNIT ( $, .RADIAN. ) );
#3685 = PRESENTATION_LAYER_ASSIGNMENT (  '', '', ( #1773 ) ) ;
#3686 = DIRECTION ( 'NONE',  ( 0.7071067811865489050, 0.7071067811865462405, 0.0000000000000000000 ) ) ;
#3687 = CARTESIAN_POINT ( 'NONE',  ( -5.080000000000000071, 0.0000000000000000000, 0.0000000000000000000 ) ) ;
#3688 = PRESENTATION_STYLE_ASSIGNMENT (( #4100 ) ) ;
#3689 = LINE ( 'NONE', #998, #1340 ) ;
#3690 = CARTESIAN_POINT ( 'NONE',  ( -3.494999999999999662, -1.146000000000000352, -0.3150000000000001132 ) ) ;
#3691 = FILL_AREA_STYLE_COLOUR ( '', #4557 ) ;
#3692 = MECHANICAL_DESIGN_GEOMETRIC_PRESENTATION_REPRESENTATION (  '', ( #4583 ), #1629 ) ;
#3693 = CARTESIAN_POINT ( 'NONE',  ( -4.589999999999998970, 1.400000000000000133, 1.163653726294449298 ) ) ;
#3694 = PLANE ( 'NONE',  #2141 ) ;
#3695 = ORIENTED_EDGE ( 'NONE', *, *, #1616, .T. ) ;
#3696 = PRESENTATION_LAYER_ASSIGNMENT (  '', '', ( #1385 ) ) ;
#3697 = MECHANICAL_DESIGN_GEOMETRIC_PRESENTATION_REPRESENTATION (  '', ( #1860 ), #1140 ) ;
#3698 = PRESENTATION_STYLE_ASSIGNMENT (( #4485 ) ) ;
#3699 = DIRECTION ( 'NONE',  ( 0.7071067811865469066, 0.0000000000000000000, 0.7071067811865482389 ) ) ;
#3700 = AXIS2_PLACEMENT_3D ( 'NONE', #963, #2480, #2626 ) ;
#3701 = AXIS2_PLACEMENT_3D ( 'NONE', #2262, #4813, #1244 ) ;
#3702 = EDGE_CURVE ( 'NONE', #3915, #3749, #87, .T. ) ;
#3703 = DIRECTION ( 'NONE',  ( -1.000000000000000000, 0.0000000000000000000, -0.0000000000000000000 ) ) ;
#3704 =( NAMED_UNIT ( * ) PLANE_ANGLE_UNIT ( ) SI_UNIT ( $, .RADIAN. ) );
#3705 = ORIENTED_EDGE ( 'NONE', *, *, #2732, .T. ) ;
#3706 = FILL_AREA_STYLE_COLOUR ( '', #210 ) ;
#3707 = EDGE_LOOP ( 'NONE', ( #2576, #3752, #2619, #2987, #4419, #403 ) ) ;
#3708 = PRESENTATION_STYLE_ASSIGNMENT (( #2599 ) ) ;
#3709 = EDGE_CURVE ( 'NONE', #2552, #1780, #786, .T. ) ;
#3710 = SURFACE_SIDE_STYLE ('',( #3658 ) ) ;
#3711 = EDGE_LOOP ( 'NONE', ( #2845, #2952, #2031, #3962, #3720, #4712 ) ) ;
#3712 = FACE_OUTER_BOUND ( 'NONE', #605, .T. ) ;
#3713 = DIRECTION ( 'NONE',  ( -0.0000000000000000000, -0.0000000000000000000, -1.000000000000000000 ) ) ;
#3714 = SURFACE_STYLE_FILL_AREA ( #325 ) ;
#3715 = LINE ( 'NONE', #2234, #4264 ) ;
#3716 = CARTESIAN_POINT ( 'NONE',  ( 2.303999999999999826, -1.146000000000000352, 0.0000000000000000000 ) ) ;
#3717 = UNCERTAINTY_MEASURE_WITH_UNIT (LENGTH_MEASURE( 1.000000000000000082E-05 ), #2938, 'distance_accuracy_value', 'NONE');
#3718 = CARTESIAN_POINT ( 'NONE',  ( 3.252606517456513302E-16, 0.9099999999999993650, 0.9200000000000001510 ) ) ;
#3719 =( BOUNDED_CURVE ( )  B_SPLINE_CURVE ( 3, ( #1811, #2040, #2066, #1836 ),
 .UNSPECIFIED., .F., .T. ) 
 B_SPLINE_CURVE_WITH_KNOTS ( ( 4, 4 ),
 ( 6.015592912041785922, 6.283185307179586232 ),
 .UNSPECIFIED. ) 
 CURVE ( )  GEOMETRIC_REPRESENTATION_ITEM ( )  RATIONAL_B_SPLINE_CURVE ( ( 1.000000000000000000, 0.9940417555543821226, 0.9940417555543821226, 1.000000000000000000 ) ) 
 REPRESENTATION_ITEM ( '' )  );
#3720 = ORIENTED_EDGE ( 'NONE', *, *, #1411, .F. ) ;
#3721 = ORIENTED_EDGE ( 'NONE', *, *, #3030, .T. ) ;
#3722 =( GEOMETRIC_REPRESENTATION_CONTEXT ( 3 ) GLOBAL_UNCERTAINTY_ASSIGNED_CONTEXT ( ( #3124 ) ) GLOBAL_UNIT_ASSIGNED_CONTEXT ( ( #2242, #4232, #2671 ) ) REPRESENTATION_CONTEXT ( 'NONE', 'WORKASPACE' ) );
#3723 = DIRECTION ( 'NONE',  ( 0.0000000000000000000, -0.0000000000000000000, 1.000000000000000000 ) ) ;
#3724 = CARTESIAN_POINT ( 'NONE',  ( 0.4900000000000019340, 1.399999999999999689, -1.163653726294449298 ) ) ;
#3725 = STYLED_ITEM ( 'NONE', ( #251 ), #925 ) ;
#3726 = STYLED_ITEM ( 'NONE', ( #215 ), #235 ) ;
#3727 = PRESENTATION_STYLE_ASSIGNMENT (( #4881 ) ) ;
#3728 = ORIENTED_EDGE ( 'NONE', *, *, #264, .F. ) ;
#3729 = MECHANICAL_DESIGN_GEOMETRIC_PRESENTATION_REPRESENTATION (  '', ( #4132 ), #2848 ) ;
#3730 = SURFACE_STYLE_FILL_AREA ( #4182 ) ;
#3731 = VECTOR ( 'NONE', #1812, 1000.000000000000000 ) ;
#3732 = EDGE_CURVE ( 'NONE', #4791, #580, #1961, .T. ) ;
#3733 = PRESENTATION_STYLE_ASSIGNMENT (( #2648 ) ) ;
#3734 = PRESENTATION_LAYER_ASSIGNMENT (  '', '', ( #2454 ) ) ;
#3735 =( LENGTH_UNIT ( ) NAMED_UNIT ( * ) SI_UNIT ( .MILLI., .METRE. ) );
#3736 = MECHANICAL_DESIGN_GEOMETRIC_PRESENTATION_REPRESENTATION (  '', ( #3408 ), #1265 ) ;
#3737 = DIRECTION ( 'NONE',  ( -0.0000000000000000000, -1.000000000000000000, -0.0000000000000000000 ) ) ;
#3738 = CARTESIAN_POINT ( 'NONE',  ( 2.189999999999999059, -1.260000000000000231, 1.269999999999999574 ) ) ;
#3739 = ADVANCED_FACE ( 'NONE', ( #39 ), #3490, .F. ) ;
#3740 = DIRECTION ( 'NONE',  ( 1.000000000000000000, -0.0000000000000000000, 0.0000000000000000000 ) ) ;
#3741 = DIRECTION ( 'NONE',  ( 1.000000000000000000, 0.0000000000000000000, -0.0000000000000000000 ) ) ;
#3742 = MECHANICAL_DESIGN_GEOMETRIC_PRESENTATION_REPRESENTATION (  '', ( #3106 ), #1988 ) ;
#3743 = CARTESIAN_POINT ( 'NONE',  ( 2.049999999999999822, -1.399999999999999689, -1.270000000000000240 ) ) ;
#3744 = EDGE_CURVE ( 'NONE', #190, #1013, #682, .T. ) ;
#3745 = MECHANICAL_DESIGN_GEOMETRIC_PRESENTATION_REPRESENTATION (  '', ( #4637 ), #1752 ) ;
#3746 = CARTESIAN_POINT ( 'NONE',  ( 0.2360000000000009590, -1.146000000000000352, 0.7700000000000000178 ) ) ;
#3747 = PLANE ( 'NONE',  #3236 ) ;
#3748 = VERTEX_POINT ( 'NONE', #134 ) ;
#3749 = VERTEX_POINT ( 'NONE', #3951 ) ;
#3750 = LINE ( 'NONE', #335, #4555 ) ;
#3751 = LINE ( 'NONE', #3830, #4471 ) ;
#3752 = ORIENTED_EDGE ( 'NONE', *, *, #3481, .F. ) ;
#3753 = CARTESIAN_POINT ( 'NONE',  ( 2.189999999999999503, -1.400000000000001021, -1.269999999999999796 ) ) ;
#3754 = FILL_AREA_STYLE ('',( #696 ) ) ;
#3755 = VECTOR ( 'NONE', #4322, 1000.000000000000000 ) ;
#3756 = DIRECTION ( 'NONE',  ( 0.7071067811865482389, 0.0000000000000000000, 0.7071067811865469066 ) ) ;
#3757 = LINE ( 'NONE', #318, #4780 ) ;
#3758 = EDGE_CURVE ( 'NONE', #580, #4006, #3927, .T. ) ;
#3759 =( BOUNDED_CURVE ( )  B_SPLINE_CURVE ( 3, ( #2473, #982, #2800, #3961 ),
 .UNSPECIFIED., .F., .T. ) 
 B_SPLINE_CURVE_WITH_KNOTS ( ( 4, 4 ),
 ( -8.881784197001252323E-16, 1.303203931657091141 ),
 .UNSPECIFIED. ) 
 CURVE ( )  GEOMETRIC_REPRESENTATION_ITEM ( )  RATIONAL_B_SPLINE_CURVE ( ( 1.000000000000000000, 0.8634088596862042886, 0.8634088596862042886, 1.000000000000000000 ) ) 
 REPRESENTATION_ITEM ( '' )  );
#3760 = ORIENTED_EDGE ( 'NONE', *, *, #3489, .F. ) ;
#3761 = PLANE ( 'NONE',  #3599 ) ;
#3762 = MECHANICAL_DESIGN_GEOMETRIC_PRESENTATION_REPRESENTATION (  '', ( #2321 ), #4571 ) ;
#3763 =( NAMED_UNIT ( * ) SI_UNIT ( $, .STERADIAN. ) SOLID_ANGLE_UNIT ( ) );
#3764 =( LENGTH_UNIT ( ) NAMED_UNIT ( * ) SI_UNIT ( .MILLI., .METRE. ) );
#3765 = ADVANCED_FACE ( 'NONE', ( #2793 ), #3163, .T. ) ;
#3766 = COLOUR_RGB ( '',0.1019607843137254888, 0.1019607843137254888, 0.1019607843137254888 ) ;
#3767 = LINE ( 'NONE', #918, #3031 ) ;
#3768 = UNCERTAINTY_MEASURE_WITH_UNIT (LENGTH_MEASURE( 1.000000000000000082E-05 ), #4562, 'distance_accuracy_value', 'NONE');
#3769 = LINE ( 'NONE', #3848, #1886 ) ;
#3770 = PLANE ( 'NONE',  #1660 ) ;
#3771 = EDGE_CURVE ( 'NONE', #3367, #307, #430, .T. ) ;
#3772 = VERTEX_POINT ( 'NONE', #2692 ) ;
#3773 = UNCERTAINTY_MEASURE_WITH_UNIT (LENGTH_MEASURE( 1.000000000000000082E-05 ), #3464, 'distance_accuracy_value', 'NONE');
#3774 = ORIENTED_EDGE ( 'NONE', *, *, #1688, .T. ) ;
#3775 = PLANE ( 'NONE',  #3916 ) ;
#3776 = PRESENTATION_LAYER_ASSIGNMENT (  '', '', ( #4583 ) ) ;
#3777 = CARTESIAN_POINT ( 'NONE',  ( -3.494999999999998774, -1.400000000000001021, -0.3150000000000001132 ) ) ;
#3778 =( LENGTH_UNIT ( ) NAMED_UNIT ( * ) SI_UNIT ( .MILLI., .METRE. ) );
#3779 = VECTOR ( 'NONE', #1594, 1000.000000000000114 ) ;
#3780 = EDGE_LOOP ( 'NONE', ( #651, #4333, #1220, #3078, #3359, #198 ) ) ;
#3781 = LINE ( 'NONE', #3753, #4081 ) ;
#3782 = FILL_AREA_STYLE ('',( #3706 ) ) ;
#3783 = PRESENTATION_LAYER_ASSIGNMENT (  '', '', ( #509 ) ) ;
#3784 = LINE ( 'NONE', #2675, #2770 ) ;
#3785 = LINE ( 'NONE', #1540, #3178 ) ;
#3786 = AXIS2_PLACEMENT_3D ( 'NONE', #3882, #1949, #2673 ) ;
#3787 = CARTESIAN_POINT ( 'NONE',  ( 4.125000000000000000, -1.400000000000001021, 0.3149999999999998912 ) ) ;
#3788 = VERTEX_POINT ( 'NONE', #4227 ) ;
#3789 = LINE ( 'NONE', #61, #336 ) ;
#3790 =( NAMED_UNIT ( * ) SI_UNIT ( $, .STERADIAN. ) SOLID_ANGLE_UNIT ( ) );
#3791 = DIRECTION ( 'NONE',  ( 0.0000000000000000000, -1.000000000000000000, -0.0000000000000000000 ) ) ;
#3792 = FILL_AREA_STYLE ('',( #2682 ) ) ;
#3793 = CARTESIAN_POINT ( 'NONE',  ( -5.080000000000000071, 0.9099999999999998090, 0.9200000000000002620 ) ) ;
#3794 = DIRECTION ( 'NONE',  ( -0.7071067811865491270, 0.0000000000000000000, 0.7071067811865459074 ) ) ;
#3795 = ADVANCED_FACE ( 'NONE', ( #792 ), #4146, .F. ) ;
#3796 = CARTESIAN_POINT ( 'NONE',  ( 0.3349999999999999090, 12.35358983848622216, -0.3350000000000001310 ) ) ;
#3797 = DIRECTION ( 'NONE',  ( 0.7071067811865469066, 0.0000000000000000000, 0.7071067811865482389 ) ) ;
#3798 = VERTEX_POINT ( 'NONE', #3442 ) ;
#3799 = CARTESIAN_POINT ( 'NONE',  ( 0.3350000000000000755, 12.69999999999999929, 0.3349999999999999090 ) ) ;
#3800 = ORIENTED_EDGE ( 'NONE', *, *, #2417, .T. ) ;
#3801 =( LENGTH_UNIT ( ) NAMED_UNIT ( * ) SI_UNIT ( .MILLI., .METRE. ) );
#3802 = EDGE_CURVE ( 'NONE', #3011, #1662, #1224, .T. ) ;
#3803 = FILL_AREA_STYLE ('',( #2265 ) ) ;
#3804 = SURFACE_SIDE_STYLE ('',( #4207 ) ) ;
#3805 = VERTEX_POINT ( 'NONE', #3502 ) ;
#3806 = CARTESIAN_POINT ( 'NONE',  ( -2.303999999999998938, -1.146000000000000352, -0.7699999999999997957 ) ) ;
#3807 = APPLICATION_PROTOCOL_DEFINITION ( 'draft international standard', 'automotive_design', 1998, #84 ) ;
#3808 = DIRECTION ( 'NONE',  ( -0.7071067811865469066, 0.0000000000000000000, 0.7071067811865482389 ) ) ;
#3809 = MECHANICAL_DESIGN_GEOMETRIC_PRESENTATION_REPRESENTATION (  '', ( #3164 ), #936 ) ;
#3810 = ORIENTED_EDGE ( 'NONE', *, *, #2628, .F. ) ;
#3811 = CARTESIAN_POINT ( 'NONE',  ( 0.3428820572744438744, 1.252882057274442351, 1.262882057274445913 ) ) ;
#3812 = ORIENTED_EDGE ( 'NONE', *, *, #4805, .F. ) ;
#3813 = SURFACE_SIDE_STYLE ('',( #321 ) ) ;
#3814 = SURFACE_SIDE_STYLE ('',( #4164 ) ) ;
#3815 = STYLED_ITEM ( 'NONE', ( #545 ), #594 ) ;
#3816 = DIRECTION ( 'NONE',  ( -1.000000000000000000, -0.0000000000000000000, -0.0000000000000000000 ) ) ;
#3817 = PRESENTATION_STYLE_ASSIGNMENT (( #2279 ) ) ;
#3818 = DIRECTION ( 'NONE',  ( -0.0000000000000000000, 1.000000000000000000, 0.0000000000000000000 ) ) ;
#3819 = STYLED_ITEM ( 'NONE', ( #1858 ), #760 ) ;
#3820 = UNCERTAINTY_MEASURE_WITH_UNIT (LENGTH_MEASURE( 1.000000000000000082E-05 ), #3735, 'distance_accuracy_value', 'NONE');
#3821 = LINE ( 'NONE', #398, #1093 ) ;
#3822 = SURFACE_STYLE_FILL_AREA ( #1162 ) ;
#3823 = ORIENTED_EDGE ( 'NONE', *, *, #351, .T. ) ;
#3824 = CARTESIAN_POINT ( 'NONE',  ( 3.494999999999999662, 1.399999999999999689, 0.3149999999999998912 ) ) ;
#3825 = EDGE_CURVE ( 'NONE', #3285, #3855, #1246, .T. ) ;
#3826 = UNCERTAINTY_MEASURE_WITH_UNIT (LENGTH_MEASURE( 1.000000000000000082E-05 ), #4835, 'distance_accuracy_value', 'NONE');
#3827 = ORIENTED_EDGE ( 'NONE', *, *, #231, .F. ) ;
#3828 = FILL_AREA_STYLE ('',( #3046 ) ) ;
#3829 = MECHANICAL_DESIGN_GEOMETRIC_PRESENTATION_REPRESENTATION (  '', ( #2786 ), #1907 ) ;
#3830 = CARTESIAN_POINT ( 'NONE',  ( -4.843999999999998529, -1.146000000000000352, 0.7700000000000000178 ) ) ;
#3831 = EDGE_CURVE ( 'NONE', #3624, #2029, #137, .T. ) ;
#3832 = VERTEX_POINT ( 'NONE', #404 ) ;
#3833 = APPLICATION_PROTOCOL_DEFINITION ( 'draft international standard', 'automotive_design', 1998, #1534 ) ;
#3834 = DIRECTION ( 'NONE',  ( -0.5773502691896248429, -0.5773502691896248429, -0.5773502691896275074 ) ) ;
#3835 =( LENGTH_UNIT ( ) NAMED_UNIT ( * ) SI_UNIT ( .MILLI., .METRE. ) );
#3836 = DIRECTION ( 'NONE',  ( 1.000000000000000000, 0.0000000000000000000, 0.0000000000000000000 ) ) ;
#3837 = EDGE_CURVE ( 'NONE', #4461, #2407, #3977, .T. ) ;
#3838 = MECHANICAL_DESIGN_GEOMETRIC_PRESENTATION_REPRESENTATION (  '', ( #4639 ), #4481 ) ;
#3839 = ORIENTED_EDGE ( 'NONE', *, *, #2954, .F. ) ;
#3840 = VERTEX_POINT ( 'NONE', #2206 ) ;
#3841 = SURFACE_STYLE_FILL_AREA ( #3943 ) ;
#3842 = VECTOR ( 'NONE', #4197, 1000.000000000000000 ) ;
#3843 = DIRECTION ( 'NONE',  ( 0.7071067811865477948, 0.7071067811865473507, 0.0000000000000000000 ) ) ;
#3844 = SURFACE_STYLE_FILL_AREA ( #2610 ) ;
#3845 = CARTESIAN_POINT ( 'NONE',  ( 0.0000000000000000000, -1.146000000000000352, 0.0000000000000000000 ) ) ;
#3846 = VECTOR ( 'NONE', #4767, 1000.000000000000000 ) ;
#3847 = LINE ( 'NONE', #1523, #2874 ) ;
#3848 = CARTESIAN_POINT ( 'NONE',  ( 5.080000000000000071, 0.0000000000000000000, 0.9200000000000001510 ) ) ;
#3849 = AXIS2_PLACEMENT_3D ( 'NONE', #1690, #1363, #2835 ) ;
#3850 = EDGE_LOOP ( 'NONE', ( #2694, #2776, #4337, #3670 ) ) ;
#3851 =( NAMED_UNIT ( * ) PLANE_ANGLE_UNIT ( ) SI_UNIT ( $, .RADIAN. ) );
#3852 = CARTESIAN_POINT ( 'NONE',  ( 0.3476131308751067572, 1.235625935704189438, -1.267613130875109295 ) ) ;
#3853 = ORIENTED_EDGE ( 'NONE', *, *, #2081, .T. ) ;
#3854 = SURFACE_STYLE_FILL_AREA ( #2697 ) ;
#3855 = VERTEX_POINT ( 'NONE', #678 ) ;
#3856 = VECTOR ( 'NONE', #3877, 1000.000000000000000 ) ;
#3857 =( NAMED_UNIT ( * ) SI_UNIT ( $, .STERADIAN. ) SOLID_ANGLE_UNIT ( ) );
#3858 = LINE ( 'NONE', #4310, #1185 ) ;
#3859 = EDGE_CURVE ( 'NONE', #4361, #3192, #3719, .T. ) ;
#3861 = LINE ( 'NONE', #4334, #537 ) ;
#3860 = PRESENTATION_LAYER_ASSIGNMENT (  '', '', ( #986 ) ) ;
#3862 = PLANE ( 'NONE',  #4855 ) ;
#3863 = FACE_OUTER_BOUND ( 'NONE', #2072, .T. ) ;
#3864 = PLANE ( 'NONE',  #1469 ) ;
#3865 = ORIENTED_EDGE ( 'NONE', *, *, #2175, .F. ) ;
#3866 = COLOUR_RGB ( '',0.1019607843137254888, 0.1019607843137254888, 0.1019607843137254888 ) ;
#3867 = EDGE_CURVE ( 'NONE', #3904, #1045, #322, .T. ) ;
#3868 = FILL_AREA_STYLE_COLOUR ( '', #729 ) ;
#3869 =( GEOMETRIC_REPRESENTATION_CONTEXT ( 3 ) GLOBAL_UNCERTAINTY_ASSIGNED_CONTEXT ( ( #1917 ) ) GLOBAL_UNIT_ASSIGNED_CONTEXT ( ( #3198, #3607, #4760 ) ) REPRESENTATION_CONTEXT ( 'NONE', 'WORKASPACE' ) );
#3870 = VECTOR ( 'NONE', #401, 1000.000000000000000 ) ;
#3871 =( NAMED_UNIT ( * ) PLANE_ANGLE_UNIT ( ) SI_UNIT ( $, .RADIAN. ) );
#3872 = PLANE ( 'NONE',  #3450 ) ;
#3873 = DIRECTION ( 'NONE',  ( 0.0000000000000000000, 0.0000000000000000000, 1.000000000000000000 ) ) ;
#3874 = UNCERTAINTY_MEASURE_WITH_UNIT (LENGTH_MEASURE( 1.000000000000000082E-05 ), #555, 'distance_accuracy_value', 'NONE');
#3875 =( LENGTH_UNIT ( ) NAMED_UNIT ( * ) SI_UNIT ( .MILLI., .METRE. ) );
#3876 = ORIENTED_EDGE ( 'NONE', *, *, #2759, .F. ) ;
#3877 = DIRECTION ( 'NONE',  ( 0.0000000000000000000, -0.0000000000000000000, -1.000000000000000000 ) ) ;
#3878 = EDGE_LOOP ( 'NONE', ( #3966, #2583, #4436, #1276 ) ) ;
#3879 = CARTESIAN_POINT ( 'NONE',  ( 5.080000000000000071, 1.399999999999999689, 1.070000000000000284 ) ) ;
#3880 = ORIENTED_EDGE ( 'NONE', *, *, #2991, .T. ) ;
#3881 = CARTESIAN_POINT ( 'NONE',  ( -5.080000000000000071, -0.9099999999999999201, -1.270000000000000240 ) ) ;
#3882 = CARTESIAN_POINT ( 'NONE',  ( -1.289999999999999591, -3.499999999999999556, 0.02000000000000005246 ) ) ;
#3883 = FILL_AREA_STYLE ('',( #3478 ) ) ;
#3884 = FACE_OUTER_BOUND ( 'NONE', #4796, .T. ) ;
#3885 = LINE ( 'NONE', #4363, #1748 ) ;
#3886 =( NAMED_UNIT ( * ) PLANE_ANGLE_UNIT ( ) SI_UNIT ( $, .RADIAN. ) );
#3887 = PRESENTATION_STYLE_ASSIGNMENT (( #3111 ) ) ;
#3888 = ADVANCED_FACE ( 'NONE', ( #2186 ), #1766, .F. ) ;
#3889 = ORIENTED_EDGE ( 'NONE', *, *, #4418, .T. ) ;
#3890 = CARTESIAN_POINT ( 'NONE',  ( 2.889999999999997904, -1.259999999999997122, -1.270000000000000240 ) ) ;
#3891 = DIRECTION ( 'NONE',  ( 0.7071067811865489050, -0.7071067811865462405, 0.0000000000000000000 ) ) ;
#3892 = VECTOR ( 'NONE', #1830, 1000.000000000000000 ) ;
#3893 = VECTOR ( 'NONE', #3668, 1000.000000000000000 ) ;
#3894 = ADVANCED_FACE ( 'NONE', ( #1294 ), #2159, .F. ) ;
#3895 = PLANE ( 'NONE',  #2001 ) ;
#3896 = AXIS2_PLACEMENT_3D ( 'NONE', #1242, #211, #4748 ) ;
#3897 = VECTOR ( 'NONE', #3713, 1000.000000000000000 ) ;
#3898 = FACE_OUTER_BOUND ( 'NONE', #52, .T. ) ;
#3900 = ORIENTED_EDGE ( 'NONE', *, *, #4237, .T. ) ;
#3899 = COLOUR_RGB ( '',0.1019607843137254888, 0.1019607843137254888, 0.1019607843137254888 ) ;
#3901 = VECTOR ( 'NONE', #1084, 999.9999999999998863 ) ;
#3902 = SURFACE_STYLE_USAGE ( .BOTH. , #519 ) ;
#3903 = LINE ( 'NONE', #1221, #55 ) ;
#3904 = VERTEX_POINT ( 'NONE', #3305 ) ;
#3905 = AXIS2_PLACEMENT_3D ( 'NONE', #2049, #1303, #445 ) ;
#3906 =( NAMED_UNIT ( * ) PLANE_ANGLE_UNIT ( ) SI_UNIT ( $, .RADIAN. ) );
#3907 = FACE_OUTER_BOUND ( 'NONE', #1683, .T. ) ;
#3908 =( GEOMETRIC_REPRESENTATION_CONTEXT ( 3 ) GLOBAL_UNCERTAINTY_ASSIGNED_CONTEXT ( ( #3068 ) ) GLOBAL_UNIT_ASSIGNED_CONTEXT ( ( #4036, #3649, #2922 ) ) REPRESENTATION_CONTEXT ( 'NONE', 'WORKASPACE' ) );
#3909 = ORIENTED_EDGE ( 'NONE', *, *, #3771, .T. ) ;
#3910 = DIRECTION ( 'NONE',  ( 0.7071067811865459074, 0.0000000000000000000, -0.7071067811865491270 ) ) ;
#3911 = APPLICATION_PROTOCOL_DEFINITION ( 'draft international standard', 'automotive_design', 1998, #1603 ) ;
#3912 = DIRECTION ( 'NONE',  ( 0.0000000000000000000, -1.000000000000000000, -1.548860246407863583E-16 ) ) ;
#3913 = CARTESIAN_POINT ( 'NONE',  ( 4.590000000000001634, 1.399999999999999689, -1.270000000000000240 ) ) ;
#3914 = CARTESIAN_POINT ( 'NONE',  ( -0.3476131308751093663, 1.235625935704192102, 1.267613130875109295 ) ) ;
#3915 = VERTEX_POINT ( 'NONE', #4843 ) ;
#3916 = AXIS2_PLACEMENT_3D ( 'NONE', #2572, #3723, #2965 ) ;
#3917 = DIRECTION ( 'NONE',  ( 0.7071067811865512365, 0.7071067811865439090, 0.0000000000000000000 ) ) ;
#3918 = ADVANCED_FACE ( 'NONE', ( #1413 ), #1038, .F. ) ;
#3919 = COLOUR_RGB ( '',0.1019607843137254888, 0.1019607843137254888, 0.1019607843137254888 ) ;
#3920 = SURFACE_STYLE_FILL_AREA ( #4276 ) ;
#3921 = CARTESIAN_POINT ( 'NONE',  ( 5.080000000000000071, 1.399999999999999689, 1.270000000000000018 ) ) ;
#3922 = UNCERTAINTY_MEASURE_WITH_UNIT (LENGTH_MEASURE( 1.000000000000000082E-05 ), #2018, 'distance_accuracy_value', 'NONE');
#3923 = VECTOR ( 'NONE', #1494, 1000.000000000000114 ) ;
#3924 = DIRECTION ( 'NONE',  ( -0.7071067811865491270, 0.0000000000000000000, 0.7071067811865459074 ) ) ;
#3925 = EDGE_CURVE ( 'NONE', #1052, #4622, #783, .T. ) ;
#3926 = CARTESIAN_POINT ( 'NONE',  ( 3.030000000000002913, -1.400000000000000133, -0.7699999999999997957 ) ) ;
#3927 = LINE ( 'NONE', #2768, #2324 ) ;
#3928 = FILL_AREA_STYLE_COLOUR ( '', #2966 ) ;
#3929 =( BOUNDED_CURVE ( )  B_SPLINE_CURVE ( 3, ( #4645, #2731, #4265, #1280 ),
 .UNSPECIFIED., .F., .F. ) 
 B_SPLINE_CURVE_WITH_KNOTS ( ( 4, 4 ),
 ( 0.0000000000000000000, 0.2675923951378051946 ),
 .UNSPECIFIED. ) 
 CURVE ( )  GEOMETRIC_REPRESENTATION_ITEM ( )  RATIONAL_B_SPLINE_CURVE ( ( 1.000000000000000000, 0.9940417555543820116, 0.9940417555543820116, 1.000000000000000000 ) ) 
 REPRESENTATION_ITEM ( '' )  );
#3930 = ORIENTED_EDGE ( 'NONE', *, *, #4071, .T. ) ;
#3931 = UNCERTAINTY_MEASURE_WITH_UNIT (LENGTH_MEASURE( 1.000000000000000082E-05 ), #1723, 'distance_accuracy_value', 'NONE');
#3932 = PRESENTATION_LAYER_ASSIGNMENT (  '', '', ( #2321 ) ) ;
#3933 = SURFACE_SIDE_STYLE ('',( #899 ) ) ;
#3934 = EDGE_CURVE ( 'NONE', #2569, #1434, #1959, .T. ) ;
#3935 = COLOUR_RGB ( '',0.1019607843137254888, 0.1019607843137254888, 0.1019607843137254888 ) ;
#3936 = ORIENTED_EDGE ( 'NONE', *, *, #646, .T. ) ;
#3937 =( LENGTH_UNIT ( ) NAMED_UNIT ( * ) SI_UNIT ( .MILLI., .METRE. ) );
#3938 = DIRECTION ( 'NONE',  ( -0.0000000000000000000, -0.0000000000000000000, 1.000000000000000000 ) ) ;
#3939 = EDGE_LOOP ( 'NONE', ( #2642, #1729, #1031, #4887 ) ) ;
#3940 = DIRECTION ( 'NONE',  ( 0.5773502691896261751, -0.5773502691896259531, 0.5773502691896250649 ) ) ;
#3941 = SURFACE_STYLE_USAGE ( .BOTH. , #3270 ) ;
#3942 = VERTEX_POINT ( 'NONE', #2655 ) ;
#3943 = FILL_AREA_STYLE ('',( #3114 ) ) ;
#3944 =( GEOMETRIC_REPRESENTATION_CONTEXT ( 3 ) GLOBAL_UNCERTAINTY_ASSIGNED_CONTEXT ( ( #1477 ) ) GLOBAL_UNIT_ASSIGNED_CONTEXT ( ( #111, #1624, #2761 ) ) REPRESENTATION_CONTEXT ( 'NONE', 'WORKASPACE' ) );
#3945 =( LENGTH_UNIT ( ) NAMED_UNIT ( * ) SI_UNIT ( .MILLI., .METRE. ) );
#3946 = SURFACE_STYLE_USAGE ( .BOTH. , #2416 ) ;
#3947 = COLOUR_RGB ( '',0.1019607843137254888, 0.1019607843137254888, 0.1019607843137254888 ) ;
#3948 = LINE ( 'NONE', #4297, #201 ) ;
#3949 = CARTESIAN_POINT ( 'NONE',  ( 0.1350000000000003419, 12.69999999999999929, 0.1350000000000002864 ) ) ;
#3950 =( NAMED_UNIT ( * ) SI_UNIT ( $, .STERADIAN. ) SOLID_ANGLE_UNIT ( ) );
#3951 = CARTESIAN_POINT ( 'NONE',  ( -0.2360000000000003206, -1.146000000000000352, -0.7700000000000000178 ) ) ;
#3952 = CARTESIAN_POINT ( 'NONE',  ( 0.0000000000000000000, 12.69999999999999929, -0.1350000000000004530 ) ) ;
#3953 = ORIENTED_EDGE ( 'NONE', *, *, #4890, .T. ) ;
#3954 = EDGE_CURVE ( 'NONE', #3251, #1846, #2185, .T. ) ;
#3955 =( NAMED_UNIT ( * ) PLANE_ANGLE_UNIT ( ) SI_UNIT ( $, .RADIAN. ) );
#3956 = CARTESIAN_POINT ( 'NONE',  ( 0.0000000000000000000, 12.69999999999999929, 0.1350000000000002864 ) ) ;
#3957 = CARTESIAN_POINT ( 'NONE',  ( -0.3350000000000000755, 0.3464101615137764600, -0.3350000000000001310 ) ) ;
#3958 = ORIENTED_EDGE ( 'NONE', *, *, #480, .T. ) ;
#3959 =( NAMED_UNIT ( * ) SI_UNIT ( $, .STERADIAN. ) SOLID_ANGLE_UNIT ( ) );
#3960 = EDGE_CURVE ( 'NONE', #821, #2674, #3458, .T. ) ;
#3961 = CARTESIAN_POINT ( 'NONE',  ( -2.882882057274446463, 1.252882057274445904, -1.262882057274444580 ) ) ;
#3962 = ORIENTED_EDGE ( 'NONE', *, *, #3831, .F. ) ;
#3963 = FILL_AREA_STYLE_COLOUR ( '', #2203 ) ;
#3964 = SURFACE_STYLE_FILL_AREA ( #2853 ) ;
#3965 =( NAMED_UNIT ( * ) PLANE_ANGLE_UNIT ( ) SI_UNIT ( $, .RADIAN. ) );
#3966 = ORIENTED_EDGE ( 'NONE', *, *, #1843, .T. ) ;
#3967 = FACE_OUTER_BOUND ( 'NONE', #4203, .T. ) ;
#3968 = SURFACE_STYLE_USAGE ( .BOTH. , #1668 ) ;
#3969 =( NAMED_UNIT ( * ) PLANE_ANGLE_UNIT ( ) SI_UNIT ( $, .RADIAN. ) );
#3970 = COLOUR_RGB ( '',0.1019607843137254888, 0.1019607843137254888, 0.1019607843137254888 ) ;
#3971 = MECHANICAL_DESIGN_GEOMETRIC_PRESENTATION_REPRESENTATION (  '', ( #3644 ), #1253 ) ;
#3972 = SURFACE_SIDE_STYLE ('',( #1313 ) ) ;
#3973 = FACE_OUTER_BOUND ( 'NONE', #3780, .T. ) ;
#3974 = CARTESIAN_POINT ( 'NONE',  ( 0.4900000000000017120, 1.399999999999999689, 1.270000000000000018 ) ) ;
#3975 = MECHANICAL_DESIGN_GEOMETRIC_PRESENTATION_REPRESENTATION (  '', ( #3647 ), #686 ) ;
#3976 = UNCERTAINTY_MEASURE_WITH_UNIT (LENGTH_MEASURE( 1.000000000000000082E-05 ), #4907, 'distance_accuracy_value', 'NONE');
#3977 = LINE ( 'NONE', #658, #421 ) ;
#3978 = DIRECTION ( 'NONE',  ( -1.000000000000000000, -0.0000000000000000000, -0.0000000000000000000 ) ) ;
#3979 = STYLED_ITEM ( 'NONE', ( #3433 ), #1552 ) ;
#3980 = AXIS2_PLACEMENT_3D ( 'NONE', #1883, #12, #4527 ) ;
#3981 = ADVANCED_FACE ( 'NONE', ( #391 ), #4, .T. ) ;
#3982 = CARTESIAN_POINT ( 'NONE',  ( -3.247106781186548385, -1.617106781186547160, -1.270000000000000240 ) ) ;
#3983 = EDGE_LOOP ( 'NONE', ( #1543, #3391, #2244, #3399 ) ) ;
#3984 =( GEOMETRIC_REPRESENTATION_CONTEXT ( 3 ) GLOBAL_UNCERTAINTY_ASSIGNED_CONTEXT ( ( #817 ) ) GLOBAL_UNIT_ASSIGNED_CONTEXT ( ( #3225, #4018, #4795 ) ) REPRESENTATION_CONTEXT ( 'NONE', 'WORKASPACE' ) );
#3985 = CARTESIAN_POINT ( 'NONE',  ( 5.080000000000000071, 1.199999999999999956, 1.070000000000000284 ) ) ;
#3986 = EDGE_LOOP ( 'NONE', ( #3930, #4814, #2963, #4089 ) ) ;
#3987 = FILL_AREA_STYLE_COLOUR ( '', #153 ) ;
#3988 = EDGE_CURVE ( 'NONE', #4827, #983, #2710, .T. ) ;
#3989 = VECTOR ( 'NONE', #487, 1000.000000000000000 ) ;
#3990 = SURFACE_STYLE_USAGE ( .BOTH. , #243 ) ;
#3991 = ORIENTED_EDGE ( 'NONE', *, *, #4045, .F. ) ;
#3992 =( NAMED_UNIT ( * ) PLANE_ANGLE_UNIT ( ) SI_UNIT ( $, .RADIAN. ) );
#3993 = ORIENTED_EDGE ( 'NONE', *, *, #3449, .T. ) ;
#3994 = CARTESIAN_POINT ( 'NONE',  ( 5.080000000000000071, -1.400000000000000133, -0.7700000000000000178 ) ) ;
#3995 =( GEOMETRIC_REPRESENTATION_CONTEXT ( 3 ) GLOBAL_UNCERTAINTY_ASSIGNED_CONTEXT ( ( #329 ) ) GLOBAL_UNIT_ASSIGNED_CONTEXT ( ( #2406, #851, #4238 ) ) REPRESENTATION_CONTEXT ( 'NONE', 'WORKASPACE' ) );
#3996 = ADVANCED_FACE ( 'NONE', ( #2607 ), #894, .T. ) ;
#3997 = EDGE_LOOP ( 'NONE', ( #4364, #1977, #3546, #3414 ) ) ;
#3998 =( GEOMETRIC_REPRESENTATION_CONTEXT ( 3 ) GLOBAL_UNCERTAINTY_ASSIGNED_CONTEXT ( ( #4873 ) ) GLOBAL_UNIT_ASSIGNED_CONTEXT ( ( #904, #3600, #4808 ) ) REPRESENTATION_CONTEXT ( 'NONE', 'WORKASPACE' ) );
#3999 = DIRECTION ( 'NONE',  ( -0.0000000000000000000, 0.0000000000000000000, -1.000000000000000000 ) ) ;
#4000 = CARTESIAN_POINT ( 'NONE',  ( -2.882882057274446463, 1.252882057274445904, -1.262882057274444580 ) ) ;
#4001 = PRESENTATION_LAYER_ASSIGNMENT (  '', '', ( #965 ) ) ;
#4002 = CARTESIAN_POINT ( 'NONE',  ( 3.030000000000002913, -1.400000000000000355, 1.270000000000001128 ) ) ;
#4003 = DIRECTION ( 'NONE',  ( 0.7071067811865473507, -0.7071067811865477948, 0.0000000000000000000 ) ) ;
#4004 = VECTOR ( 'NONE', #89, 1000.000000000000114 ) ;
#4005 =( NAMED_UNIT ( * ) SI_UNIT ( $, .STERADIAN. ) SOLID_ANGLE_UNIT ( ) );
#4006 = VERTEX_POINT ( 'NONE', #1311 ) ;
#4007 = FILL_AREA_STYLE ('',( #3691 ) ) ;
#4008 = MECHANICAL_DESIGN_GEOMETRIC_PRESENTATION_REPRESENTATION (  '', ( #3036 ), #2477 ) ;
#4009 = DIRECTION ( 'NONE',  ( 0.0000000000000000000, 0.0000000000000000000, -1.000000000000000000 ) ) ;
#4010 = EDGE_CURVE ( 'NONE', #204, #2381, #1399, .T. ) ;
#4011 = EDGE_LOOP ( 'NONE', ( #3936, #856, #4469, #4367 ) ) ;
#4012 = LINE ( 'NONE', #554, #2446 ) ;
#4013 = VECTOR ( 'NONE', #4041, 1000.000000000000000 ) ;
#4014 = EDGE_LOOP ( 'NONE', ( #755, #2625, #577, #4138 ) ) ;
#4015 = FACE_OUTER_BOUND ( 'NONE', #3707, .T. ) ;
#4016 = ORIENTED_EDGE ( 'NONE', *, *, #1810, .F. ) ;
#4017 = EDGE_CURVE ( 'NONE', #3439, #33, #807, .T. ) ;
#4018 =( NAMED_UNIT ( * ) PLANE_ANGLE_UNIT ( ) SI_UNIT ( $, .RADIAN. ) );
#4019 = ORIENTED_EDGE ( 'NONE', *, *, #3096, .T. ) ;
#4020 = DIRECTION ( 'NONE',  ( -0.0000000000000000000, 0.0000000000000000000, -1.000000000000000000 ) ) ;
#4021 = LINE ( 'NONE', #2513, #4406 ) ;
#4022 = EDGE_CURVE ( 'NONE', #1452, #3832, #4618, .T. ) ;
#4023 = SURFACE_SIDE_STYLE ('',( #2113 ) ) ;
#4024 = CARTESIAN_POINT ( 'NONE',  ( 2.197117942725554940, 1.252882057274444572, -1.262882057274445025 ) ) ;
#4025 = SURFACE_STYLE_FILL_AREA ( #4769 ) ;
#4026 =( NAMED_UNIT ( * ) SI_UNIT ( $, .STERADIAN. ) SOLID_ANGLE_UNIT ( ) );
#4027 = ORIENTED_EDGE ( 'NONE', *, *, #3159, .T. ) ;
#4028 = VECTOR ( 'NONE', #3737, 1000.000000000000000 ) ;
#4029 =( GEOMETRIC_REPRESENTATION_CONTEXT ( 3 ) GLOBAL_UNCERTAINTY_ASSIGNED_CONTEXT ( ( #2014 ) ) GLOBAL_UNIT_ASSIGNED_CONTEXT ( ( #2051, #1734, #987 ) ) REPRESENTATION_CONTEXT ( 'NONE', 'WORKASPACE' ) );
#4030 = PRESENTATION_STYLE_ASSIGNMENT (( #306 ) ) ;
#4031 = PRESENTATION_STYLE_ASSIGNMENT (( #3262 ) ) ;
#4032 = PRODUCT_DEFINITION_FORMATION_WITH_SPECIFIED_SOURCE ( 'ANY', '', #1864, .NOT_KNOWN. ) ;
#4033 = ORIENTED_EDGE ( 'NONE', *, *, #1962, .F. ) ;
#4034 = PLANE ( 'NONE',  #98 ) ;
#4035 = SURFACE_SIDE_STYLE ('',( #2500 ) ) ;
#4036 =( LENGTH_UNIT ( ) NAMED_UNIT ( * ) SI_UNIT ( .MILLI., .METRE. ) );
#4037 = DIRECTION ( 'NONE',  ( -1.000000000000000000, 0.0000000000000000000, 0.0000000000000000000 ) ) ;
#4038 = ORIENTED_EDGE ( 'NONE', *, *, #2260, .T. ) ;
#4039 =( NAMED_UNIT ( * ) SI_UNIT ( $, .STERADIAN. ) SOLID_ANGLE_UNIT ( ) );
#4040 = VERTEX_POINT ( 'NONE', #3510 ) ;
#4041 = DIRECTION ( 'NONE',  ( 0.0000000000000000000, 0.0000000000000000000, 1.000000000000000000 ) ) ;
#4042 = SURFACE_STYLE_FILL_AREA ( #2485 ) ;
#4043 = DIRECTION ( 'NONE',  ( -0.7071067811865469066, 0.0000000000000000000, 0.7071067811865482389 ) ) ;
#4044 = ORIENTED_EDGE ( 'NONE', *, *, #2395, .T. ) ;
#4045 = EDGE_CURVE ( 'NONE', #3537, #719, #3155, .T. ) ;
#4046 = DIRECTION ( 'NONE',  ( 0.7071067811865491270, 0.0000000000000000000, 0.7071067811865459074 ) ) ;
#4047 = SURFACE_STYLE_USAGE ( .BOTH. , #1339 ) ;
#4048 = DIRECTION ( 'NONE',  ( 0.5773502691896260641, 0.5773502691896257311, 0.5773502691896253980 ) ) ;
#4049 = PRESENTATION_STYLE_ASSIGNMENT (( #2515 ) ) ;
#4050 = EDGE_CURVE ( 'NONE', #2029, #772, #4670, .T. ) ;
#4051 = CARTESIAN_POINT ( 'NONE',  ( -2.890000000000000568, -1.259999999999999787, -1.270000000000000240 ) ) ;
#4052 =( GEOMETRIC_REPRESENTATION_CONTEXT ( 3 ) GLOBAL_UNCERTAINTY_ASSIGNED_CONTEXT ( ( #2468 ) ) GLOBAL_UNIT_ASSIGNED_CONTEXT ( ( #3945, #1598, #176 ) ) REPRESENTATION_CONTEXT ( 'NONE', 'WORKASPACE' ) );
#4053 = ADVANCED_FACE ( 'NONE', ( #3084 ), #1985, .F. ) ;
#4054 = VECTOR ( 'NONE', #1395, 1000.000000000000000 ) ;
#4055 = ORIENTED_EDGE ( 'NONE', *, *, #66, .T. ) ;
#4056 = SURFACE_SIDE_STYLE ('',( #3576 ) ) ;
#4057 = VECTOR ( 'NONE', #4578, 1000.000000000000000 ) ;
#4058 = LINE ( 'NONE', #193, #1089 ) ;
#4059 = FACE_OUTER_BOUND ( 'NONE', #3557, .T. ) ;
#4060 = ORIENTED_EDGE ( 'NONE', *, *, #1133, .F. ) ;
#4061 = MECHANICAL_DESIGN_GEOMETRIC_PRESENTATION_REPRESENTATION (  '', ( #1981 ), #4704 ) ;
#4062 = DIRECTION ( 'NONE',  ( 0.0000000000000000000, 0.0000000000000000000, -1.000000000000000000 ) ) ;
#4063 = CARTESIAN_POINT ( 'NONE',  ( 5.080000000000000071, -1.400000000000000133, 1.269999999999999574 ) ) ;
#4064 = ORIENTED_EDGE ( 'NONE', *, *, #1472, .F. ) ;
#4065 = VECTOR ( 'NONE', #777, 1000.000000000000000 ) ;
#4066 = FILL_AREA_STYLE ('',( #4396 ) ) ;
#4067 = VERTEX_POINT ( 'NONE', #3134 ) ;
#4068 = PLANE ( 'NONE',  #2817 ) ;
#4069 = VECTOR ( 'NONE', #2022, 1000.000000000000000 ) ;
#4070 = LINE ( 'NONE', #2158, #2082 ) ;
#4071 = EDGE_CURVE ( 'NONE', #3470, #4162, #387, .T. ) ;
#4072 = FILL_AREA_STYLE_COLOUR ( '', #2961 ) ;
#4073 = COLOUR_RGB ( '',0.1019607843137254888, 0.1019607843137254888, 0.1019607843137254888 ) ;
#4074 = SURFACE_STYLE_USAGE ( .BOTH. , #3593 ) ;
#4075 = LINE ( 'NONE', #2517, #348 ) ;
#4076 = UNCERTAINTY_MEASURE_WITH_UNIT (LENGTH_MEASURE( 1.000000000000000082E-05 ), #2118, 'distance_accuracy_value', 'NONE');
#4077 = MECHANICAL_DESIGN_GEOMETRIC_PRESENTATION_REPRESENTATION (  '', ( #16 ), #3998 ) ;
#4078 = EDGE_CURVE ( 'NONE', #4162, #4361, #2033, .T. ) ;
#4079 = CARTESIAN_POINT ( 'NONE',  ( -2.106797325730099590, 1.343202674269898367, -1.238119048685106582 ) ) ;
#4080 =( BOUNDED_CURVE ( )  B_SPLINE_CURVE ( 3, ( #1502, #4202, #3852, #431 ),
 .UNSPECIFIED., .F., .T. ) 
 B_SPLINE_CURVE_WITH_KNOTS ( ( 4, 4 ),
 ( 3.141592653589793116, 3.409185048727577438 ),
 .UNSPECIFIED. ) 
 CURVE ( )  GEOMETRIC_REPRESENTATION_ITEM ( )  RATIONAL_B_SPLINE_CURVE ( ( 1.000000000000000000, 0.9940417555543828998, 0.9940417555543828998, 1.000000000000000000 ) ) 
 REPRESENTATION_ITEM ( '' )  );
#4081 = VECTOR ( 'NONE', #4090, 1000.000000000000000 ) ;
#4082 = EDGE_LOOP ( 'NONE', ( #1918, #3199, #1228, #4535 ) ) ;
#4083 =( NAMED_UNIT ( * ) PLANE_ANGLE_UNIT ( ) SI_UNIT ( $, .RADIAN. ) );
#4084 = EDGE_CURVE ( 'NONE', #4607, #1139, #752, .T. ) ;
#4085 = COLOUR_RGB ( '',0.1019607843137254888, 0.1019607843137254888, 0.1019607843137254888 ) ;
#4086 = DIRECTION ( 'NONE',  ( -0.8660254037844387076, 0.4999999999999998890, 2.102119307934458295E-16 ) ) ;
#4087 = VECTOR ( 'NONE', #4368, 1000.000000000000114 ) ;
#4088 = DIRECTION ( 'NONE',  ( -0.0000000000000000000, -1.000000000000000000, 0.0000000000000000000 ) ) ;
#4089 = ORIENTED_EDGE ( 'NONE', *, *, #736, .F. ) ;
#4090 = DIRECTION ( 'NONE',  ( -0.0000000000000000000, -1.000000000000000000, 0.0000000000000000000 ) ) ;
#4091 = PRESENTATION_STYLE_ASSIGNMENT (( #266 ) ) ;
#4092 = ORIENTED_EDGE ( 'NONE', *, *, #1778, .T. ) ;
#4093 = CARTESIAN_POINT ( 'NONE',  ( 2.539999999999999591, -0.9099999999999998090, 0.9200000000000002620 ) ) ;
#4094 = MECHANICAL_DESIGN_GEOMETRIC_PRESENTATION_REPRESENTATION (  '', ( #2803 ), #3355 ) ;
#4095 = PLANE ( 'NONE',  #612 ) ;
#4096 = PRESENTATION_STYLE_ASSIGNMENT (( #1365 ) ) ;
#4097 = EDGE_LOOP ( 'NONE', ( #3774, #223, #2872, #1405 ) ) ;
#4098 = SURFACE_STYLE_USAGE ( .BOTH. , #676 ) ;
#4099 = SURFACE_STYLE_FILL_AREA ( #4891 ) ;
#4100 = SURFACE_STYLE_USAGE ( .BOTH. , #2490 ) ;
#4101 = LINE ( 'NONE', #4051, #1068 ) ;
#4102 = DIRECTION ( 'NONE',  ( -1.000000000000000000, -0.0000000000000000000, 0.0000000000000000000 ) ) ;
#4103 = STYLED_ITEM ( 'NONE', ( #3634 ), #4751 ) ;
#4104 = CARTESIAN_POINT ( 'NONE',  ( -2.049999999999998490, 1.399999999999999689, -1.163653726294449520 ) ) ;
#4105 = ORIENTED_EDGE ( 'NONE', *, *, #3182, .T. ) ;
#4106 = ADVANCED_FACE ( 'NONE', ( #3863 ), #4242, .T. ) ;
#4107 = ORIENTED_EDGE ( 'NONE', *, *, #2875, .F. ) ;
#4108 = STYLED_ITEM ( 'NONE', ( #1259 ), #4206 ) ;
#4109 = SURFACE_STYLE_FILL_AREA ( #4487 ) ;
#4110 = VECTOR ( 'NONE', #3042, 1000.000000000000000 ) ;
#4111 = DIRECTION ( 'NONE',  ( 0.0000000000000000000, -0.0000000000000000000, 1.000000000000000000 ) ) ;
#4112 = EDGE_CURVE ( 'NONE', #3085, #3029, #197, .T. ) ;
#4113 = VERTEX_POINT ( 'NONE', #2503 ) ;
#4114 = PRODUCT_DEFINITION_SHAPE ( 'NONE', 'NONE',  #607 ) ;
#4115 = LINE ( 'NONE', #314, #1037 ) ;
#4116 = ORIENTED_EDGE ( 'NONE', *, *, #2431, .T. ) ;
#4117 = PRESENTATION_STYLE_ASSIGNMENT (( #2977 ) ) ;
#4118 = FILL_AREA_STYLE_COLOUR ( '', #3441 ) ;
#4119 = FILL_AREA_STYLE_COLOUR ( '', #3006 ) ;
#4120 = CARTESIAN_POINT ( 'NONE',  ( 5.080000000000000071, 1.199999999999999956, 1.270000000000000018 ) ) ;
#4121 = UNCERTAINTY_MEASURE_WITH_UNIT (LENGTH_MEASURE( 1.000000000000000082E-05 ), #3801, 'distance_accuracy_value', 'NONE');
#4122 =( NAMED_UNIT ( * ) SI_UNIT ( $, .STERADIAN. ) SOLID_ANGLE_UNIT ( ) );
#4123 = ORIENTED_EDGE ( 'NONE', *, *, #705, .F. ) ;
#4124 = VERTEX_POINT ( 'NONE', #960 ) ;
#4125 = CARTESIAN_POINT ( 'NONE',  ( 5.080000000000000071, -1.400000000000000577, -1.270000000000000240 ) ) ;
#4126 =( NAMED_UNIT ( * ) SI_UNIT ( $, .STERADIAN. ) SOLID_ANGLE_UNIT ( ) );
#4127 = VECTOR ( 'NONE', #838, 1000.000000000000114 ) ;
#4128 = AXIS2_PLACEMENT_3D ( 'NONE', #3956, #2445, #3527 ) ;
#4129 = LINE ( 'NONE', #1850, #1271 ) ;
#4130 = ORIENTED_EDGE ( 'NONE', *, *, #3096, .F. ) ;
#4131 =( NAMED_UNIT ( * ) PLANE_ANGLE_UNIT ( ) SI_UNIT ( $, .RADIAN. ) );
#4132 = STYLED_ITEM ( 'NONE', ( #3438 ), #1269 ) ;
#4133 = PLANE ( 'NONE',  #3418 ) ;
#4134 = VECTOR ( 'NONE', #4402, 1000.000000000000114 ) ;
#4135 = EDGE_CURVE ( 'NONE', #3048, #3798, #2455, .T. ) ;
#4136 = DIRECTION ( 'NONE',  ( -1.000000000000000000, -0.0000000000000000000, -0.0000000000000000000 ) ) ;
#4137 = COLOUR_RGB ( '',0.1019607843137254888, 0.1019607843137254888, 0.1019607843137254888 ) ;
#4138 = ORIENTED_EDGE ( 'NONE', *, *, #2753, .F. ) ;
#4139 =( LENGTH_UNIT ( ) NAMED_UNIT ( * ) SI_UNIT ( .MILLI., .METRE. ) );
#4140 = PRESENTATION_LAYER_ASSIGNMENT (  '', '', ( #312 ) ) ;
#4141 = LINE ( 'NONE', #4625, #863 ) ;
#4142 = CARTESIAN_POINT ( 'NONE',  ( 5.080000000000000071, -1.400000000000000133, 1.269999999999999574 ) ) ;
#4143 = SURFACE_SIDE_STYLE ('',( #4221 ) ) ;
#4144 = PRESENTATION_LAYER_ASSIGNMENT (  '', '', ( #2786 ) ) ;
#4145 = LINE ( 'NONE', #2313, #775 ) ;
#4146 = PLANE ( 'NONE',  #648 ) ;
#4147 = PRESENTATION_STYLE_ASSIGNMENT (( #2984 ) ) ;
#4148 = EDGE_LOOP ( 'NONE', ( #1803, #1915, #3385, #779 ) ) ;
#4149 =( GEOMETRIC_REPRESENTATION_CONTEXT ( 3 ) GLOBAL_UNCERTAINTY_ASSIGNED_CONTEXT ( ( #425 ) ) GLOBAL_UNIT_ASSIGNED_CONTEXT ( ( #1429, #2944, #720 ) ) REPRESENTATION_CONTEXT ( 'NONE', 'WORKASPACE' ) );
#4150 = ORIENTED_EDGE ( 'NONE', *, *, #3837, .F. ) ;
#4151 = CARTESIAN_POINT ( 'NONE',  ( 2.882882057274443799, 1.252882057274442795, 1.262882057274445913 ) ) ;
#4152 =( GEOMETRIC_REPRESENTATION_CONTEXT ( 3 ) GLOBAL_UNCERTAINTY_ASSIGNED_CONTEXT ( ( #3717 ) ) GLOBAL_UNIT_ASSIGNED_CONTEXT ( ( #2938, #3551, #281 ) ) REPRESENTATION_CONTEXT ( 'NONE', 'WORKASPACE' ) );
#4153 = VERTEX_POINT ( 'NONE', #1281 ) ;
#4154 = DIRECTION ( 'NONE',  ( -0.7071067811865469066, 0.0000000000000000000, 0.7071067811865482389 ) ) ;
#4155 =( LENGTH_UNIT ( ) NAMED_UNIT ( * ) SI_UNIT ( .MILLI., .METRE. ) );
#4156 =( GEOMETRIC_REPRESENTATION_CONTEXT ( 3 ) GLOBAL_UNCERTAINTY_ASSIGNED_CONTEXT ( ( #3518 ) ) GLOBAL_UNIT_ASSIGNED_CONTEXT ( ( #2488, #2087, #2463 ) ) REPRESENTATION_CONTEXT ( 'NONE', 'WORKASPACE' ) );
#4157 =( NAMED_UNIT ( * ) PLANE_ANGLE_UNIT ( ) SI_UNIT ( $, .RADIAN. ) );
#4158 = PRESENTATION_LAYER_ASSIGNMENT (  '', '', ( #3036 ) ) ;
#4159 =( NAMED_UNIT ( * ) PLANE_ANGLE_UNIT ( ) SI_UNIT ( $, .RADIAN. ) );
#4160 = CARTESIAN_POINT ( 'NONE',  ( 0.3428820572744438744, 1.252882057274442351, 1.262882057274445913 ) ) ;
#4161 = EDGE_CURVE ( 'NONE', #2407, #1556, #2478, .T. ) ;
#4162 = VERTEX_POINT ( 'NONE', #4336 ) ;
#4163 = MECHANICAL_DESIGN_GEOMETRIC_PRESENTATION_REPRESENTATION (  '', ( #724 ), #1453 ) ;
#4164 = SURFACE_STYLE_FILL_AREA ( #3376 ) ;
#4165 = DIRECTION ( 'NONE',  ( -0.0000000000000000000, 0.0000000000000000000, 1.000000000000000000 ) ) ;
#4166 = CARTESIAN_POINT ( 'NONE',  ( -1.584999999999999964, -1.400000000000001021, 0.3149999999999998912 ) ) ;
#4167 =( NAMED_UNIT ( * ) SI_UNIT ( $, .STERADIAN. ) SOLID_ANGLE_UNIT ( ) );
#4168 = EDGE_CURVE ( 'NONE', #1394, #2103, #533, .T. ) ;
#4169 = FILL_AREA_STYLE_COLOUR ( '', #803 ) ;
#4170 = UNCERTAINTY_MEASURE_WITH_UNIT (LENGTH_MEASURE( 1.000000000000000082E-05 ), #2038, 'distance_accuracy_value', 'NONE');
#4171 = FILL_AREA_STYLE ('',( #1474 ) ) ;
#4172 = CARTESIAN_POINT ( 'NONE',  ( 3.494999999999999662, 1.399999999999999689, -0.3150000000000001688 ) ) ;
#4173 = ORIENTED_EDGE ( 'NONE', *, *, #615, .T. ) ;
#4174 = CARTESIAN_POINT ( 'NONE',  ( -2.197117942725556716, 1.252882057274441907, 1.262882057274445913 ) ) ;
#4175 = ORIENTED_EDGE ( 'NONE', *, *, #2483, .T. ) ;
#4176 = CARTESIAN_POINT ( 'NONE',  ( 0.3499999999999983125, 1.199999999999999956, 1.270000000000000018 ) ) ;
#4177 = COLOUR_RGB ( '',0.1019607843137254888, 0.1019607843137254888, 0.1019607843137254888 ) ;
#4178 =( GEOMETRIC_REPRESENTATION_CONTEXT ( 3 ) GLOBAL_UNCERTAINTY_ASSIGNED_CONTEXT ( ( #4924 ) ) GLOBAL_UNIT_ASSIGNED_CONTEXT ( ( #3559, #4816, #4039 ) ) REPRESENTATION_CONTEXT ( 'NONE', 'WORKASPACE' ) );
#4179 = ORIENTED_EDGE ( 'NONE', *, *, #3489, .T. ) ;
#4180 = CARTESIAN_POINT ( 'NONE',  ( -4.589999999999999858, -1.400000000000000133, 0.7700000000000001288 ) ) ;
#4181 =( LENGTH_UNIT ( ) NAMED_UNIT ( * ) SI_UNIT ( .MILLI., .METRE. ) );
#4182 = FILL_AREA_STYLE ('',( #4493 ) ) ;
#4183 = AXIS2_PLACEMENT_3D ( 'NONE', #2297, #4209, #773 ) ;
#4184 = VECTOR ( 'NONE', #3110, 1000.000000000000000 ) ;
#4185 = DIRECTION ( 'NONE',  ( -1.000000000000000000, -0.0000000000000000000, -0.0000000000000000000 ) ) ;
#4186 = DIRECTION ( 'NONE',  ( 0.7071067811865489050, -0.7071067811865462405, 0.0000000000000000000 ) ) ;
#4187 = ORIENTED_EDGE ( 'NONE', *, *, #2349, .T. ) ;
#4188 =( NAMED_UNIT ( * ) PLANE_ANGLE_UNIT ( ) SI_UNIT ( $, .RADIAN. ) );
#4189 = ORIENTED_EDGE ( 'NONE', *, *, #3263, .T. ) ;
#4190 =( NAMED_UNIT ( * ) PLANE_ANGLE_UNIT ( ) SI_UNIT ( $, .RADIAN. ) );
#4191 = PRODUCT_DEFINITION_SHAPE ( 'NONE', 'NONE',  #4935 ) ;
#4192 =( NAMED_UNIT ( * ) PLANE_ANGLE_UNIT ( ) SI_UNIT ( $, .RADIAN. ) );
#4193 = FILL_AREA_STYLE ('',( #3033 ) ) ;
#4194 = EDGE_CURVE ( 'NONE', #4484, #3904, #1158, .T. ) ;
#4195 = FACE_OUTER_BOUND ( 'NONE', #2095, .T. ) ;
#4196 = SURFACE_SIDE_STYLE ('',( #3035 ) ) ;
#4197 = DIRECTION ( 'NONE',  ( 1.000000000000000000, 0.0000000000000000000, 0.0000000000000000000 ) ) ;
#4198 = LINE ( 'NONE', #2663, #4620 ) ;
#4199 = ADVANCED_FACE ( 'NONE', ( #222 ), #2076, .F. ) ;
#4200 = LINE ( 'NONE', #1136, #3000 ) ;
#4201 = ORIENTED_EDGE ( 'NONE', *, *, #3925, .F. ) ;
#4202 = CARTESIAN_POINT ( 'NONE',  ( 0.3499999999999972022, 1.217892925670840176, -1.269999999999999796 ) ) ;
#4203 = EDGE_LOOP ( 'NONE', ( #116, #265, #174, #380 ) ) ;
#4204 = SURFACE_STYLE_USAGE ( .BOTH. , #3045 ) ;
#4205 = CARTESIAN_POINT ( 'NONE',  ( 3.030000000000001137, 1.399999999999999911, 1.163653726294449520 ) ) ;
#4206 = ADVANCED_FACE ( 'NONE', ( #3244 ), #244, .F. ) ;
#4207 = SURFACE_STYLE_FILL_AREA ( #50 ) ;
#4208 = ORIENTED_EDGE ( 'NONE', *, *, #3104, .T. ) ;
#4209 = DIRECTION ( 'NONE',  ( 0.0000000000000000000, 0.0000000000000000000, 1.000000000000000000 ) ) ;
#4210 = SURFACE_STYLE_USAGE ( .BOTH. , #1099 ) ;
#4211 = MECHANICAL_DESIGN_GEOMETRIC_PRESENTATION_REPRESENTATION (  '', ( #1160 ), #3396 ) ;
#4212 = DIRECTION ( 'NONE',  ( -1.000000000000000000, -0.0000000000000000000, 0.0000000000000000000 ) ) ;
#4213 = VECTOR ( 'NONE', #1995, 1000.000000000000000 ) ;
#4214 = COLOUR_RGB ( '',0.1019607843137254888, 0.1019607843137254888, 0.1019607843137254888 ) ;
#4215 = ORIENTED_EDGE ( 'NONE', *, *, #1604, .F. ) ;
#4216 = CARTESIAN_POINT ( 'NONE',  ( 3.494999999999999662, -1.400000000000001021, 0.3149999999999998912 ) ) ;
#4217 = AXIS2_PLACEMENT_3D ( 'NONE', #1693, #1623, #2810 ) ;
#4218 = DIRECTION ( 'NONE',  ( -0.4999999999999983347, 0.8660254037844397068, 0.0000000000000000000 ) ) ;
#4219 = DIRECTION ( 'NONE',  ( 1.000000000000000000, 0.0000000000000000000, 0.0000000000000000000 ) ) ;
#4220 = DIRECTION ( 'NONE',  ( 0.0000000000000000000, -0.0000000000000000000, 1.000000000000000000 ) ) ;
#4221 = SURFACE_STYLE_FILL_AREA ( #3067 ) ;
#4222 = COLOUR_RGB ( '',0.1019607843137254888, 0.1019607843137254888, 0.1019607843137254888 ) ;
#4223 = UNCERTAINTY_MEASURE_WITH_UNIT (LENGTH_MEASURE( 1.000000000000000082E-05 ), #1006, 'distance_accuracy_value', 'NONE');
#4224 = EDGE_CURVE ( 'NONE', #1971, #2196, #3315, .T. ) ;
#4225 = VECTOR ( 'NONE', #1457, 1000.000000000000000 ) ;
#4226 = VERTEX_POINT ( 'NONE', #1887 ) ;
#4227 = CARTESIAN_POINT ( 'NONE',  ( -2.775999999999998913, -1.145999999999999908, 0.7700000000000000178 ) ) ;
#4228 = CARTESIAN_POINT ( 'NONE',  ( 2.049999999999999822, 1.399999999999999689, -1.069999999999999618 ) ) ;
#4229 = VERTEX_POINT ( 'NONE', #4833 ) ;
#4230 = EDGE_CURVE ( 'NONE', #3285, #3231, #1138, .T. ) ;
#4231 = VECTOR ( 'NONE', #4515, 1000.000000000000000 ) ;
#4232 =( NAMED_UNIT ( * ) PLANE_ANGLE_UNIT ( ) SI_UNIT ( $, .RADIAN. ) );
#4233 = MECHANICAL_DESIGN_GEOMETRIC_PRESENTATION_REPRESENTATION (  '', ( #788 ), #3662 ) ;
#4234 = ORIENTED_EDGE ( 'NONE', *, *, #996, .F. ) ;
#4235 = SURFACE_STYLE_USAGE ( .BOTH. , #2700 ) ;
#4236 = SHAPE_DEFINITION_REPRESENTATION ( #4114, #4593 ) ;
#4237 = EDGE_CURVE ( 'NONE', #1582, #821, #3073, .T. ) ;
#4238 =( NAMED_UNIT ( * ) SI_UNIT ( $, .STERADIAN. ) SOLID_ANGLE_UNIT ( ) );
#4239 = PRESENTATION_LAYER_ASSIGNMENT (  '', '', ( #3590 ) ) ;
#4240 = DIRECTION ( 'NONE',  ( 0.0000000000000000000, -1.000000000000000000, -1.548860246407863583E-16 ) ) ;
#4241 =( BOUNDED_CURVE ( )  B_SPLINE_CURVE ( 3, ( #4160, #4470, #3324, #4888 ),
 .UNSPECIFIED., .F., .T. ) 
 B_SPLINE_CURVE_WITH_KNOTS ( ( 4, 4 ),
 ( 2.874000258452006573, 3.141592653589793116 ),
 .UNSPECIFIED. ) 
 CURVE ( )  GEOMETRIC_REPRESENTATION_ITEM ( )  RATIONAL_B_SPLINE_CURVE ( ( 1.000000000000000000, 0.9940417555543827888, 0.9940417555543827888, 1.000000000000000000 ) ) 
 REPRESENTATION_ITEM ( '' )  );
#4242 = PLANE ( 'NONE',  #2100 ) ;
#4243 = SURFACE_SIDE_STYLE ('',( #3536 ) ) ;
#4244 = ORIENTED_EDGE ( 'NONE', *, *, #1868, .T. ) ;
#4245 = CARTESIAN_POINT ( 'NONE',  ( 5.080000000000000071, -1.400000000000000577, -1.270000000000000240 ) ) ;
#4246 = LINE ( 'NONE', #1237, #4383 ) ;
#4247 = DIRECTION ( 'NONE',  ( 1.000000000000000000, 0.0000000000000000000, -0.0000000000000000000 ) ) ;
#4248 = DIRECTION ( 'NONE',  ( 0.0000000000000000000, 1.000000000000000000, 1.548860246407863583E-16 ) ) ;
#4249 = SURFACE_STYLE_FILL_AREA ( #4171 ) ;
#4250 = AXIS2_PLACEMENT_3D ( 'NONE', #2482, #4404, #2136 ) ;
#4251 = ORIENTED_EDGE ( 'NONE', *, *, #3387, .F. ) ;
#4252 = SURFACE_STYLE_USAGE ( .BOTH. , #2718 ) ;
#4253 = FACE_OUTER_BOUND ( 'NONE', #3878, .T. ) ;
#4254 = EDGE_LOOP ( 'NONE', ( #2304, #2831, #3311, #1631 ) ) ;
#4255 = AXIS2_PLACEMENT_3D ( 'NONE', #822, #869, #3100 ) ;
#4256 = CARTESIAN_POINT ( 'NONE',  ( 3.030000000000001581, 1.399999999999999689, 1.070000000000000284 ) ) ;
#4257 = EDGE_CURVE ( 'NONE', #4663, #4484, #2894, .T. ) ;
#4258 = CARTESIAN_POINT ( 'NONE',  ( -0.4900000000000008793, -1.400000000000000577, -0.7700000000000000178 ) ) ;
#4259 = VERTEX_POINT ( 'NONE', #1401 ) ;
#4260 = STYLED_ITEM ( 'NONE', ( #135 ), #4451 ) ;
#4261 = LINE ( 'NONE', #3881, #1832 ) ;
#4262 = CONTEXT_DEPENDENT_SHAPE_REPRESENTATION ( #1783, #2978 ) ;
#4263 = LINE ( 'NONE', #4643, #2703 ) ;
#4265 = CARTESIAN_POINT ( 'NONE',  ( -2.887613130875109846, 1.235625935704192324, 1.267613130875109295 ) ) ;
#4264 = VECTOR ( 'NONE', #4895, 1000.000000000000000 ) ;
#4266 = EDGE_CURVE ( 'NONE', #4067, #2381, #629, .T. ) ;
#4267 = PRESENTATION_STYLE_ASSIGNMENT (( #1149 ) ) ;
#4268 = FILL_AREA_STYLE ('',( #2733 ) ) ;
#4269 = ORIENTED_EDGE ( 'NONE', *, *, #3671, .T. ) ;
#4270 = SURFACE_STYLE_USAGE ( .BOTH. , #4721 ) ;
#4271 = COLOUR_RGB ( '',0.1019607843137254888, 0.1019607843137254888, 0.1019607843137254888 ) ;
#4272 =( GEOMETRIC_REPRESENTATION_CONTEXT ( 3 ) GLOBAL_UNCERTAINTY_ASSIGNED_CONTEXT ( ( #1067 ) ) GLOBAL_UNIT_ASSIGNED_CONTEXT ( ( #2233, #4192, #3432 ) ) REPRESENTATION_CONTEXT ( 'NONE', 'WORKASPACE' ) );
#4273 = PLANE ( 'NONE',  #4777 ) ;
#4274 = EDGE_CURVE ( 'NONE', #1782, #4040, #4435, .T. ) ;
#4275 = CARTESIAN_POINT ( 'NONE',  ( 3.494999999999999662, -1.146000000000000352, -0.3150000000000001132 ) ) ;
#4276 = FILL_AREA_STYLE ('',( #475 ) ) ;
#4277 = CARTESIAN_POINT ( 'NONE',  ( 0.3349999999999999090, 0.3464101615137764600, -0.3350000000000001310 ) ) ;
#4278 = UNCERTAINTY_MEASURE_WITH_UNIT (LENGTH_MEASURE( 1.000000000000000082E-05 ), #4710, 'distance_accuracy_value', 'NONE');
#4279 =( NAMED_UNIT ( * ) SI_UNIT ( $, .STERADIAN. ) SOLID_ANGLE_UNIT ( ) );
#4280 = ORIENTED_EDGE ( 'NONE', *, *, #3988, .F. ) ;
#4281 = CARTESIAN_POINT ( 'NONE',  ( -2.776000000000000245, -1.146000000000000352, 0.0000000000000000000 ) ) ;
#4282 = SHAPE_REPRESENTATION ( 'User Library-1x4 TH Pitch 2_54mm', ( #4183, #3148, #2108, #3786, #1716, #592 ), #2182 ) ;
#4283 = ORIENTED_EDGE ( 'NONE', *, *, #2355, .F. ) ;
#4284 = DIRECTION ( 'NONE',  ( 0.0000000000000000000, 1.000000000000000000, 0.0000000000000000000 ) ) ;
#4285 = DIRECTION ( 'NONE',  ( -1.000000000000000000, -0.0000000000000000000, -0.0000000000000000000 ) ) ;
#4286 = VERTEX_POINT ( 'NONE', #4228 ) ;
#4287 = DIRECTION ( 'NONE',  ( 0.7071067811865491270, 0.0000000000000000000, 0.7071067811865459074 ) ) ;
#4288 = EDGE_CURVE ( 'NONE', #2191, #1128, #793, .T. ) ;
#4289 = DIRECTION ( 'NONE',  ( 0.5773502691896253980, 0.5773502691896233996, -0.5773502691896282846 ) ) ;
#4290 = SURFACE_SIDE_STYLE ('',( #31 ) ) ;
#4291 = SURFACE_STYLE_USAGE ( .BOTH. , #4243 ) ;
#4292 = ORIENTED_EDGE ( 'NONE', *, *, #582, .F. ) ;
#4293 = LINE ( 'NONE', #86, #4565 ) ;
#4294 = STYLED_ITEM ( 'NONE', ( #2319 ), #146 ) ;
#4295 = EDGE_CURVE ( 'NONE', #3294, #4259, #4080, .T. ) ;
#4296 = MECHANICAL_DESIGN_GEOMETRIC_PRESENTATION_REPRESENTATION (  '', ( #3725 ), #1654 ) ;
#4297 = CARTESIAN_POINT ( 'NONE',  ( -2.890000000000001013, -1.260000000000000231, 1.269999999999999574 ) ) ;
#4298 =( LENGTH_UNIT ( ) NAMED_UNIT ( * ) SI_UNIT ( .MILLI., .METRE. ) );
#4299 = ADVANCED_FACE ( 'N', ( #1941 ), #2641, .T. ) ;
#4300 = STYLED_ITEM ( 'NONE', ( #1628 ), #1357 ) ;
#4301 =( GEOMETRIC_REPRESENTATION_CONTEXT ( 3 ) GLOBAL_UNCERTAINTY_ASSIGNED_CONTEXT ( ( #2721 ) ) GLOBAL_UNIT_ASSIGNED_CONTEXT ( ( #2393, #183, #3950 ) ) REPRESENTATION_CONTEXT ( 'NONE', 'WORKASPACE' ) );
#4302 = MECHANICAL_DESIGN_GEOMETRIC_PRESENTATION_REPRESENTATION (  '', ( #610 ), #4052 ) ;
#4303 =( NAMED_UNIT ( * ) SI_UNIT ( $, .STERADIAN. ) SOLID_ANGLE_UNIT ( ) );
#4304 = SURFACE_SIDE_STYLE ('',( #3146 ) ) ;
#4305 = ORIENTED_EDGE ( 'NONE', *, *, #1658, .F. ) ;
#4306 = VECTOR ( 'NONE', #2602, 1000.000000000000000 ) ;
#4307 = CARTESIAN_POINT ( 'NONE',  ( 3.494999999999999662, -1.400000000000001021, -0.3150000000000001132 ) ) ;
#4308 = VECTOR ( 'NONE', #2173, 1000.000000000000114 ) ;
#4309 = VERTEX_POINT ( 'NONE', #2341 ) ;
#4310 = CARTESIAN_POINT ( 'NONE',  ( 2.049999999999998934, -1.400000000000000133, 1.269999999999999574 ) ) ;
#4311 = ORIENTED_EDGE ( 'NONE', *, *, #2253, .F. ) ;
#4312 = PRESENTATION_LAYER_ASSIGNMENT (  '', '', ( #4637 ) ) ;
#4313 = CARTESIAN_POINT ( 'NONE',  ( -0.3500000000000001998, 1.217892925670841509, -1.270000000000000018 ) ) ;
#4314 = FILL_AREA_STYLE_COLOUR ( '', #3327 ) ;
#4315 = CARTESIAN_POINT ( 'NONE',  ( -0.3500000000000001998, 1.217892925670841731, 1.270000000000000240 ) ) ;
#4316 = VERTEX_POINT ( 'NONE', #4706 ) ;
#4317 = VECTOR ( 'NONE', #2526, 1000.000000000000000 ) ;
#4318 = DIRECTION ( 'NONE',  ( 0.5773502691896262862, -0.5773502691896257311, 0.5773502691896251759 ) ) ;
#4319 =( NAMED_UNIT ( * ) SI_UNIT ( $, .STERADIAN. ) SOLID_ANGLE_UNIT ( ) );
#4320 = LINE ( 'NONE', #4676, #471 ) ;
#4321 = EDGE_CURVE ( 'NONE', #2263, #2558, #2744, .T. ) ;
#4322 = DIRECTION ( 'NONE',  ( 1.000000000000000000, 0.0000000000000000000, 0.0000000000000000000 ) ) ;
#4323 = PRESENTATION_LAYER_ASSIGNMENT (  '', '', ( #26 ) ) ;
#4324 = CARTESIAN_POINT ( 'NONE',  ( 0.1349999999999995093, 5.902041351209073805E-17, 0.1349999999999993705 ) ) ;
#4325 = CARTESIAN_POINT ( 'NONE',  ( 0.3499999999999978684, 1.399999999999999689, -1.269999999999999796 ) ) ;
#4326 = EDGE_CURVE ( 'NONE', #2783, #3102, #1997, .T. ) ;
#4327 = AXIS2_PLACEMENT_3D ( 'NONE', #3615, #3228, #3686 ) ;
#4328 =( NAMED_UNIT ( * ) SI_UNIT ( $, .STERADIAN. ) SOLID_ANGLE_UNIT ( ) );
#4329 = UNCERTAINTY_MEASURE_WITH_UNIT (LENGTH_MEASURE( 1.000000000000000082E-05 ), #708, 'distance_accuracy_value', 'NONE');
#4330 = VECTOR ( 'NONE', #64, 1000.000000000000227 ) ;
#4331 =( LENGTH_UNIT ( ) NAMED_UNIT ( * ) SI_UNIT ( .MILLI., .METRE. ) );
#4332 = VECTOR ( 'NONE', #4284, 1000.000000000000000 ) ;
#4333 = ORIENTED_EDGE ( 'NONE', *, *, #698, .F. ) ;
#4334 = CARTESIAN_POINT ( 'NONE',  ( 0.9550000000000000711, -1.400000000000001021, -0.3150000000000001132 ) ) ;
#4335 = PRESENTATION_STYLE_ASSIGNMENT (( #4668 ) ) ;
#4336 = CARTESIAN_POINT ( 'NONE',  ( 4.590000000000001634, 1.399999999999999689, -1.069999999999999840 ) ) ;
#4337 = ORIENTED_EDGE ( 'NONE', *, *, #1317, .T. ) ;
#4338 = FILL_AREA_STYLE ('',( #4739 ) ) ;
#4339 = ORIENTED_EDGE ( 'NONE', *, *, #2567, .F. ) ;
#4340 = CARTESIAN_POINT ( 'NONE',  ( -3.247106781186548385, 1.617106781186547160, -1.270000000000000240 ) ) ;
#4341 = AXIS2_PLACEMENT_3D ( 'NONE', #1522, #4603, #3380 ) ;
#4342 = PRESENTATION_STYLE_ASSIGNMENT (( #1287 ) ) ;
#4343 = MECHANICAL_DESIGN_GEOMETRIC_PRESENTATION_REPRESENTATION (  '', ( #1385 ), #4178 ) ;
#4344 = AXIS2_PLACEMENT_3D ( 'NONE', #579, #4037, #3651 ) ;
#4345 = PRESENTATION_STYLE_ASSIGNMENT (( #4399 ) ) ;
#4346 =( NAMED_UNIT ( * ) PLANE_ANGLE_UNIT ( ) SI_UNIT ( $, .RADIAN. ) );
#4347 = EDGE_CURVE ( 'NONE', #1451, #4692, #162, .T. ) ;
#4348 = DIRECTION ( 'NONE',  ( -2.427318296609338447E-16, -0.0000000000000000000, -1.000000000000000000 ) ) ;
#4349 = STYLED_ITEM ( 'NONE', ( #547 ), #4385 ) ;
#4350 = PRESENTATION_STYLE_ASSIGNMENT (( #2091 ) ) ;
#4351 =( NAMED_UNIT ( * ) SI_UNIT ( $, .STERADIAN. ) SOLID_ANGLE_UNIT ( ) );
#4352 = PLANE ( 'NONE',  #1546 ) ;
#4353 = ORIENTED_EDGE ( 'NONE', *, *, #1805, .T. ) ;
#4354 = EDGE_CURVE ( 'NONE', #3748, #3855, #1292, .T. ) ;
#4355 = SURFACE_SIDE_STYLE ('',( #4099 ) ) ;
#4356 = FACE_OUTER_BOUND ( 'NONE', #3628, .T. ) ;
#4357 = FACE_OUTER_BOUND ( 'NONE', #3165, .T. ) ;
#4358 = ORIENTED_EDGE ( 'NONE', *, *, #3732, .F. ) ;
#4359 = CARTESIAN_POINT ( 'NONE',  ( 2.049999999999998934, -1.400000000000000133, 1.269999999999999574 ) ) ;
#4360 = DIRECTION ( 'NONE',  ( -1.000000000000000000, -0.0000000000000000000, -0.0000000000000000000 ) ) ;
#4361 = VERTEX_POINT ( 'NONE', #3189 ) ;
#4362 = DIRECTION ( 'NONE',  ( 0.0000000000000000000, 0.4999999999999983347, -0.8660254037844397068 ) ) ;
#4363 = CARTESIAN_POINT ( 'NONE',  ( 5.080000000000000071, 1.199999999999999956, -1.269999999999999796 ) ) ;
#4364 = ORIENTED_EDGE ( 'NONE', *, *, #503, .F. ) ;
#4365 = CARTESIAN_POINT ( 'NONE',  ( -2.890000000000001013, -1.400000000000001021, 1.270000000000000240 ) ) ;
#4366 = PLANE ( 'NONE',  #2824 ) ;
#4367 = ORIENTED_EDGE ( 'NONE', *, *, #1352, .F. ) ;
#4368 = DIRECTION ( 'NONE',  ( 0.4472135954999567620, 0.7745966692414847365, 0.4472135954999566509 ) ) ;
#4369 = CARTESIAN_POINT ( 'NONE',  ( 0.3499999999999983680, -1.259999999999997122, 1.270000000000000462 ) ) ;
#4370 = DIRECTION ( 'NONE',  ( 0.0000000000000000000, -0.0000000000000000000, -1.000000000000000000 ) ) ;
#4371 = EDGE_LOOP ( 'NONE', ( #2151, #3900, #2829, #2510 ) ) ;
#4372 = AXIS2_PLACEMENT_3D ( 'NONE', #2968, #3699, #263 ) ;
#4373 = CARTESIAN_POINT ( 'NONE',  ( -2.197117942725556272, 1.252882057274441907, 1.262882057274445691 ) ) ;
#4374 = STYLED_ITEM ( 'NONE', ( #4147 ), #1203 ) ;
#4375 =( GEOMETRIC_REPRESENTATION_CONTEXT ( 3 ) GLOBAL_UNCERTAINTY_ASSIGNED_CONTEXT ( ( #1461 ) ) GLOBAL_UNIT_ASSIGNED_CONTEXT ( ( #4750, #3906, #4122 ) ) REPRESENTATION_CONTEXT ( 'NONE', 'WORKASPACE' ) );
#4376 = CARTESIAN_POINT ( 'NONE',  ( -2.540000000000000036, -0.9099999999999999201, -1.270000000000000240 ) ) ;
#4377 = DIRECTION ( 'NONE',  ( 1.000000000000000000, 0.0000000000000000000, 0.0000000000000000000 ) ) ;
#4378 =( NAMED_UNIT ( * ) SI_UNIT ( $, .STERADIAN. ) SOLID_ANGLE_UNIT ( ) );
#4379 = VECTOR ( 'NONE', #1498, 1000.000000000000000 ) ;
#4380 = COLOUR_RGB ( '',0.1019607843137254888, 0.1019607843137254888, 0.1019607843137254888 ) ;
#4381 = FACE_BOUND ( 'NONE', #4391, .T. ) ;
#4382 =( GEOMETRIC_REPRESENTATION_CONTEXT ( 3 ) GLOBAL_UNCERTAINTY_ASSIGNED_CONTEXT ( ( #90 ) ) GLOBAL_UNIT_ASSIGNED_CONTEXT ( ( #3301, #608, #2930 ) ) REPRESENTATION_CONTEXT ( 'NONE', 'WORKASPACE' ) );
#4383 = VECTOR ( 'NONE', #3563, 1000.000000000000000 ) ;
#4384 = CARTESIAN_POINT ( 'NONE',  ( 5.080000000000000071, -1.399999999999999689, 1.269999999999999574 ) ) ;
#4385 = ADVANCED_FACE ( 'NONE', ( #4253 ), #4352, .F. ) ;
#4386 = ORIENTED_EDGE ( 'NONE', *, *, #4865, .F. ) ;
#4387 = PLANE ( 'NONE',  #566 ) ;
#4388 = STYLED_ITEM ( 'NONE', ( #4096 ), #1722 ) ;
#4389 = CARTESIAN_POINT ( 'NONE',  ( -2.190000000000002167, 1.199999999999999956, -1.269999999999999796 ) ) ;
#4390 = ORIENTED_EDGE ( 'NONE', *, *, #3149, .T. ) ;
#4391 = EDGE_LOOP ( 'NONE', ( #4390, #4189, #551, #3991 ) ) ;
#4392 = CARTESIAN_POINT ( 'NONE',  ( -3.030000000000002469, -1.400000000000000133, -0.7700000000000000178 ) ) ;
#4393 = ORIENTED_EDGE ( 'NONE', *, *, #2260, .F. ) ;
#4394 = FILL_AREA_STYLE_COLOUR ( '', #3351 ) ;
#4395 = VECTOR ( 'NONE', #3423, 1000.000000000000000 ) ;
#4396 = FILL_AREA_STYLE_COLOUR ( '', #2529 ) ;
#4397 = ORIENTED_EDGE ( 'NONE', *, *, #4257, .F. ) ;
#4398 = VECTOR ( 'NONE', #3173, 1000.000000000000000 ) ;
#4399 = SURFACE_STYLE_USAGE ( .BOTH. , #637 ) ;
#4400 =( NAMED_UNIT ( * ) SI_UNIT ( $, .STERADIAN. ) SOLID_ANGLE_UNIT ( ) );
#4401 = VECTOR ( 'NONE', #381, 1000.000000000000000 ) ;
#4402 = DIRECTION ( 'NONE',  ( 0.7071067811865481278, 0.7071067811865469066, 0.0000000000000000000 ) ) ;
#4403 = CARTESIAN_POINT ( 'NONE',  ( -0.3349999999999999645, 0.3464101615137764600, 0.3349999999999999090 ) ) ;
#4404 = DIRECTION ( 'NONE',  ( 0.0000000000000000000, 1.548860246407863583E-16, -1.000000000000000000 ) ) ;
#4405 = FACE_OUTER_BOUND ( 'NONE', #4011, .T. ) ;
#4406 = VECTOR ( 'NONE', #638, 1000.000000000000000 ) ;
#4407 = DIRECTION ( 'NONE',  ( -0.4472135954999566509, -0.7745966692414848476, 0.4472135954999566509 ) ) ;
#4408 = ORIENTED_EDGE ( 'NONE', *, *, #1231, .T. ) ;
#4409 = FILL_AREA_STYLE ('',( #1730 ) ) ;
#4410 = EDGE_CURVE ( 'NONE', #481, #2368, #3903, .T. ) ;
#4411 = DIRECTION ( 'NONE',  ( 0.0000000000000000000, -0.0000000000000000000, 1.000000000000000000 ) ) ;
#4412 = MECHANICAL_DESIGN_GEOMETRIC_PRESENTATION_REPRESENTATION (  '', ( #813 ), #1699 ) ;
#4413 = CARTESIAN_POINT ( 'NONE',  ( 0.3349999999999999090, 0.3464101615137764600, -0.3350000000000001310 ) ) ;
#4414 = FILL_AREA_STYLE_COLOUR ( '', #2742 ) ;
#4415 = ORIENTED_EDGE ( 'NONE', *, *, #4533, .T. ) ;
#4416 = ORIENTED_EDGE ( 'NONE', *, *, #1154, .F. ) ;
#4417 =( NAMED_UNIT ( * ) SI_UNIT ( $, .STERADIAN. ) SOLID_ANGLE_UNIT ( ) );
#4418 = EDGE_CURVE ( 'NONE', #4124, #1865, #3567, .T. ) ;
#4419 = ORIENTED_EDGE ( 'NONE', *, *, #3240, .F. ) ;
#4420 = SURFACE_STYLE_USAGE ( .BOTH. , #2863 ) ;
#4421 = DIRECTION ( 'NONE',  ( 0.0000000000000000000, 1.000000000000000000, 1.548860246407863583E-16 ) ) ;
#4422 = COLOUR_RGB ( '',0.1019607843137254888, 0.1019607843137254888, 0.1019607843137254888 ) ;
#4423 = MECHANICAL_DESIGN_GEOMETRIC_PRESENTATION_REPRESENTATION (  '', ( #4825 ), #124 ) ;
#4424 = CARTESIAN_POINT ( 'NONE',  ( -3.494999999999999662, -1.400000000000001021, 0.3149999999999998912 ) ) ;
#4425 = ORIENTED_EDGE ( 'NONE', *, *, #2253, .T. ) ;
#4426 = UNCERTAINTY_MEASURE_WITH_UNIT (LENGTH_MEASURE( 1.000000000000000082E-05 ), #2246, 'distance_accuracy_value', 'NONE');
#4427 = STYLED_ITEM ( 'NONE', ( #4267 ), #4053 ) ;
#4428 = CARTESIAN_POINT ( 'NONE',  ( -2.882882057274446463, 1.252882057274445904, 1.262882057274445025 ) ) ;
#4429 = DIRECTION ( 'NONE',  ( -1.000000000000000000, 0.0000000000000000000, 0.0000000000000000000 ) ) ;
#4430 = COLOUR_RGB ( '',0.7921568627450980005, 0.8196078431372548767, 0.9333333333333333481 ) ;
#4431 = ORIENTED_EDGE ( 'NONE', *, *, #3175, .F. ) ;
#4432 = CARTESIAN_POINT ( 'NONE',  ( 2.049999999999999822, -1.399999999999999911, -0.7700000000000000178 ) ) ;
#4433 = CARTESIAN_POINT ( 'NONE',  ( 2.882882057274443799, 1.252882057274442351, -1.262882057274445469 ) ) ;
#4434 = CARTESIAN_POINT ( 'NONE',  ( 0.0000000000000000000, 12.69999999999999929, -0.1350000000000004530 ) ) ;
#4435 = LINE ( 'NONE', #1165, #428 ) ;
#4436 = ORIENTED_EDGE ( 'NONE', *, *, #2138, .T. ) ;
#4437 = EDGE_CURVE ( 'NONE', #2941, #1173, #2444, .T. ) ;
#4438 =( BOUNDED_CURVE ( )  B_SPLINE_CURVE ( 3, ( #4433, #2145, #1455, #1005 ),
 .UNSPECIFIED., .F., .F. ) 
 B_SPLINE_CURVE_WITH_KNOTS ( ( 4, 4 ),
 ( 1.838388721932684877, 3.141592653589794004 ),
 .UNSPECIFIED. ) 
 CURVE ( )  GEOMETRIC_REPRESENTATION_ITEM ( )  RATIONAL_B_SPLINE_CURVE ( ( 1.000000000000000000, 0.8634088596862008469, 0.8634088596862008469, 1.000000000000000000 ) ) 
 REPRESENTATION_ITEM ( '' )  );
#4439 = ORIENTED_EDGE ( 'NONE', *, *, #590, .T. ) ;
#4440 =( LENGTH_UNIT ( ) NAMED_UNIT ( * ) SI_UNIT ( .MILLI., .METRE. ) );
#4441 = FILL_AREA_STYLE_COLOUR ( '', #2612 ) ;
#4442 = DIRECTION ( 'NONE',  ( -0.7071067811865462405, -0.7071067811865489050, 0.0000000000000000000 ) ) ;
#4443 = ORIENTED_EDGE ( 'NONE', *, *, #346, .T. ) ;
#4444 = CARTESIAN_POINT ( 'NONE',  ( -2.540000000000000036, -1.400000000000001021, -0.9200000000000003730 ) ) ;
#4445 = EDGE_CURVE ( 'NONE', #3788, #2169, #4681, .T. ) ;
#4446 = CARTESIAN_POINT ( 'NONE',  ( 2.889999999999997460, 1.399999999999999689, -1.269999999999999796 ) ) ;
#4447 = PLANE ( 'NONE',  #3653 ) ;
#4448 = DIRECTION ( 'NONE',  ( -0.5773502691896267303, 0.5773502691896252870, 0.5773502691896252870 ) ) ;
#4449 = CARTESIAN_POINT ( 'NONE',  ( 2.189999999999999059, -1.260000000000000453, 1.270000000000000018 ) ) ;
#4450 = CARTESIAN_POINT ( 'NONE',  ( -4.125000000000000000, 1.399999999999999689, -0.3150000000000001688 ) ) ;
#4451 = ADVANCED_FACE ( 'NONE', ( #846, #2365 ), #2422, .F. ) ;
#4452 = FILL_AREA_STYLE_COLOUR ( '', #1741 ) ;
#4454 = VECTOR ( 'NONE', #3566, 1000.000000000000000 ) ;
#4453 = SURFACE_STYLE_FILL_AREA ( #1728 ) ;
#4455 = ORIENTED_EDGE ( 'NONE', *, *, #34, .T. ) ;
#4456 = LINE ( 'NONE', #1095, #3113 ) ;
#4457 = AXIS2_PLACEMENT_3D ( 'NONE', #3120, #2037, #1290 ) ;
#4458 =( NAMED_UNIT ( * ) PLANE_ANGLE_UNIT ( ) SI_UNIT ( $, .RADIAN. ) );
#4459 = VECTOR ( 'NONE', #1155, 1000.000000000000000 ) ;
#4460 = DIRECTION ( 'NONE',  ( -1.000000000000000000, -0.0000000000000000000, -0.0000000000000000000 ) ) ;
#4461 = VERTEX_POINT ( 'NONE', #4770 ) ;
#4462 = COLOUR_RGB ( '',0.1019607843137254888, 0.1019607843137254888, 0.1019607843137254888 ) ;
#4463 =( NAMED_UNIT ( * ) PLANE_ANGLE_UNIT ( ) SI_UNIT ( $, .RADIAN. ) );
#4464 = VERTEX_POINT ( 'NONE', #187 ) ;
#4465 = CARTESIAN_POINT ( 'NONE',  ( 4.729999999999999538, 1.399999999999999689, -1.269999999999999796 ) ) ;
#4466 = VECTOR ( 'NONE', #1101, 1000.000000000000000 ) ;
#4467 = PRESENTATION_STYLE_ASSIGNMENT (( #2532 ) ) ;
#4468 = SURFACE_SIDE_STYLE ('',( #970 ) ) ;
#4469 = ORIENTED_EDGE ( 'NONE', *, *, #4326, .F. ) ;
#4470 = CARTESIAN_POINT ( 'NONE',  ( 0.3476131308751075899, 1.235625935704190326, 1.267613130875109739 ) ) ;
#4471 = VECTOR ( 'NONE', #3444, 1000.000000000000000 ) ;
#4472 = SURFACE_STYLE_USAGE ( .BOTH. , #3635 ) ;
#4473 = EDGE_CURVE ( 'NONE', #2593, #358, #1749, .T. ) ;
#4474 = VECTOR ( 'NONE', #1537, 1000.000000000000000 ) ;
#4475 = CARTESIAN_POINT ( 'NONE',  ( 5.080000000000000071, 1.399999999999999689, 1.270000000000000018 ) ) ;
#4476 = CARTESIAN_POINT ( 'NONE',  ( 5.080000000000000071, -1.146000000000000352, -0.7700000000000000178 ) ) ;
#4477 = UNCERTAINTY_MEASURE_WITH_UNIT (LENGTH_MEASURE( 1.000000000000000082E-05 ), #1910, 'distance_accuracy_value', 'NONE');
#4478 = MECHANICAL_DESIGN_GEOMETRIC_PRESENTATION_REPRESENTATION (  '', ( #875 ), #2146 ) ;
#4479 = CARTESIAN_POINT ( 'NONE',  ( -2.197117942725556716, 1.252882057274441685, -1.262882057274445913 ) ) ;
#4480 = EDGE_CURVE ( 'NONE', #2381, #1348, #1346, .T. ) ;
#4481 =( GEOMETRIC_REPRESENTATION_CONTEXT ( 3 ) GLOBAL_UNCERTAINTY_ASSIGNED_CONTEXT ( ( #2613 ) ) GLOBAL_UNIT_ASSIGNED_CONTEXT ( ( #3021, #4131, #2177 ) ) REPRESENTATION_CONTEXT ( 'NONE', 'WORKASPACE' ) );
#4482 = ORIENTED_EDGE ( 'NONE', *, *, #2048, .F. ) ;
#4483 = UNCERTAINTY_MEASURE_WITH_UNIT (LENGTH_MEASURE( 1.000000000000000082E-05 ), #1590, 'distance_accuracy_value', 'NONE');
#4484 = VERTEX_POINT ( 'NONE', #3664 ) ;
#4485 = SURFACE_STYLE_USAGE ( .BOTH. , #2918 ) ;
#4486 = AXIS2_PLACEMENT_3D ( 'NONE', #1550, #3794, #712 ) ;
#4487 = FILL_AREA_STYLE ('',( #671 ) ) ;
#4488 = PRESENTATION_LAYER_ASSIGNMENT (  '', '', ( #1691 ) ) ;
#4489 = ORIENTED_EDGE ( 'NONE', *, *, #1667, .F. ) ;
#4490 = DIRECTION ( 'NONE',  ( 0.7071067811865482389, 0.0000000000000000000, 0.7071067811865469066 ) ) ;
#4491 = CARTESIAN_POINT ( 'NONE',  ( 0.0000000000000000000, 1.400000000000000133, 0.0000000000000000000 ) ) ;
#4492 = EDGE_LOOP ( 'NONE', ( #2808, #1637, #4443, #4901, #4175 ) ) ;
#4493 = FILL_AREA_STYLE_COLOUR ( '', #3018 ) ;
#4494 = MECHANICAL_DESIGN_GEOMETRIC_PRESENTATION_REPRESENTATION (  '', ( #3273 ), #1618 ) ;
#4495 = LINE ( 'NONE', #2994, #4928 ) ;
#4496 = CARTESIAN_POINT ( 'NONE',  ( -0.7071067811865475727, 1.617106781186547160, -1.270000000000000240 ) ) ;
#4497 = ORIENTED_EDGE ( 'NONE', *, *, #2546, .F. ) ;
#4498 = PRESENTATION_LAYER_ASSIGNMENT (  '', '', ( #2090 ) ) ;
#4499 = CARTESIAN_POINT ( 'NONE',  ( 2.889999999999997460, 1.217892925670840398, -1.270000000000000018 ) ) ;
#4500 = PRESENTATION_STYLE_ASSIGNMENT (( #1838 ) ) ;
#4501 = CARTESIAN_POINT ( 'NONE',  ( -2.540000000000000036, -0.9099999999999995870, 0.9200000000000002620 ) ) ;
#4502 = EDGE_CURVE ( 'NONE', #3601, #3210, #1416, .T. ) ;
#4503 = PRESENTATION_LAYER_ASSIGNMENT (  '', '', ( #2420 ) ) ;
#4504 = ORIENTED_EDGE ( 'NONE', *, *, #1862, .T. ) ;
#4505 = ORIENTED_EDGE ( 'NONE', *, *, #590, .F. ) ;
#4506 = PRESENTATION_LAYER_ASSIGNMENT (  '', '', ( #1860 ) ) ;
#4507 = EDGE_CURVE ( 'NONE', #4622, #2296, #4101, .T. ) ;
#4508 = CARTESIAN_POINT ( 'NONE',  ( -0.1349999999999994815, -3.122467061359500633E-19, 0.1349999999999993427 ) ) ;
#4509 = CYLINDRICAL_SURFACE ( 'NONE', #681, 0.1999999999999998723 ) ;
#4510 =( GEOMETRIC_REPRESENTATION_CONTEXT ( 3 ) GLOBAL_UNCERTAINTY_ASSIGNED_CONTEXT ( ( #3826 ) ) GLOBAL_UNIT_ASSIGNED_CONTEXT ( ( #4835, #4933, #4560 ) ) REPRESENTATION_CONTEXT ( 'NONE', 'WORKASPACE' ) );
#4511 = VECTOR ( 'NONE', #1000, 1000.000000000000000 ) ;
#4512 = ORIENTED_EDGE ( 'NONE', *, *, #2138, .F. ) ;
#4513 = FILL_AREA_STYLE ('',( #4884 ) ) ;
#4514 = ADVANCED_FACE ( 'NONE', ( #2064 ), #214, .F. ) ;
#4515 = DIRECTION ( 'NONE',  ( -1.000000000000000000, -0.0000000000000000000, -0.0000000000000000000 ) ) ;
#4516 =( LENGTH_UNIT ( ) NAMED_UNIT ( * ) SI_UNIT ( .MILLI., .METRE. ) );
#4517 = PLANE ( 'NONE',  #1179 ) ;
#4518 = ADVANCED_BREP_SHAPE_REPRESENTATION ( '', ( #1552, #3700 ), #1559 ) ;
#4519 = SURFACE_STYLE_USAGE ( .BOTH. , #754 ) ;
#4520 = VERTEX_POINT ( 'NONE', #4450 ) ;
#4521 = CARTESIAN_POINT ( 'NONE',  ( 2.882882057274443799, 1.252882057274442351, -1.262882057274445469 ) ) ;
#4522 = PRESENTATION_STYLE_ASSIGNMENT (( #2980 ) ) ;
#4523 = SURFACE_SIDE_STYLE ('',( #1184 ) ) ;
#4524 = PRESENTATION_STYLE_ASSIGNMENT (( #1064 ) ) ;
#4525 = SURFACE_STYLE_FILL_AREA ( #3434 ) ;
#4526 = UNCERTAINTY_MEASURE_WITH_UNIT (LENGTH_MEASURE( 1.000000000000000082E-05 ), #4440, 'distance_accuracy_value', 'NONE');
#4527 = DIRECTION ( 'NONE',  ( 0.0000000000000000000, -0.0000000000000000000, -1.000000000000000000 ) ) ;
#4528 = SURFACE_STYLE_FILL_AREA ( #2851 ) ;
#4529 = ORIENTED_EDGE ( 'NONE', *, *, #1106, .F. ) ;
#4530 = UNCERTAINTY_MEASURE_WITH_UNIT (LENGTH_MEASURE( 1.000000000000000082E-05 ), #3660, 'distance_accuracy_value', 'NONE');
#4531 = ORIENTED_EDGE ( 'NONE', *, *, #382, .F. ) ;
#4532 = PRESENTATION_LAYER_ASSIGNMENT (  '', '', ( #1254 ) ) ;
#4533 = EDGE_CURVE ( 'NONE', #2593, #2263, #2494, .T. ) ;
#4534 =( NAMED_UNIT ( * ) PLANE_ANGLE_UNIT ( ) SI_UNIT ( $, .RADIAN. ) );
#4535 = ORIENTED_EDGE ( 'NONE', *, *, #1231, .F. ) ;
#4536 = CARTESIAN_POINT ( 'NONE',  ( 4.730000000000000426, -1.400000000000001021, 1.270000000000000240 ) ) ;
#4537 = COLOUR_RGB ( '',0.1019607843137254888, 0.1019607843137254888, 0.1019607843137254888 ) ;
#4538 = SURFACE_STYLE_FILL_AREA ( #2993 ) ;
#4539 = EDGE_CURVE ( 'NONE', #1115, #72, #4075, .T. ) ;
#4540 = STYLED_ITEM ( 'NONE', ( #634 ), #1703 ) ;
#4541 = CARTESIAN_POINT ( 'NONE',  ( 2.889999999999997460, 1.399999999999999689, 1.270000000000000018 ) ) ;
#4542 = PRESENTATION_LAYER_ASSIGNMENT (  '', '', ( #472 ) ) ;
#4543 = DIRECTION ( 'NONE',  ( 0.8660254037844387076, 0.4999999999999998890, -1.401412871956305530E-16 ) ) ;
#4544 = ORIENTED_EDGE ( 'NONE', *, *, #2967, .T. ) ;
#4545 = VECTOR ( 'NONE', #1232, 1000.000000000000000 ) ;
#4546 = CARTESIAN_POINT ( 'NONE',  ( 2.192386869124889781, 1.235625935704192102, 1.267613130875109295 ) ) ;
#4547 = PLANE ( 'NONE',  #778 ) ;
#4548 = CARTESIAN_POINT ( 'NONE',  ( 2.189999999999999059, 1.199999999999999734, -1.269999999999999796 ) ) ;
#4549 = VECTOR ( 'NONE', #1075, 1000.000000000000114 ) ;
#4550 = CARTESIAN_POINT ( 'NONE',  ( -2.890000000000000568, -1.259999999999999787, -1.270000000000000018 ) ) ;
#4551 =( NAMED_UNIT ( * ) SI_UNIT ( $, .STERADIAN. ) SOLID_ANGLE_UNIT ( ) );
#4552 = FACE_OUTER_BOUND ( 'NONE', #4082, .T. ) ;
#4553 = CARTESIAN_POINT ( 'NONE',  ( 3.030000000000001581, 1.399999999999999689, 1.270000000000000018 ) ) ;
#4554 = ORIENTED_EDGE ( 'NONE', *, *, #4601, .F. ) ;
#4555 = VECTOR ( 'NONE', #18, 1000.000000000000000 ) ;
#4556 = ORIENTED_EDGE ( 'NONE', *, *, #3744, .F. ) ;
#4557 = COLOUR_RGB ( '',0.1019607843137254888, 0.1019607843137254888, 0.1019607843137254888 ) ;
#4558 = LINE ( 'NONE', #1613, #1901 ) ;
#4559 = ORIENTED_EDGE ( 'NONE', *, *, #3104, .F. ) ;
#4560 =( NAMED_UNIT ( * ) SI_UNIT ( $, .STERADIAN. ) SOLID_ANGLE_UNIT ( ) );
#4561 = MECHANICAL_DESIGN_GEOMETRIC_PRESENTATION_REPRESENTATION (  '', ( #26 ), #182 ) ;
#4562 =( LENGTH_UNIT ( ) NAMED_UNIT ( * ) SI_UNIT ( .MILLI., .METRE. ) );
#4563 = ADVANCED_FACE ( 'NONE', ( #618 ), #2137, .F. ) ;
#4564 = DIRECTION ( 'NONE',  ( -0.7071067811865469066, 0.0000000000000000000, 0.7071067811865482389 ) ) ;
#4565 = VECTOR ( 'NONE', #1211, 1000.000000000000000 ) ;
#4566 = CARTESIAN_POINT ( 'NONE',  ( -0.3350000000000000755, 12.35358983848622216, -0.3350000000000001310 ) ) ;
#4567 = ORIENTED_EDGE ( 'NONE', *, *, #2355, .T. ) ;
#4568 = SURFACE_STYLE_FILL_AREA ( #1808 ) ;
#4569 = ORIENTED_EDGE ( 'NONE', *, *, #4347, .F. ) ;
#4570 = DIRECTION ( 'NONE',  ( 1.000000000000000000, 0.0000000000000000000, -0.0000000000000000000 ) ) ;
#4571 =( GEOMETRIC_REPRESENTATION_CONTEXT ( 3 ) GLOBAL_UNCERTAINTY_ASSIGNED_CONTEXT ( ( #2914 ) ) GLOBAL_UNIT_ASSIGNED_CONTEXT ( ( #1087, #3871, #1549 ) ) REPRESENTATION_CONTEXT ( 'NONE', 'WORKASPACE' ) );
#4572 = PRESENTATION_STYLE_ASSIGNMENT (( #450 ) ) ;
#4573 = CARTESIAN_POINT ( 'NONE',  ( -4.589999999999999858, 1.399999999999998801, -1.270000000000000240 ) ) ;
#4574 = CARTESIAN_POINT ( 'NONE',  ( 2.192386869124890225, 1.235625935704191658, -1.267613130875109517 ) ) ;
#4575 =( NAMED_UNIT ( * ) PLANE_ANGLE_UNIT ( ) SI_UNIT ( $, .RADIAN. ) );
#4576 = UNCERTAINTY_MEASURE_WITH_UNIT (LENGTH_MEASURE( 1.000000000000000082E-05 ), #1834, 'distance_accuracy_value', 'NONE');
#4577 = DIRECTION ( 'NONE',  ( -1.000000000000000000, -0.0000000000000000000, -0.0000000000000000000 ) ) ;
#4578 = DIRECTION ( 'NONE',  ( -0.0000000000000000000, -0.0000000000000000000, -1.000000000000000000 ) ) ;
#4579 = ORIENTED_EDGE ( 'NONE', *, *, #4161, .F. ) ;
#4580 = PRODUCT_DEFINITION_CONTEXT ( 'detailed design', #827, 'design' ) ;
#4581 = ORIENTED_EDGE ( 'NONE', *, *, #4437, .T. ) ;
#4582 = PLANE ( 'NONE',  #1521 ) ;
#4583 = STYLED_ITEM ( 'NONE', ( #4345 ), #4742 ) ;
#4584 = DIRECTION ( 'NONE',  ( 0.7071067811865469066, 0.0000000000000000000, 0.7071067811865482389 ) ) ;
#4585 = VECTOR ( 'NONE', #388, 1000.000000000000000 ) ;
#4586 = ORIENTED_EDGE ( 'NONE', *, *, #1962, .T. ) ;
#4587 = SURFACE_STYLE_FILL_AREA ( #24 ) ;
#4588 = CARTESIAN_POINT ( 'NONE',  ( -0.3349999999999999645, 0.3464101615137764600, 0.3349999999999999090 ) ) ;
#4589 = CARTESIAN_POINT ( 'NONE',  ( 3.494999999999999662, -1.400000000000001021, 0.3149999999999998912 ) ) ;
#4590 = VECTOR ( 'NONE', #1756, 1000.000000000000114 ) ;
#4591 = FILL_AREA_STYLE_COLOUR ( '', #1409 ) ;
#4592 = DIRECTION ( 'NONE',  ( -1.000000000000000000, -0.0000000000000000000, -0.0000000000000000000 ) ) ;
#4593 = SHAPE_REPRESENTATION ( 'pin', ( #3700 ), #1559 ) ;
#4594 = DIRECTION ( 'NONE',  ( -0.7071067811865474617, -0.7071067811865474617, 0.0000000000000000000 ) ) ;
#4595 =( NAMED_UNIT ( * ) SI_UNIT ( $, .STERADIAN. ) SOLID_ANGLE_UNIT ( ) );
#4596 = EDGE_LOOP ( 'NONE', ( #4397, #824, #3728, #4064, #913, #3271 ) ) ;
#4597 = CARTESIAN_POINT ( 'NONE',  ( -2.890000000000001457, 1.217892925670841731, -1.269999999999999796 ) ) ;
#4598 = DIRECTION ( 'NONE',  ( 0.0000000000000000000, -0.0000000000000000000, 1.000000000000000000 ) ) ;
#4599 = CARTESIAN_POINT ( 'NONE',  ( 2.049999999999999822, -1.400000000000000133, -1.270000000000000240 ) ) ;
#4600 =( NAMED_UNIT ( * ) SI_UNIT ( $, .STERADIAN. ) SOLID_ANGLE_UNIT ( ) );
#4601 = EDGE_CURVE ( 'NONE', #1305, #961, #3715, .T. ) ;
#4602 = SURFACE_STYLE_FILL_AREA ( #3117 ) ;
#4603 = DIRECTION ( 'NONE',  ( -0.0000000000000000000, 0.0000000000000000000, 1.000000000000000000 ) ) ;
#4604 = LINE ( 'NONE', #4896, #3842 ) ;
#4605 = LINE ( 'NONE', #818, #1260 ) ;
#4606 = EDGE_CURVE ( 'NONE', #2569, #14, #2574, .T. ) ;
#4607 = VERTEX_POINT ( 'NONE', #3793 ) ;
#4608 = DIRECTION ( 'NONE',  ( -0.5773502691896259531, 0.5773502691896266192, 0.5773502691896246208 ) ) ;
#4609 = CARTESIAN_POINT ( 'NONE',  ( -2.049999999999998490, 1.399999999999999689, 1.163653726294449964 ) ) ;
#4610 = SURFACE_SIDE_STYLE ('',( #828 ) ) ;
#4611 = ORIENTED_EDGE ( 'NONE', *, *, #3758, .F. ) ;
#4612 = CARTESIAN_POINT ( 'NONE',  ( 1.250000000000000666, -3.499999999999999556, 0.02000000000000005246 ) ) ;
#4613 = LINE ( 'NONE', #3532, #1034 ) ;
#4614 = VECTOR ( 'NONE', #4289, 1000.000000000000227 ) ;
#4615 = CARTESIAN_POINT ( 'NONE',  ( 5.080000000000000959, -1.400000000000001021, -0.9200000000000004841 ) ) ;
#4616 = CARTESIAN_POINT ( 'NONE',  ( -4.730000000000001315, -1.259999999999997344, -1.270000000000000240 ) ) ;
#4617 = MECHANICAL_DESIGN_GEOMETRIC_PRESENTATION_REPRESENTATION (  '', ( #4300 ), #1585 ) ;
#4618 = LINE ( 'NONE', #1233, #3371 ) ;
#4619 = ORIENTED_EDGE ( 'NONE', *, *, #1097, .F. ) ;
#4620 = VECTOR ( 'NONE', #2284, 1000.000000000000000 ) ;
#4621 = CARTESIAN_POINT ( 'NONE',  ( -0.3500000000000002554, 1.199999999999999734, 1.270000000000000018 ) ) ;
#4622 = VERTEX_POINT ( 'NONE', #4550 ) ;
#4623 = VECTOR ( 'NONE', #3160, 1000.000000000000000 ) ;
#4624 = AXIS2_PLACEMENT_3D ( 'NONE', #2237, #1090, #41 ) ;
#4625 = CARTESIAN_POINT ( 'NONE',  ( 5.080000000000000071, -1.400000000000001021, -1.270000000000000240 ) ) ;
#4626 = DIRECTION ( 'NONE',  ( -0.0000000000000000000, 1.000000000000000000, 0.0000000000000000000 ) ) ;
#4627 = DIRECTION ( 'NONE',  ( -0.0000000000000000000, 0.0000000000000000000, -1.000000000000000000 ) ) ;
#4628 = MECHANICAL_DESIGN_GEOMETRIC_PRESENTATION_REPRESENTATION (  '', ( #1819 ), #1896 ) ;
#4629 = ADVANCED_FACE ( 'NONE', ( #326 ), #711, .F. ) ;
#4630 = DIRECTION ( 'NONE',  ( 0.0000000000000000000, -0.0000000000000000000, 1.000000000000000000 ) ) ;
#4631 = DIRECTION ( 'NONE',  ( 0.7071067811865482389, 0.0000000000000000000, -0.7071067811865469066 ) ) ;
#4632 = ORIENTED_EDGE ( 'NONE', *, *, #2447, .F. ) ;
#4633 = FILL_AREA_STYLE ('',( #2315 ) ) ;
#4634 = DIRECTION ( 'NONE',  ( 0.0000000000000000000, -0.0000000000000000000, 1.000000000000000000 ) ) ;
#4635 = UNCERTAINTY_MEASURE_WITH_UNIT (LENGTH_MEASURE( 1.000000000000000082E-05 ), #4647, 'distance_accuracy_value', 'NONE');
#4636 = EDGE_LOOP ( 'NONE', ( #529, #4772, #4280, #432, #2964, #372 ) ) ;
#4637 = STYLED_ITEM ( 'NONE', ( #2702 ), #2512 ) ;
#4638 = ADVANCED_FACE ( 'NONE', ( #738 ), #662, .F. ) ;
#4639 = STYLED_ITEM ( 'NONE', ( #359 ), #2846 ) ;
#4640 = SURFACE_SIDE_STYLE ('',( #3105 ) ) ;
#4641 = VERTEX_POINT ( 'NONE', #4698 ) ;
#4642 = LINE ( 'NONE', #2730, #3428 ) ;
#4643 = CARTESIAN_POINT ( 'NONE',  ( -4.737117942725557640, 1.252882057274442795, 1.262882057274445025 ) ) ;
#4644 = VECTOR ( 'NONE', #726, 1000.000000000000000 ) ;
#4645 = CARTESIAN_POINT ( 'NONE',  ( -2.890000000000001013, 1.199999999999999734, 1.270000000000000240 ) ) ;
#4646 = PRESENTATION_LAYER_ASSIGNMENT (  '', '', ( #1835 ) ) ;
#4647 =( LENGTH_UNIT ( ) NAMED_UNIT ( * ) SI_UNIT ( .MILLI., .METRE. ) );
#4648 = ORIENTED_EDGE ( 'NONE', *, *, #1484, .T. ) ;
#4649 =( GEOMETRIC_REPRESENTATION_CONTEXT ( 3 ) GLOBAL_UNCERTAINTY_ASSIGNED_CONTEXT ( ( #2566 ) ) GLOBAL_UNIT_ASSIGNED_CONTEXT ( ( #4139, #4190, #1152 ) ) REPRESENTATION_CONTEXT ( 'NONE', 'WORKASPACE' ) );
#4650 = DIRECTION ( 'NONE',  ( 1.000000000000000000, 0.0000000000000000000, 0.0000000000000000000 ) ) ;
#4651 =( LENGTH_UNIT ( ) NAMED_UNIT ( * ) SI_UNIT ( .MILLI., .METRE. ) );
#4652 = CARTESIAN_POINT ( 'NONE',  ( 2.303999999999999826, -1.146000000000000574, 0.7700000000000000178 ) ) ;
#4653 = COLOUR_RGB ( '',0.1019607843137254888, 0.1019607843137254888, 0.1019607843137254888 ) ;
#4654 = LINE ( 'NONE', #816, #1199 ) ;
#4655 = CARTESIAN_POINT ( 'NONE',  ( 2.539999999999999591, -1.400000000000001021, 0.9200000000000003730 ) ) ;
#4656 = VERTEX_POINT ( 'NONE', #3516 ) ;
#4657 = FILL_AREA_STYLE_COLOUR ( '', #3766 ) ;
#4658 = SURFACE_SIDE_STYLE ('',( #1630 ) ) ;
#4659 = ORIENTED_EDGE ( 'NONE', *, *, #474, .F. ) ;
#4660 = STYLED_ITEM ( 'NONE', ( #895 ), #3765 ) ;
#4661 = DIRECTION ( 'NONE',  ( -0.0000000000000000000, 0.0000000000000000000, -1.000000000000000000 ) ) ;
#4662 = EDGE_CURVE ( 'NONE', #307, #4153, #1018, .T. ) ;
#4663 = VERTEX_POINT ( 'NONE', #2391 ) ;
#4664 = MECHANICAL_DESIGN_GEOMETRIC_PRESENTATION_REPRESENTATION (  '', ( #1219 ), #1717 ) ;
#4665 = LINE ( 'NONE', #489, #797 ) ;
#4667 = CARTESIAN_POINT ( 'NONE',  ( -0.4899999999999995470, 1.399999999999999689, -1.163653726294447521 ) ) ;
#4666 =( GEOMETRIC_REPRESENTATION_CONTEXT ( 3 ) GLOBAL_UNCERTAINTY_ASSIGNED_CONTEXT ( ( #3360 ) ) GLOBAL_UNIT_ASSIGNED_CONTEXT ( ( #2660, #1446, #844 ) ) REPRESENTATION_CONTEXT ( 'NONE', 'WORKASPACE' ) );
#4668 = SURFACE_STYLE_USAGE ( .BOTH. , #1641 ) ;
#4669 = EDGE_CURVE ( 'NONE', #2190, #4226, #3948, .T. ) ;
#4670 = LINE ( 'NONE', #466, #4184 ) ;
#4671 = DIRECTION ( 'NONE',  ( 0.0000000000000000000, 0.0000000000000000000, 1.000000000000000000 ) ) ;
#4672 = ORIENTED_EDGE ( 'NONE', *, *, #900, .F. ) ;
#4673 = COLOUR_RGB ( '',0.1019607843137254888, 0.1019607843137254888, 0.1019607843137254888 ) ;
#4674 = AXIS2_PLACEMENT_3D ( 'NONE', #35, #2679, #4218 ) ;
#4675 = DIRECTION ( 'NONE',  ( 0.7071067811865477948, 0.7071067811865473507, 0.0000000000000000000 ) ) ;
#4676 = CARTESIAN_POINT ( 'NONE',  ( 0.9550000000000000711, 1.399999999999999689, -0.3150000000000001132 ) ) ;
#4677 = DIRECTION ( 'NONE',  ( -0.0000000000000000000, 1.000000000000000000, 0.0000000000000000000 ) ) ;
#4678 = DIRECTION ( 'NONE',  ( -0.0000000000000000000, -1.000000000000000000, 0.0000000000000000000 ) ) ;
#4679 = UNCERTAINTY_MEASURE_WITH_UNIT (LENGTH_MEASURE( 1.000000000000000082E-05 ), #2148, 'distance_accuracy_value', 'NONE');
#4680 = LINE ( 'NONE', #517, #4700 ) ;
#4681 = LINE ( 'NONE', #4281, #654 ) ;
#4682 = EDGE_LOOP ( 'NONE', ( #4425, #1388, #221, #77 ) ) ;
#4683 = UNCERTAINTY_MEASURE_WITH_UNIT (LENGTH_MEASURE( 1.000000000000000082E-05 ), #242, 'distance_accuracy_value', 'NONE');
#4684 = ORIENTED_EDGE ( 'NONE', *, *, #4473, .T. ) ;
#4685 = ORIENTED_EDGE ( 'NONE', *, *, #4819, .F. ) ;
#4686 = DIRECTION ( 'NONE',  ( 0.0000000000000000000, -1.000000000000000000, -0.0000000000000000000 ) ) ;
#4687 = EDGE_LOOP ( 'NONE', ( #4269, #3812, #2906, #313, #1610 ) ) ;
#4688 = ADVANCED_FACE ( 'NONE', ( #889 ), #815, .F. ) ;
#4689 = PLANE ( 'NONE',  #3905 ) ;
#4690 = FILL_AREA_STYLE ('',( #1643 ) ) ;
#4691 =( LENGTH_UNIT ( ) NAMED_UNIT ( * ) SI_UNIT ( .MILLI., .METRE. ) );
#4692 = VERTEX_POINT ( 'NONE', #2336 ) ;
#4693 = VECTOR ( 'NONE', #36, 1000.000000000000000 ) ;
#4694 = CARTESIAN_POINT ( 'NONE',  ( 2.882882057274443799, 1.252882057274442351, 1.262882057274445913 ) ) ;
#4695 = ADVANCED_FACE ( 'NONE', ( #1936 ), #3872, .F. ) ;
#4696 = VECTOR ( 'NONE', #3611, 1000.000000000000000 ) ;
#4697 = PRESENTATION_LAYER_ASSIGNMENT (  '', '', ( #2283 ) ) ;
#4698 = CARTESIAN_POINT ( 'NONE',  ( 3.494999999999999662, -1.146000000000000352, -0.3150000000000001132 ) ) ;
#4699 =( NAMED_UNIT ( * ) PLANE_ANGLE_UNIT ( ) SI_UNIT ( $, .RADIAN. ) );
#4700 = VECTOR ( 'NONE', #133, 1000.000000000000000 ) ;
#4701 = LINE ( 'NONE', #1649, #1420 ) ;
#4702 = PLANE ( 'NONE',  #2927 ) ;
#4703 = COLOUR_RGB ( '',0.1019607843137254888, 0.1019607843137254888, 0.1019607843137254888 ) ;
#4704 =( GEOMETRIC_REPRESENTATION_CONTEXT ( 3 ) GLOBAL_UNCERTAINTY_ASSIGNED_CONTEXT ( ( #2370 ) ) GLOBAL_UNIT_ASSIGNED_CONTEXT ( ( #451, #2356, #4319 ) ) REPRESENTATION_CONTEXT ( 'NONE', 'WORKASPACE' ) );
#4705 = CARTESIAN_POINT ( 'NONE',  ( 5.080000000000000071, 0.0000000000000000000, 0.0000000000000000000 ) ) ;
#4706 = CARTESIAN_POINT ( 'NONE',  ( -4.730000000000001315, 1.199999999999999956, -1.269999999999999796 ) ) ;
#4707 = ORIENTED_EDGE ( 'NONE', *, *, #1097, .T. ) ;
#4708 = PRESENTATION_LAYER_ASSIGNMENT (  '', '', ( #3009 ) ) ;
#4709 = SURFACE_STYLE_USAGE ( .BOTH. , #2426 ) ;
#4710 =( LENGTH_UNIT ( ) NAMED_UNIT ( * ) SI_UNIT ( .MILLI., .METRE. ) );
#4711 = VECTOR ( 'NONE', #3573, 1000.000000000000000 ) ;
#4712 = ORIENTED_EDGE ( 'NONE', *, *, #1041, .F. ) ;
#4713 = CARTESIAN_POINT ( 'NONE',  ( 0.4900000000000019340, -1.400000000000000133, 1.270000000000000240 ) ) ;
#4714 = CARTESIAN_POINT ( 'NONE',  ( -2.540000000000000036, -0.9100000000000000311, 0.9200000000000011502 ) ) ;
#4715 = FILL_AREA_STYLE ('',( #1657 ) ) ;
#4716 = LINE ( 'NONE', #3534, #4614 ) ;
#4717 = CARTESIAN_POINT ( 'NONE',  ( -2.540000000000000036, -0.9099999999999999201, -1.270000000000000240 ) ) ;
#4718 = CARTESIAN_POINT ( 'NONE',  ( -0.4899999999999999911, -1.400000000000000133, 1.269999999999999574 ) ) ;
#4719 = ORIENTED_EDGE ( 'NONE', *, *, #3350, .F. ) ;
#4720 = PRESENTATION_LAYER_ASSIGNMENT (  '', '', ( #875 ) ) ;
#4721 = SURFACE_SIDE_STYLE ('',( #3841 ) ) ;
#4722 = AXIS2_PLACEMENT_3D ( 'NONE', #1050, #2577, #2197 ) ;
#4723 = DIRECTION ( 'NONE',  ( -0.7071067811865474617, -0.7071067811865474617, 0.0000000000000000000 ) ) ;
#4724 = EDGE_CURVE ( 'NONE', #583, #2273, #1695, .T. ) ;
#4725 =( GEOMETRIC_REPRESENTATION_CONTEXT ( 3 ) GLOBAL_UNCERTAINTY_ASSIGNED_CONTEXT ( ( #3466 ) ) GLOBAL_UNIT_ASSIGNED_CONTEXT ( ( #3141, #4699, #3185 ) ) REPRESENTATION_CONTEXT ( 'NONE', 'WORKASPACE' ) );
#4726 = CARTESIAN_POINT ( 'NONE',  ( 2.106797325730100034, 1.343202674269899699, -1.238119048685104362 ) ) ;
#4727 = MECHANICAL_DESIGN_GEOMETRIC_PRESENTATION_REPRESENTATION (  '', ( #1691 ), #4649 ) ;
#4728 = UNCERTAINTY_MEASURE_WITH_UNIT (LENGTH_MEASURE( 1.000000000000000082E-05 ), #2460, 'distance_accuracy_value', 'NONE');
#4729 = CARTESIAN_POINT ( 'NONE',  ( 0.9550000000000000711, -1.400000000000001021, -0.3150000000000001132 ) ) ;
#4730 = CARTESIAN_POINT ( 'NONE',  ( 2.889999999999997904, -1.259999999999996900, 1.270000000000000462 ) ) ;
#4731 = PRESENTATION_LAYER_ASSIGNMENT (  '', '', ( #1925 ) ) ;
#4732 = EDGE_LOOP ( 'NONE', ( #4864, #2520, #763, #3721 ) ) ;
#4733 = DIRECTION ( 'NONE',  ( -1.000000000000000000, 0.0000000000000000000, 0.0000000000000000000 ) ) ;
#4734 = LINE ( 'NONE', #4432, #4398 ) ;
#4735 = ORIENTED_EDGE ( 'NONE', *, *, #3055, .T. ) ;
#4736 = FACE_OUTER_BOUND ( 'NONE', #4732, .T. ) ;
#4737 = ORIENTED_EDGE ( 'NONE', *, *, #449, .F. ) ;
#4738 =( NAMED_UNIT ( * ) SI_UNIT ( $, .STERADIAN. ) SOLID_ANGLE_UNIT ( ) );
#4739 = FILL_AREA_STYLE_COLOUR ( '', #587 ) ;
#4740 = ORIENTED_EDGE ( 'NONE', *, *, #4084, .F. ) ;
#4741 = CARTESIAN_POINT ( 'NONE',  ( -0.9549999999999998490, -1.146000000000000352, 0.3149999999999998912 ) ) ;
#4742 = ADVANCED_FACE ( 'NONE', ( #2462 ), #2511, .F. ) ;
#4743 = MECHANICAL_DESIGN_GEOMETRIC_PRESENTATION_REPRESENTATION (  '', ( #4108 ), #1063 ) ;
#4744 = FILL_AREA_STYLE_COLOUR ( '', #434 ) ;
#4745 = PRESENTATION_LAYER_ASSIGNMENT (  '', '', ( #2976 ) ) ;
#4746 =( GEOMETRIC_REPRESENTATION_CONTEXT ( 3 ) GLOBAL_UNCERTAINTY_ASSIGNED_CONTEXT ( ( #3922 ) ) GLOBAL_UNIT_ASSIGNED_CONTEXT ( ( #2018, #1393, #4026 ) ) REPRESENTATION_CONTEXT ( 'NONE', 'WORKASPACE' ) );
#4747 = ADVANCED_FACE ( 'NONE', ( #542 ), #4068, .F. ) ;
#4748 = DIRECTION ( 'NONE',  ( 0.0000000000000000000, -0.0000000000000000000, 1.000000000000000000 ) ) ;
#4749 = ORIENTED_EDGE ( 'NONE', *, *, #3988, .T. ) ;
#4750 =( LENGTH_UNIT ( ) NAMED_UNIT ( * ) SI_UNIT ( .MILLI., .METRE. ) );
#4751 = ADVANCED_FACE ( 'NONE', ( #564 ), #2086, .F. ) ;
#4752 = ORIENTED_EDGE ( 'NONE', *, *, #1760, .T. ) ;
#4753 = DIRECTION ( 'NONE',  ( 1.000000000000000000, 0.0000000000000000000, -0.0000000000000000000 ) ) ;
#4754 = EDGE_LOOP ( 'NONE', ( #558, #3147, #17, #1820, #4611, #4358 ) ) ;
#4755 = CARTESIAN_POINT ( 'NONE',  ( -2.890000000000001013, 1.199999999999999734, 1.270000000000000240 ) ) ;
#4756 = SURFACE_STYLE_FILL_AREA ( #2147 ) ;
#4757 = FILL_AREA_STYLE ('',( #3604 ) ) ;
#4758 = ORIENTED_EDGE ( 'NONE', *, *, #2041, .T. ) ;
#4759 = DIRECTION ( 'NONE',  ( 0.7071067811865459074, 0.0000000000000000000, 0.7071067811865491270 ) ) ;
#4760 =( NAMED_UNIT ( * ) SI_UNIT ( $, .STERADIAN. ) SOLID_ANGLE_UNIT ( ) );
#4761 = ORIENTED_EDGE ( 'NONE', *, *, #1076, .F. ) ;
#4762 = CARTESIAN_POINT ( 'NONE',  ( 0.2360000000000009035, -1.146000000000000352, 0.7700000000000003508 ) ) ;
#4763 = DIRECTION ( 'NONE',  ( 0.7071067811865489050, -0.7071067811865462405, 0.0000000000000000000 ) ) ;
#4764 =( NAMED_UNIT ( * ) SI_UNIT ( $, .STERADIAN. ) SOLID_ANGLE_UNIT ( ) );
#4765 = ORIENTED_EDGE ( 'NONE', *, *, #3525, .F. ) ;
#4766 = FILL_AREA_STYLE ('',( #2112 ) ) ;
#4767 = DIRECTION ( 'NONE',  ( -1.000000000000000000, 0.0000000000000000000, -0.0000000000000000000 ) ) ;
#4768 = VECTOR ( 'NONE', #2962, 1000.000000000000114 ) ;
#4769 = FILL_AREA_STYLE ('',( #3257 ) ) ;
#4770 = CARTESIAN_POINT ( 'NONE',  ( 1.585000000000000409, 1.399999999999999689, -0.3150000000000001688 ) ) ;
#4771 = STYLED_ITEM ( 'NONE', ( #4500 ), #1443 ) ;
#4772 = ORIENTED_EDGE ( 'NONE', *, *, #799, .F. ) ;
#4773 = STYLED_ITEM ( 'NONE', ( #3688 ), #672 ) ;
#4774 = ADVANCED_FACE ( 'NONE', ( #3712 ), #2204, .F. ) ;
#4775 = PRESENTATION_STYLE_ASSIGNMENT (( #1247 ) ) ;
#4776 = COLOUR_RGB ( '',0.9686274509803921573, 0.8784313725490195957, 0.5999999999999999778 ) ;
#4777 = AXIS2_PLACEMENT_3D ( 'NONE', #2737, #916, #3891 ) ;
#4778 = ORIENTED_EDGE ( 'NONE', *, *, #1479, .T. ) ;
#4779 = EDGE_CURVE ( 'NONE', #4461, #1971, #4911, .T. ) ;
#4780 = VECTOR ( 'NONE', #4886, 1000.000000000000000 ) ;
#4781 = DIRECTION ( 'NONE',  ( 1.000000000000000000, 0.0000000000000000000, -0.0000000000000000000 ) ) ;
#4782 = CARTESIAN_POINT ( 'NONE',  ( -2.197117942725556716, 1.252882057274441685, -1.262882057274445913 ) ) ;
#4783 = LINE ( 'NONE', #2073, #1970 ) ;
#4784 = AXIS2_PLACEMENT_3D ( 'NONE', #3982, #952, #1002 ) ;
#4785 = PLANE ( 'NONE',  #3330 ) ;
#4786 = DIRECTION ( 'NONE',  ( 0.7071067811865489050, -0.7071067811865462405, 0.0000000000000000000 ) ) ;
#4787 = ORIENTED_EDGE ( 'NONE', *, *, #3859, .T. ) ;
#4788 = SURFACE_STYLE_USAGE ( .BOTH. , #962 ) ;
#4789 = DIRECTION ( 'NONE',  ( 0.0000000000000000000, -1.548860246407863583E-16, 1.000000000000000000 ) ) ;
#4790 =( BOUNDED_CURVE ( )  B_SPLINE_CURVE ( 3, ( #4479, #4079, #4104, #1069 ),
 .UNSPECIFIED., .F., .F. ) 
 B_SPLINE_CURVE_WITH_KNOTS ( ( 4, 4 ),
 ( 1.838388721932679548, 3.141592653589794004 ),
 .UNSPECIFIED. ) 
 CURVE ( )  GEOMETRIC_REPRESENTATION_ITEM ( )  RATIONAL_B_SPLINE_CURVE ( ( 1.000000000000000000, 0.8634088596861998477, 0.8634088596861998477, 1.000000000000000000 ) ) 
 REPRESENTATION_ITEM ( '' )  );
#4791 = VERTEX_POINT ( 'NONE', #3811 ) ;
#4792 =( NAMED_UNIT ( * ) PLANE_ANGLE_UNIT ( ) SI_UNIT ( $, .RADIAN. ) );
#4793 = PRESENTATION_LAYER_ASSIGNMENT (  '', '', ( #788 ) ) ;
#4794 = CARTESIAN_POINT ( 'NONE',  ( -5.080000000000000071, -0.9099999999999999201, -1.270000000000000240 ) ) ;
#4795 =( NAMED_UNIT ( * ) SI_UNIT ( $, .STERADIAN. ) SOLID_ANGLE_UNIT ( ) );
#4796 = EDGE_LOOP ( 'NONE', ( #796, #168, #2570, #1044 ) ) ;
#4797 = VECTOR ( 'NONE', #690, 1000.000000000000000 ) ;
#4798 = COLOUR_RGB ( '',0.1019607843137254888, 0.1019607843137254888, 0.1019607843137254888 ) ;
#4799 = CARTESIAN_POINT ( 'NONE',  ( 2.049999999999999822, 1.399999999999999689, -1.270000000000000240 ) ) ;
#4800 = DIRECTION ( 'NONE',  ( 0.0000000000000000000, 0.0000000000000000000, 1.000000000000000000 ) ) ;
#4801 = DIRECTION ( 'NONE',  ( 0.0000000000000000000, -0.0000000000000000000, -1.000000000000000000 ) ) ;
#4802 = STYLED_ITEM ( 'NONE', ( #424 ), #3131 ) ;
#4803 = CARTESIAN_POINT ( 'NONE',  ( 0.0000000000000000000, -1.146000000000000352, -0.7700000000000000178 ) ) ;
#4804 = AXIS2_PLACEMENT_3D ( 'NONE', #4340, #2414, #2032 ) ;
#4805 = EDGE_CURVE ( 'NONE', #4791, #2632, #4241, .T. ) ;
#4806 =( LENGTH_UNIT ( ) NAMED_UNIT ( * ) SI_UNIT ( .MILLI., .METRE. ) );
#4807 = ORIENTED_EDGE ( 'NONE', *, *, #2167, .T. ) ;
#4808 =( NAMED_UNIT ( * ) SI_UNIT ( $, .STERADIAN. ) SOLID_ANGLE_UNIT ( ) );
#4809 = CARTESIAN_POINT ( 'NONE',  ( 0.4900000000000017120, 1.399999999999999689, -1.069999999999999840 ) ) ;
#4810 = DIRECTION ( 'NONE',  ( -1.000000000000000000, -0.0000000000000000000, 0.0000000000000000000 ) ) ;
#4811 = EDGE_CURVE ( 'NONE', #4067, #1866, #1464, .T. ) ;
#4812 = VECTOR ( 'NONE', #3740, 1000.000000000000000 ) ;
#4813 = DIRECTION ( 'NONE',  ( -0.8660254037844397068, 0.4999999999999983347, 1.401412871956307009E-16 ) ) ;
#4814 = ORIENTED_EDGE ( 'NONE', *, *, #3182, .F. ) ;
#4815 = LINE ( 'NONE', #1330, #1109 ) ;
#4816 =( NAMED_UNIT ( * ) PLANE_ANGLE_UNIT ( ) SI_UNIT ( $, .RADIAN. ) );
#4817 = ORIENTED_EDGE ( 'NONE', *, *, #2688, .T. ) ;
#4818 = CARTESIAN_POINT ( 'NONE',  ( 0.4900000000000026001, -1.400000000000000577, -1.270000000000000240 ) ) ;
#4819 = EDGE_CURVE ( 'NONE', #2734, #526, #1833, .T. ) ;
#4820 = EDGE_LOOP ( 'NONE', ( #353, #1710, #4305, #2448 ) ) ;
#4821 = SURFACE_STYLE_FILL_AREA ( #3589 ) ;
#4822 = CARTESIAN_POINT ( 'NONE',  ( 0.3349999999999999090, 12.35358983848622216, -0.3350000000000001310 ) ) ;
#4823 =( NAMED_UNIT ( * ) PLANE_ANGLE_UNIT ( ) SI_UNIT ( $, .RADIAN. ) );
#4824 = PLANE ( 'NONE',  #2852 ) ;
#4825 = STYLED_ITEM ( 'NONE', ( #1664 ), #4906 ) ;
#4826 = FILL_AREA_STYLE ('',( #3281 ) ) ;
#4827 = VERTEX_POINT ( 'NONE', #3429 ) ;
#4828 = UNCERTAINTY_MEASURE_WITH_UNIT (LENGTH_MEASURE( 1.000000000000000082E-05 ), #1315, 'distance_accuracy_value', 'NONE');
#4829 = CARTESIAN_POINT ( 'NONE',  ( -0.1350000000000003142, 12.69999999999999929, 0.1350000000000002864 ) ) ;
#4830 = EDGE_LOOP ( 'NONE', ( #4554, #4251, #4749, #354 ) ) ;
#4831 =( LENGTH_UNIT ( ) NAMED_UNIT ( * ) SI_UNIT ( .MILLI., .METRE. ) );
#4832 = SURFACE_STYLE_FILL_AREA ( #2074 ) ;
#4833 = CARTESIAN_POINT ( 'NONE',  ( 2.539999999999999591, -0.9100000000000000311, 0.9200000000000009281 ) ) ;
#4834 = ORIENTED_EDGE ( 'NONE', *, *, #1046, .F. ) ;
#4835 =( LENGTH_UNIT ( ) NAMED_UNIT ( * ) SI_UNIT ( .MILLI., .METRE. ) );
#4836 = ORIENTED_EDGE ( 'NONE', *, *, #806, .T. ) ;
#4837 = ADVANCED_FACE ( 'NONE', ( #298 ), #363, .T. ) ;
#4838 = CARTESIAN_POINT ( 'NONE',  ( -4.590000000000000746, 1.399999999999999689, -1.163653726294448854 ) ) ;
#4839 = ORIENTED_EDGE ( 'NONE', *, *, #3637, .F. ) ;
#4840 =( NAMED_UNIT ( * ) PLANE_ANGLE_UNIT ( ) SI_UNIT ( $, .RADIAN. ) );
#4841 = CLOSED_SHELL ( 'NONE', ( #1895, #1994, #1990, #1611, #3981, #2229, #2389, #205, #674, #4385, #1238, #465, #4751, #4299 ) ) ;
#4842 = EDGE_CURVE ( 'NONE', #2026, #3788, #808, .T. ) ;
#4843 = CARTESIAN_POINT ( 'NONE',  ( -0.2359999999999994047, -1.145999999999999686, 0.7700000000000000178 ) ) ;
#4844 = LINE ( 'NONE', #4403, #2050 ) ;
#4845 = DIRECTION ( 'NONE',  ( 0.0000000000000000000, -1.000000000000000000, 0.0000000000000000000 ) ) ;
#4846 = SURFACE_STYLE_FILL_AREA ( #4007 ) ;
#4847 = AXIS2_PLACEMENT_3D ( 'NONE', #4794, #4862, #4763 ) ;
#4848 =( NAMED_UNIT ( * ) SI_UNIT ( $, .STERADIAN. ) SOLID_ANGLE_UNIT ( ) );
#4849 = ORIENTED_EDGE ( 'NONE', *, *, #1551, .F. ) ;
#4850 = ORIENTED_EDGE ( 'NONE', *, *, #929, .F. ) ;
#4851 = VECTOR ( 'NONE', #3538, 999.9999999999998863 ) ;
#4852 = MECHANICAL_DESIGN_GEOMETRIC_PRESENTATION_REPRESENTATION (  '', ( #3494 ), #3290 ) ;
#4853 = FILL_AREA_STYLE_COLOUR ( '', #1806 ) ;
#4854 = SURFACE_STYLE_USAGE ( .BOTH. , #3314 ) ;
#4855 = AXIS2_PLACEMENT_3D ( 'NONE', #839, #854, #3912 ) ;
#4856 =( NAMED_UNIT ( * ) SI_UNIT ( $, .STERADIAN. ) SOLID_ANGLE_UNIT ( ) );
#4857 = ORIENTED_EDGE ( 'NONE', *, *, #4266, .T. ) ;
#4858 = CYLINDRICAL_SURFACE ( 'NONE', #4722, 0.1999999999999998723 ) ;
#4859 = CARTESIAN_POINT ( 'NONE',  ( 0.0000000000000000000, 0.0000000000000000000, 0.0000000000000000000 ) ) ;
#4860 = ORIENTED_EDGE ( 'NONE', *, *, #167, .F. ) ;
#4861 = FACE_OUTER_BOUND ( 'NONE', #3412, .T. ) ;
#4862 = DIRECTION ( 'NONE',  ( -0.7071067811865462405, -0.7071067811865489050, 0.0000000000000000000 ) ) ;
#4863 = PLANE ( 'NONE',  #2378 ) ;
#4864 = ORIENTED_EDGE ( 'NONE', *, *, #3519, .T. ) ;
#4865 = EDGE_CURVE ( 'NONE', #2273, #4229, #2030, .T. ) ;
#4866 = DIRECTION ( 'NONE',  ( 0.7071067811865459074, 0.0000000000000000000, 0.7071067811865491270 ) ) ;
#4867 = COLOUR_RGB ( '',0.1019607843137254888, 0.1019607843137254888, 0.1019607843137254888 ) ;
#4868 = PLANE ( 'NONE',  #543 ) ;
#4869 = ADVANCED_FACE ( 'NONE', ( #3453 ), #2352, .T. ) ;
#4870 = FACE_BOUND ( 'NONE', #267, .T. ) ;
#4871 = PRESENTATION_STYLE_ASSIGNMENT (( #2685 ) ) ;
#4872 = SURFACE_SIDE_STYLE ('',( #1680 ) ) ;
#4873 = UNCERTAINTY_MEASURE_WITH_UNIT (LENGTH_MEASURE( 1.000000000000000082E-05 ), #904, 'distance_accuracy_value', 'NONE');
#4874 = VECTOR ( 'NONE', #173, 1000.000000000000000 ) ;
#4875 =( LENGTH_UNIT ( ) NAMED_UNIT ( * ) SI_UNIT ( .MILLI., .METRE. ) );
#4876 = PRESENTATION_LAYER_ASSIGNMENT (  '', '', ( #3027 ) ) ;
#4877 = ORIENTED_EDGE ( 'NONE', *, *, #3394, .F. ) ;
#4878 = EDGE_LOOP ( 'NONE', ( #2261, #4632, #1856, #2125, #297 ) ) ;
#4879 = VECTOR ( 'NONE', #3541, 1000.000000000000000 ) ;
#4880 = SURFACE_STYLE_FILL_AREA ( #2989 ) ;
#4881 = SURFACE_STYLE_USAGE ( .BOTH. , #3804 ) ;
#4882 = VECTOR ( 'NONE', #2251, 1000.000000000000000 ) ;
#4883 = ORIENTED_EDGE ( 'NONE', *, *, #4112, .F. ) ;
#4884 = FILL_AREA_STYLE_COLOUR ( '', #330 ) ;
#4885 = DIRECTION ( 'NONE',  ( -0.5773502691896261751, -0.5773502691896261751, 0.5773502691896248429 ) ) ;
#4886 = DIRECTION ( 'NONE',  ( 0.0000000000000000000, -0.0000000000000000000, -1.000000000000000000 ) ) ;
#4887 = ORIENTED_EDGE ( 'NONE', *, *, #1969, .F. ) ;
#4888 = CARTESIAN_POINT ( 'NONE',  ( 0.3499999999999983125, 1.199999999999999956, 1.270000000000000018 ) ) ;
#4889 = CARTESIAN_POINT ( 'NONE',  ( 2.887613130875107625, 1.235625935704190326, -1.267613130875109517 ) ) ;
#4890 = EDGE_CURVE ( 'NONE', #1045, #319, #1533, .T. ) ;
#4891 = FILL_AREA_STYLE ('',( #4072 ) ) ;
#4892 = CARTESIAN_POINT ( 'NONE',  ( 5.080000000000000071, -1.400000000000000133, -0.7700000000000000178 ) ) ;
#4893 = LINE ( 'NONE', #616, #2374 ) ;
#4894 = COLOUR_RGB ( '',0.9686274509803921573, 0.8784313725490195957, 0.5999999999999999778 ) ;
#4895 = DIRECTION ( 'NONE',  ( 1.000000000000000000, 0.0000000000000000000, -0.0000000000000000000 ) ) ;
#4896 = CARTESIAN_POINT ( 'NONE',  ( 5.080000000000000071, 1.399999999999999689, -1.069999999999999618 ) ) ;
#4897 = ADVANCED_FACE ( 'NONE', ( #107 ), #3864, .F. ) ;
#4898 =( GEOMETRIC_REPRESENTATION_CONTEXT ( 3 ) GLOBAL_UNCERTAINTY_ASSIGNED_CONTEXT ( ( #1581 ) ) GLOBAL_UNIT_ASSIGNED_CONTEXT ( ( #303, #1840, #3406 ) ) REPRESENTATION_CONTEXT ( 'NONE', 'WORKASPACE' ) );
#4899 = CARTESIAN_POINT ( 'NONE',  ( 0.0000000000000000000, -1.146000000000000352, -0.7700000000000000178 ) ) ;
#4900 = DIRECTION ( 'NONE',  ( 0.0000000000000000000, -0.0000000000000000000, 1.000000000000000000 ) ) ;
#4901 = ORIENTED_EDGE ( 'NONE', *, *, #4890, .F. ) ;
#4902 = VERTEX_POINT ( 'NONE', #2124 ) ;
#4903 = MECHANICAL_DESIGN_GEOMETRIC_PRESENTATION_REPRESENTATION (  '', ( #509 ), #1553 ) ;
#4904 = VECTOR ( 'NONE', #3556, 1000.000000000000000 ) ;
#4905 = SURFACE_SIDE_STYLE ('',( #3646 ) ) ;
#4906 = ADVANCED_FACE ( 'NONE', ( #4015 ), #3655, .F. ) ;
#4907 =( LENGTH_UNIT ( ) NAMED_UNIT ( * ) SI_UNIT ( .MILLI., .METRE. ) );
#4908 = CARTESIAN_POINT ( 'NONE',  ( -3.030000000000001137, -1.399999999999999911, 0.7700000000000001288 ) ) ;
#4909 = SURFACE_STYLE_FILL_AREA ( #3754 ) ;
#4910 = CARTESIAN_POINT ( 'NONE',  ( 2.189999999999999503, -1.259999999999999787, -1.270000000000000018 ) ) ;
#4911 = LINE ( 'NONE', #2631, #3370 ) ;
#4912 = ORIENTED_EDGE ( 'NONE', *, *, #2000, .T. ) ;
#4913 = LINE ( 'NONE', #3738, #721 ) ;
#4914 = CARTESIAN_POINT ( 'NONE',  ( -0.3349999999999999645, 0.0000000000000000000, 0.1349999999999993705 ) ) ;
#4915 = LINE ( 'NONE', #4573, #3395 ) ;
#4916 = SURFACE_STYLE_USAGE ( .BOTH. , #1814 ) ;
#4917 = CARTESIAN_POINT ( 'NONE',  ( 1.832893218813452130, 1.617106781186547160, -1.270000000000000240 ) ) ;
#4918 = UNCERTAINTY_MEASURE_WITH_UNIT (LENGTH_MEASURE( 1.000000000000000082E-05 ), #941, 'distance_accuracy_value', 'NONE');
#4919 = DIRECTION ( 'NONE',  ( -0.7071067811865489050, 0.7071067811865462405, -0.0000000000000000000 ) ) ;
#4920 = CARTESIAN_POINT ( 'NONE',  ( 3.494999999999999662, -1.146000000000000352, -0.3150000000000001132 ) ) ;
#4921 = ORIENTED_EDGE ( 'NONE', *, *, #1417, .F. ) ;
#4922 = EDGE_CURVE ( 'NONE', #1662, #1128, #247, .T. ) ;
#4923 = PRESENTATION_LAYER_ASSIGNMENT (  '', '', ( #610 ) ) ;
#4924 = UNCERTAINTY_MEASURE_WITH_UNIT (LENGTH_MEASURE( 1.000000000000000082E-05 ), #3559, 'distance_accuracy_value', 'NONE');
#4925 = EDGE_LOOP ( 'NONE', ( #3440, #2896, #4234, #1735, #3645, #120, #4439, #3705, #2305, #2287 ) ) ;
#4926 = FACE_OUTER_BOUND ( 'NONE', #780, .T. ) ;
#4927 = DIRECTION ( 'NONE',  ( 0.0000000000000000000, -0.0000000000000000000, 1.000000000000000000 ) ) ;
#4928 = VECTOR ( 'NONE', #2227, 1000.000000000000114 ) ;
#4929 = VECTOR ( 'NONE', #667, 1000.000000000000000 ) ;
#4930 = DIRECTION ( 'NONE',  ( 0.7071067811865482389, 0.0000000000000000000, -0.7071067811865469066 ) ) ;
#4931 = ADVANCED_FACE ( 'NONE', ( #912 ), #4366, .F. ) ;
#4932 = ORIENTED_EDGE ( 'NONE', *, *, #3867, .F. ) ;
#4933 =( NAMED_UNIT ( * ) PLANE_ANGLE_UNIT ( ) SI_UNIT ( $, .RADIAN. ) );
#4934 = CARTESIAN_POINT ( 'NONE',  ( 4.235164736271525577E-18, -0.9099999999999999201, -0.9200000000000002620 ) ) ;
#4935 = NEXT_ASSEMBLY_USAGE_OCCURRENCE ( 'NAUO1', ' ', ' ', #258, #919, $ ) ;
#4936 = NEXT_ASSEMBLY_USAGE_OCCURRENCE ( 'NAUO2', ' ', ' ', #258, #607, $ ) ;
#4937 = NEXT_ASSEMBLY_USAGE_OCCURRENCE ( 'NAUO3', ' ', ' ', #258, #607, $ ) ;
#4938 = NEXT_ASSEMBLY_USAGE_OCCURRENCE ( 'NAUO4', ' ', ' ', #258, #607, $ ) ;
#4939 = NEXT_ASSEMBLY_USAGE_OCCURRENCE ( 'NAUO5', ' ', ' ', #258, #607, $ ) ;
ENDSEC;
END-ISO-10303-21;
